City,Date,Actual_AQI,Predicted_AQI,Actual_Bucket,Predicted_Bucket
Mumbai,2017-01-08,147.0,147.67226551943156,Moderate,Moderate
Mumbai,2016-08-27,54.0,53.86706800226065,Satisfactory,Satisfactory
Patna,2016-05-15,137.0,119.97841238508241,Moderate,Moderate
Patna,2019-05-08,190.0,187.63355825327577,Moderate,Moderate
Lucknow,2017-11-06,339.0,371.17086103273795,Very Poor,Very Poor
Gurugram,2019-09-24,82.0,89.9513265383194,Satisfactory,Satisfactory
Jorapokhar,2019-06-18,107.0,106.51293551657731,Moderate,Moderate
Jaipur,2017-09-18,138.0,143.44378232709076,Moderate,Moderate
Hyderabad,2019-02-27,111.0,120.9928252294249,Moderate,Moderate
Bengaluru,2017-11-04,125.0,105.63565235447442,Moderate,Satisfactory
Lucknow,2017-12-25,395.0,372.2630296808686,Very Poor,Very Poor
Hyderabad,2015-01-10,122.0,125.29977315956103,Moderate,Moderate
Chennai,2015-10-18,109.0,102.85801923228381,Moderate,Moderate
Bengaluru,2016-03-20,253.0,275.587619260281,Poor,Moderate
Bengaluru,2020-03-23,85.0,92.81613268223157,Satisfactory,Satisfactory
Hyderabad,2018-08-15,65.0,53.78655048951278,Satisfactory,Satisfactory
Kolkata,2019-03-05,129.0,166.12957000508794,Moderate,Moderate
Delhi,2017-06-25,148.0,152.28776659714615,Moderate,Moderate
Thiruvananthapuram,2018-01-27,99.0,102.52971960118289,Satisfactory,Moderate
Jorapokhar,2019-07-10,86.0,85.18358442175214,Satisfactory,Satisfactory
Bengaluru,2017-01-21,98.0,95.04265688712893,Satisfactory,Satisfactory
Jorapokhar,2018-03-25,148.0,161.41749345399384,Moderate,Moderate
Mumbai,2015-08-20,54.0,53.86706800226065,Satisfactory,Satisfactory
Lucknow,2017-01-02,324.0,347.03494962480045,Very Poor,Very Poor
Coimbatore,2020-03-09,69.0,70.28874692337881,Satisfactory,Satisfactory
Mumbai,2016-01-14,147.0,147.30983106125043,Moderate,Moderate
Chennai,2017-06-14,81.0,68.53157983856975,Satisfactory,Satisfactory
Bengaluru,2018-12-04,75.0,74.24883644097848,Satisfactory,Satisfactory
Patna,2015-06-21,78.0,80.01079263938225,Satisfactory,Satisfactory
Patna,2015-07-01,66.0,82.18185346795315,Satisfactory,Satisfactory
Patna,2018-01-04,395.0,411.44972294616474,Very Poor,Severe
Mumbai,2015-08-19,54.0,53.86706800226065,Satisfactory,Satisfactory
Amritsar,2019-06-20,121.0,100.36502429680674,Moderate,Satisfactory
Hyderabad,2016-07-15,94.0,77.13292833121594,Satisfactory,Satisfactory
Jaipur,2018-11-11,175.0,180.51892658862536,Moderate,Moderate
Hyderabad,2018-09-15,92.0,87.09495452796642,Satisfactory,Satisfactory
Delhi,2017-11-11,471.0,563.2756879651712,Severe,Severe
Hyderabad,2018-10-02,94.0,94.59968231077463,Satisfactory,Satisfactory
Lucknow,2016-07-16,157.0,177.08556827190228,Moderate,Moderate
Lucknow,2020-06-04,142.0,112.45136097395985,Moderate,Moderate
Bengaluru,2015-11-05,70.0,71.85442437890491,Satisfactory,Satisfactory
Visakhapatnam,2016-11-27,116.0,111.75954129891447,Moderate,Moderate
Patna,2018-06-27,104.0,113.91516867493685,Moderate,Moderate
Thiruvananthapuram,2019-08-15,51.0,49.25704246485638,Satisfactory,Satisfactory
Delhi,2015-12-18,320.0,328.44857953423787,Very Poor,Very Poor
Ahmedabad,2018-01-23,332.0,454.925274623291,Very Poor,Severe
Patna,2020-05-17,239.0,208.99230699099212,Poor,Moderate
Patna,2019-11-04,395.0,408.55349630982823,Very Poor,Very Poor
Chennai,2019-02-04,86.0,84.84424347509234,Satisfactory,Satisfactory
Talcher,2018-03-12,355.0,343.21141800154476,Very Poor,Very Poor
Lucknow,2016-03-27,188.0,159.02411424158493,Moderate,Moderate
Patna,2015-12-20,490.0,570.8190387063917,Severe,Severe
Lucknow,2019-08-15,83.0,96.51413263008416,Satisfactory,Moderate
Amaravati,2019-11-28,121.0,123.43840682121947,Moderate,Moderate
Amritsar,2018-01-02,331.0,325.1161519210665,Very Poor,Very Poor
Ahmedabad,2015-09-08,301.0,297.2272182450484,Very Poor,Very Poor
Hyderabad,2017-11-14,111.0,115.76269928173781,Moderate,Moderate
Amaravati,2019-04-08,75.0,86.35335409264854,Satisfactory,Satisfactory
Hyderabad,2019-03-17,97.0,96.1095237464631,Satisfactory,Satisfactory
Kolkata,2018-07-19,46.0,49.081823540696405,Good,Good
Thiruvananthapuram,2019-05-08,76.0,89.49110985552338,Satisfactory,Satisfactory
Thiruvananthapuram,2019-10-16,71.0,65.82650304861004,Satisfactory,Satisfactory
Jaipur,2020-06-25,76.0,118.86491906334766,Satisfactory,Moderate
Thiruvananthapuram,2020-06-12,49.0,49.3440166477871,Good,Good
Hyderabad,2017-03-21,145.0,153.42582546379901,Moderate,Moderate
Hyderabad,2018-03-27,123.0,126.18020438346237,Moderate,Moderate
Patna,2018-09-10,101.0,123.5635376019061,Moderate,Moderate
Mumbai,2019-10-12,110.0,110.69201271096182,Moderate,Moderate
Jorapokhar,2017-08-08,50.0,49.79617427842605,Good,Good
Amaravati,2019-07-09,37.0,40.71666349683183,Good,Good
Hyderabad,2015-07-01,99.0,92.78840098692112,Satisfactory,Satisfactory
Lucknow,2020-05-27,205.0,219.12524217554557,Poor,Poor
Patna,2020-04-07,142.0,118.28218754043134,Moderate,Moderate
Delhi,2015-02-13,341.0,335.4146843026758,Very Poor,Very Poor
Gurugram,2018-12-09,280.0,357.4414043307763,Poor,Very Poor
Patna,2019-09-03,155.0,107.55837157228119,Moderate,Satisfactory
Ahmedabad,2016-03-04,272.0,270.730912870218,Poor,Poor
Amaravati,2018-12-25,221.0,207.44112523476906,Poor,Moderate
Gurugram,2016-10-17,102.0,126.29004159801289,Moderate,Moderate
Visakhapatnam,2018-10-13,122.0,128.32401907481767,Moderate,Moderate
Delhi,2019-11-17,273.0,315.78058606897866,Poor,Very Poor
Patna,2016-05-12,150.0,158.11066087819893,Moderate,Moderate
Gurugram,2018-01-01,410.0,436.0379796695062,Severe,Severe
Lucknow,2016-11-03,299.0,332.03981640586295,Poor,Very Poor
Jaipur,2019-04-25,135.0,151.807122647452,Moderate,Moderate
Hyderabad,2017-06-06,97.0,92.70187322925352,Satisfactory,Satisfactory
Ahmedabad,2019-09-07,454.0,444.9240673594351,Severe,Severe
Visakhapatnam,2020-06-11,90.0,93.58220918101442,Satisfactory,Satisfactory
Bhopal,2020-03-12,94.0,89.38871555379427,Satisfactory,Satisfactory
Ahmedabad,2019-04-05,537.0,813.2940115047464,Severe,Severe
Talcher,2020-04-14,183.0,139.39179556818075,Moderate,Moderate
Jaipur,2020-04-23,78.0,78.6198660206055,Satisfactory,Satisfactory
Lucknow,2019-09-21,89.0,85.56945770036951,Satisfactory,Satisfactory
Aizawl,2020-06-21,19.0,19.90964772442892,Good,Good
Jorapokhar,2018-06-27,107.0,106.51293551657731,Moderate,Moderate
Jaipur,2019-04-23,154.0,135.9397786719928,Moderate,Moderate
Ahmedabad,2018-07-02,385.0,433.08764518931474,Very Poor,Severe
Talcher,2020-05-22,84.0,96.38552556961622,Satisfactory,Satisfactory
Visakhapatnam,2017-12-07,195.0,198.63649743936926,Moderate,Moderate
Thiruvananthapuram,2018-05-03,65.0,69.4510342617476,Satisfactory,Satisfactory
Gurugram,2018-09-15,81.0,80.69962259443729,Satisfactory,Satisfactory
Chennai,2017-03-24,80.0,80.8414292952474,Satisfactory,Satisfactory
Gurugram,2017-12-21,343.0,332.9996893868265,Very Poor,Very Poor
Ahmedabad,2018-09-01,577.0,607.0586152255443,Severe,Severe
Mumbai,2015-05-16,59.0,59.9847879170474,Satisfactory,Satisfactory
Hyderabad,2016-08-09,86.0,89.78945343010577,Satisfactory,Satisfactory
Jorapokhar,2018-04-10,109.0,108.22831857348845,Moderate,Moderate
Delhi,2015-07-04,250.0,211.3677541959083,Poor,Poor
Chennai,2018-09-20,92.0,96.4896961909977,Satisfactory,Satisfactory
Patna,2018-08-26,107.0,106.33565664322992,Moderate,Moderate
Lucknow,2016-08-30,97.0,99.16537783308476,Satisfactory,Satisfactory
Hyderabad,2019-04-09,91.0,89.05302533477139,Satisfactory,Satisfactory
Hyderabad,2015-06-06,127.0,159.0934031392836,Moderate,Moderate
Brajrajnagar,2020-05-14,178.0,157.2206624232904,Moderate,Moderate
Amritsar,2018-04-04,164.0,159.8709952559884,Moderate,Moderate
Amritsar,2019-03-30,135.0,120.49176929126092,Moderate,Moderate
Visakhapatnam,2018-09-26,98.0,97.96144254080653,Satisfactory,Satisfactory
Mumbai,2016-05-13,59.0,59.9847879170474,Satisfactory,Satisfactory
Chennai,2018-06-23,102.0,108.55042128957356,Moderate,Moderate
Chennai,2019-12-07,76.0,89.56870761819101,Satisfactory,Satisfactory
Guwahati,2019-10-19,110.0,101.32679464281827,Moderate,Moderate
Mumbai,2018-11-07,184.0,136.66943643680807,Moderate,Moderate
Bengaluru,2017-11-11,77.0,78.51688963350279,Satisfactory,Satisfactory
Guwahati,2019-09-29,39.0,49.826822739957535,Good,Good
Brajrajnagar,2019-12-03,129.0,146.0030632962375,Moderate,Moderate
Mumbai,2020-06-28,64.0,60.33347777820723,Satisfactory,Satisfactory
Lucknow,2016-10-12,301.0,249.39218168543903,Very Poor,Poor
Jorapokhar,2018-03-21,214.0,204.38051175619776,Poor,Moderate
Ernakulam,2020-03-28,63.0,66.67955371391434,Satisfactory,Satisfactory
Amaravati,2020-03-25,101.0,73.52340365563947,Moderate,Satisfactory
Guwahati,2019-11-02,112.0,131.5919935836322,Moderate,Moderate
Chennai,2019-07-02,73.0,110.37184304820518,Satisfactory,Moderate
Ahmedabad,2016-07-04,214.0,214.62496201365445,Poor,Poor
Gurugram,2016-12-12,357.0,342.6438445428503,Very Poor,Very Poor
Patna,2019-02-16,264.0,228.84376071387229,Poor,Poor
Patna,2016-06-05,128.0,171.8316641302352,Moderate,Moderate
Bengaluru,2017-04-25,66.0,63.79677849854411,Satisfactory,Satisfactory
Patna,2017-10-02,91.0,101.16887892383984,Satisfactory,Moderate
Amritsar,2018-12-21,110.0,131.74850365842906,Moderate,Moderate
Gurugram,2019-04-07,312.0,321.1842652981049,Very Poor,Very Poor
Hyderabad,2018-02-14,100.0,98.35070741835523,Satisfactory,Moderate
Shillong,2020-03-24,44.0,43.73877392772244,Good,Good
Bengaluru,2016-08-13,37.0,109.58212666819186,Good,Satisfactory
Chennai,2016-02-12,157.0,191.4197349303387,Moderate,Moderate
Amaravati,2018-02-18,87.0,94.04783148395227,Satisfactory,Satisfactory
Ahmedabad,2017-05-28,185.0,183.30344321058791,Moderate,Moderate
Amaravati,2018-02-11,107.0,102.90352946865046,Moderate,Moderate
Delhi,2019-03-23,131.0,136.1731921525844,Moderate,Moderate
Gurugram,2020-04-01,81.0,78.47628409958726,Satisfactory,Satisfactory
Thiruvananthapuram,2019-05-13,59.0,66.62029523916686,Satisfactory,Satisfactory
Lucknow,2018-01-10,398.0,398.3611026162039,Very Poor,Very Poor
Delhi,2020-06-17,110.0,105.06744598584717,Moderate,Moderate
Delhi,2020-02-29,144.0,144.07596738674994,Moderate,Moderate
Bengaluru,2019-08-09,55.0,52.779237021733046,Satisfactory,Satisfactory
Bengaluru,2016-06-09,35.0,22.367138363241775,Good,Good
Delhi,2015-03-03,266.0,293.1145647239777,Poor,Poor
Jaipur,2018-05-15,204.0,207.48825248488447,Poor,Moderate
Hyderabad,2015-12-27,176.0,177.47273539238373,Moderate,Moderate
Mumbai,2019-08-29,57.0,53.8750069790878,Satisfactory,Satisfactory
Jorapokhar,2017-11-07,174.0,173.9562633685355,Moderate,Moderate
Thiruvananthapuram,2020-03-28,78.0,71.93066745248903,Satisfactory,Satisfactory
Mumbai,2019-06-05,64.0,63.89211831568189,Satisfactory,Satisfactory
Patna,2020-06-16,53.0,59.25480328603141,Satisfactory,Satisfactory
Visakhapatnam,2019-06-03,97.0,95.98331586521732,Satisfactory,Satisfactory
Jorapokhar,2018-02-09,145.0,219.69482043624964,Moderate,Poor
Hyderabad,2016-04-23,101.0,100.6122991606446,Moderate,Satisfactory
Ahmedabad,2017-12-26,529.0,472.1016607878398,Severe,Severe
Delhi,2019-02-07,233.0,233.83448406231892,Poor,Poor
Delhi,2019-02-12,357.0,368.87485722042237,Very Poor,Very Poor
Gurugram,2019-01-22,143.0,168.0177849023212,Moderate,Moderate
Delhi,2016-10-17,425.0,378.1834511492577,Severe,Severe
Brajrajnagar,2020-05-21,107.0,107.08009370694683,Moderate,Moderate
Chennai,2018-05-22,82.0,90.77214399317091,Satisfactory,Satisfactory
Jorapokhar,2018-01-10,146.0,151.90482551426345,Moderate,Moderate
Coimbatore,2020-02-18,100.0,97.93494017337377,Satisfactory,Satisfactory
Chennai,2019-07-25,94.0,77.62646470888562,Satisfactory,Satisfactory
Thiruvananthapuram,2019-02-27,78.0,91.9789991615674,Satisfactory,Satisfactory
Gurugram,2017-01-04,490.0,466.752184123146,Severe,Severe
Mumbai,2018-12-09,158.0,147.03035089266746,Moderate,Moderate
Lucknow,2016-10-09,98.0,117.58095671842611,Satisfactory,Moderate
Gurugram,2017-04-05,141.0,173.26106656294442,Moderate,Poor
Thiruvananthapuram,2018-05-25,84.0,69.7614435675048,Satisfactory,Satisfactory
Ahmedabad,2018-01-27,795.0,699.9388918295458,Severe,Severe
Delhi,2016-04-03,314.0,320.54944798817223,Very Poor,Very Poor
Bengaluru,2015-02-15,97.0,95.6094007854249,Satisfactory,Satisfactory
Patna,2017-01-24,353.0,359.2278941703522,Very Poor,Very Poor
Delhi,2016-01-27,456.0,436.1083925673202,Severe,Severe
Hyderabad,2017-07-07,63.0,55.0416189336358,Satisfactory,Satisfactory
Bengaluru,2017-01-14,78.0,95.91108658220953,Satisfactory,Satisfactory
Brajrajnagar,2018-11-28,163.0,165.87948851011697,Moderate,Moderate
Chandigarh,2020-02-01,95.0,72.01944914881138,Satisfactory,Satisfactory
Patna,2019-04-21,189.0,183.09498079565284,Moderate,Moderate
Chennai,2019-05-05,79.0,81.68122402366197,Satisfactory,Satisfactory
Ernakulam,2020-04-02,68.0,68.44867705411392,Satisfactory,Satisfactory
Brajrajnagar,2019-01-31,220.0,152.01136065523986,Poor,Moderate
Jaipur,2017-10-17,249.0,206.33922781843913,Poor,Poor
Shillong,2020-05-10,57.0,44.256690178675974,Satisfactory,Good
Gurugram,2017-02-28,325.0,312.90620203811096,Very Poor,Very Poor
Ahmedabad,2017-04-01,180.0,226.12175853033102,Moderate,Moderate
Delhi,2016-10-16,430.0,350.65716040574694,Severe,Very Poor
Talcher,2018-02-02,241.0,241.297173848093,Poor,Poor
Lucknow,2016-09-22,44.0,100.71755898662954,Good,Moderate
Patna,2019-03-22,255.0,200.5286336137553,Poor,Moderate
Gurugram,2016-04-25,287.0,279.49250839784594,Poor,Poor
Hyderabad,2017-09-18,53.0,40.16124683571858,Satisfactory,Good
Mumbai,2015-06-21,48.0,47.77489144057765,Good,Good
Amritsar,2020-06-11,79.0,83.60619845564844,Satisfactory,Satisfactory
Hyderabad,2016-02-02,120.0,118.87262155861008,Moderate,Moderate
Patna,2016-08-27,73.0,115.00936017549918,Satisfactory,Moderate
Hyderabad,2018-07-06,49.0,62.441980557372,Good,Satisfactory
Chennai,2018-07-24,87.0,98.00180625137178,Satisfactory,Satisfactory
Lucknow,2017-04-01,318.0,297.94681559335476,Very Poor,Very Poor
Visakhapatnam,2019-11-27,169.0,172.37968456788894,Moderate,Moderate
Mumbai,2018-01-14,147.0,147.89114769522374,Moderate,Moderate
Hyderabad,2019-08-21,75.0,80.77830057167553,Satisfactory,Satisfactory
Jorapokhar,2017-05-24,149.0,155.34154060898535,Moderate,Moderate
Visakhapatnam,2018-06-16,158.0,146.40499404648398,Moderate,Moderate
Visakhapatnam,2019-11-02,134.0,181.67180684156455,Moderate,Moderate
Ahmedabad,2019-05-08,346.0,396.52663189983724,Very Poor,Very Poor
Chennai,2016-10-17,197.0,128.47073893283567,Moderate,Moderate
Delhi,2015-08-23,127.0,156.43564193813773,Moderate,Moderate
Visakhapatnam,2017-05-28,81.0,81.01370278241382,Satisfactory,Satisfactory
Gurugram,2016-09-02,55.0,76.00695096348066,Satisfactory,Satisfactory
Hyderabad,2016-06-05,101.0,90.92329868786119,Moderate,Satisfactory
Jorapokhar,2017-06-14,149.0,142.2621549706881,Moderate,Moderate
Talcher,2019-01-17,341.0,338.4825074799881,Very Poor,Very Poor
Hyderabad,2017-10-12,102.0,99.5625484564915,Moderate,Satisfactory
Mumbai,2015-01-31,147.0,147.67226551943156,Moderate,Moderate
Chennai,2019-11-20,47.0,58.44231956837201,Good,Satisfactory
Bengaluru,2015-05-08,142.0,146.9646693815988,Moderate,Moderate
Chennai,2019-10-06,145.0,82.80932033428529,Moderate,Satisfactory
Chandigarh,2019-09-11,107.0,101.84730239323439,Moderate,Satisfactory
Visakhapatnam,2020-04-29,49.0,47.74316578113738,Good,Good
Hyderabad,2020-01-12,140.0,142.19679508814846,Moderate,Moderate
Chennai,2018-02-18,133.0,131.13895787588007,Moderate,Moderate
Gurugram,2017-09-18,107.0,115.45319193024687,Moderate,Moderate
Patna,2019-10-08,257.0,174.40605410357512,Poor,Moderate
Delhi,2018-08-21,105.0,101.85551067229603,Moderate,Moderate
Kolkata,2020-01-09,200.0,215.79263669895366,Moderate,Poor
Jorapokhar,2018-02-05,221.0,228.42834031847883,Poor,Poor
Chennai,2018-02-09,107.0,82.16507106849961,Moderate,Satisfactory
Chennai,2019-10-10,92.0,91.99582387209466,Satisfactory,Satisfactory
Talcher,2018-01-04,304.0,303.0877269817001,Very Poor,Very Poor
Bengaluru,2016-05-04,102.0,96.59089675494756,Moderate,Satisfactory
Lucknow,2020-05-10,122.0,116.22724094403435,Moderate,Moderate
Hyderabad,2016-06-24,88.0,77.26948551443006,Satisfactory,Satisfactory
Bengaluru,2015-10-14,144.0,114.14464493333924,Moderate,Moderate
Visakhapatnam,2017-12-24,268.0,273.3592538354371,Poor,Poor
Bhopal,2020-01-10,120.0,153.79045405605422,Moderate,Moderate
Talcher,2020-04-28,113.0,107.85818145200554,Moderate,Moderate
Lucknow,2016-02-07,394.0,401.3909433979025,Very Poor,Very Poor
Chennai,2016-07-10,74.0,91.92855818917658,Satisfactory,Satisfactory
Ernakulam,2020-06-14,100.0,97.75898578288862,Satisfactory,Moderate
Guwahati,2019-12-04,198.0,199.06757931084837,Moderate,Moderate
Ahmedabad,2016-08-02,751.0,779.2902272727274,Severe,Severe
Hyderabad,2016-12-24,104.0,106.19785659891033,Moderate,Moderate
Lucknow,2016-08-01,97.0,76.49056635315661,Satisfactory,Satisfactory
Brajrajnagar,2019-09-04,81.0,64.02160627983899,Satisfactory,Satisfactory
Bengaluru,2019-01-23,156.0,131.5736020998366,Moderate,Moderate
Mumbai,2018-07-10,56.0,69.37785147100394,Satisfactory,Satisfactory
Coimbatore,2020-03-25,72.0,69.98285639204563,Satisfactory,Satisfactory
Guwahati,2019-09-04,35.0,50.1222008658061,Good,Satisfactory
Delhi,2017-08-09,73.0,83.14387824133591,Satisfactory,Satisfactory
Mumbai,2017-07-06,53.0,53.56552562042305,Satisfactory,Satisfactory
Jaipur,2019-01-14,144.0,133.98109118627133,Moderate,Moderate
Thiruvananthapuram,2020-03-07,64.0,72.92246500986981,Satisfactory,Satisfactory
Bengaluru,2020-01-30,112.0,109.05322801432,Moderate,Moderate
Bengaluru,2015-04-01,151.0,151.00762131426117,Moderate,Moderate
Bhopal,2019-10-12,140.0,142.53125269740244,Moderate,Moderate
Delhi,2015-01-28,295.0,296.82024796583687,Poor,Very Poor
Delhi,2017-01-10,305.0,276.4739934930689,Very Poor,Poor
Bengaluru,2019-05-01,111.0,109.45603743735073,Moderate,Moderate
Delhi,2017-05-28,148.0,159.96168204617032,Moderate,Poor
Bengaluru,2017-04-21,75.0,82.84442318659153,Satisfactory,Satisfactory
Hyderabad,2017-08-13,55.0,62.16590451447637,Satisfactory,Satisfactory
Patna,2020-04-20,131.0,109.75929025548086,Moderate,Moderate
Delhi,2017-05-12,474.0,377.59316458473955,Severe,Very Poor
Visakhapatnam,2019-07-02,88.0,93.30912320726294,Satisfactory,Satisfactory
Patna,2017-08-25,102.0,102.28736043867653,Moderate,Moderate
Gurugram,2016-06-27,160.0,159.86779504692,Moderate,Moderate
Hyderabad,2016-02-16,123.0,97.01591571781083,Moderate,Moderate
Hyderabad,2018-09-06,76.0,77.25044449263882,Satisfactory,Satisfactory
Visakhapatnam,2016-11-05,56.0,56.367125677563536,Satisfactory,Satisfactory
Thiruvananthapuram,2020-03-04,107.0,104.98632506992773,Moderate,Moderate
Patna,2015-08-10,102.0,102.50337989706577,Moderate,Moderate
Kolkata,2019-04-10,66.0,65.94172533484954,Satisfactory,Satisfactory
Guwahati,2019-03-26,306.0,287.5111711216982,Very Poor,Poor
Amritsar,2018-01-06,93.0,98.53197920179917,Satisfactory,Satisfactory
Lucknow,2017-04-26,313.0,282.5120371969781,Very Poor,Poor
Patna,2016-09-27,134.0,103.59116835071679,Moderate,Moderate
Hyderabad,2018-03-12,95.0,102.47509641178914,Satisfactory,Moderate
Bengaluru,2019-08-13,68.0,57.3076749674405,Satisfactory,Satisfactory
Kolkata,2020-03-20,139.0,118.17201550985774,Moderate,Moderate
Chennai,2016-06-20,89.0,106.41324122393388,Satisfactory,Moderate
Hyderabad,2015-01-26,122.0,125.23358826036275,Moderate,Moderate
Lucknow,2015-04-20,167.0,109.83442128600338,Moderate,Moderate
Ahmedabad,2016-09-16,249.0,242.17531588051213,Poor,Poor
Ahmedabad,2019-10-05,614.0,812.9839014467332,Severe,Severe
Ernakulam,2020-04-04,67.0,67.91884694998507,Satisfactory,Satisfactory
Jorapokhar,2018-04-07,490.0,436.8490976904596,Severe,Moderate
Talcher,2018-01-29,304.0,300.8331574686341,Very Poor,Very Poor
Patna,2016-03-30,302.0,292.56648168757687,Very Poor,Poor
Delhi,2016-11-01,550.0,544.234249327519,Severe,Severe
Shillong,2020-01-20,88.0,80.67201731856507,Satisfactory,Satisfactory
Coimbatore,2019-11-29,67.0,59.10750924234185,Satisfactory,Satisfactory
Patna,2019-03-10,316.0,281.9603266685815,Very Poor,Very Poor
Chennai,2017-11-03,62.0,71.0570970219921,Satisfactory,Satisfactory
Hyderabad,2019-07-20,64.0,71.31584116833452,Satisfactory,Satisfactory
Mumbai,2015-08-04,54.0,53.86706800226065,Satisfactory,Satisfactory
Amaravati,2020-02-09,51.0,62.99915013637821,Satisfactory,Satisfactory
Ahmedabad,2019-11-27,411.0,354.407751517899,Severe,Severe
Lucknow,2017-06-08,106.0,133.7197703730323,Moderate,Moderate
Patna,2016-02-08,302.0,295.9278077384762,Very Poor,Very Poor
Jaipur,2019-06-12,95.0,104.42934141263126,Satisfactory,Moderate
Gurugram,2016-04-10,190.0,210.3457501362553,Moderate,Moderate
Lucknow,2015-05-02,175.0,139.81803717285314,Moderate,Moderate
Delhi,2019-08-16,73.0,81.6028133058409,Satisfactory,Satisfactory
Hyderabad,2018-06-03,83.0,80.29791043115016,Satisfactory,Satisfactory
Brajrajnagar,2018-09-21,95.0,96.26954806045694,Satisfactory,Satisfactory
Mumbai,2017-11-27,128.0,129.2086256970978,Moderate,Moderate
Chennai,2020-03-03,96.0,83.36455003860038,Satisfactory,Satisfactory
Gurugram,2016-04-26,278.0,198.25248155588946,Poor,Moderate
Mumbai,2016-01-17,147.0,147.67226551943156,Moderate,Moderate
Delhi,2015-09-25,290.0,187.355998844354,Poor,Poor
Bengaluru,2018-09-08,63.0,64.80255185269625,Satisfactory,Satisfactory
Amaravati,2018-05-07,55.0,73.71720724094064,Satisfactory,Satisfactory
Mumbai,2020-02-08,133.0,135.61570520770235,Moderate,Moderate
Gurugram,2018-11-25,272.0,290.2218660079854,Poor,Poor
Bengaluru,2019-11-09,116.0,119.75901323903145,Moderate,Moderate
Guwahati,2020-03-22,225.0,247.20759054589848,Poor,Poor
Thiruvananthapuram,2019-10-29,77.0,66.77036720982535,Satisfactory,Satisfactory
Ahmedabad,2016-05-31,185.0,183.76530368086296,Moderate,Moderate
Delhi,2019-03-18,221.0,228.0605757043304,Poor,Poor
Thiruvananthapuram,2019-09-14,49.0,48.27065943034706,Good,Good
Jaipur,2020-01-29,91.0,90.52984155301615,Satisfactory,Satisfactory
Patna,2018-06-29,104.0,90.48122914089572,Moderate,Satisfactory
Jaipur,2018-11-13,202.0,166.45902679508072,Poor,Moderate
Brajrajnagar,2017-12-19,155.0,136.67092273718845,Moderate,Moderate
Mumbai,2019-01-20,234.0,221.32743504742487,Poor,Poor
Hyderabad,2015-12-15,100.0,98.40190228942325,Satisfactory,Moderate
Gurugram,2016-09-20,203.0,194.88133529697848,Poor,Moderate
Thiruvananthapuram,2017-11-06,76.0,67.52755660486012,Satisfactory,Satisfactory
Talcher,2018-06-03,201.0,194.26853987886025,Poor,Moderate
Brajrajnagar,2020-03-16,206.0,208.7753719521198,Poor,Poor
Patna,2019-09-07,179.0,117.68997003878847,Moderate,Moderate
Patna,2018-06-02,152.0,155.17314657516235,Moderate,Moderate
Patna,2016-08-17,119.0,105.35882735426296,Moderate,Moderate
Jaipur,2020-03-07,88.0,79.42179509314313,Satisfactory,Satisfactory
Talcher,2018-12-16,231.0,213.69451438677694,Poor,Moderate
Hyderabad,2015-09-25,81.0,126.32652305317256,Satisfactory,Moderate
Bengaluru,2016-06-07,23.0,26.99394361093921,Good,Good
Ahmedabad,2020-04-05,152.0,152.46393486266072,Moderate,Moderate
Mumbai,2018-10-20,114.0,128.04470222065893,Moderate,Moderate
Chennai,2020-03-18,92.0,74.62883359298381,Satisfactory,Satisfactory
Brajrajnagar,2019-08-09,90.0,86.58984543834917,Satisfactory,Satisfactory
Delhi,2017-09-04,89.0,88.64618145844746,Satisfactory,Satisfactory
Delhi,2015-08-30,266.0,250.86136972746846,Poor,Poor
Gurugram,2019-11-14,488.0,533.8228296349,Severe,Severe
Visakhapatnam,2017-01-26,173.0,158.65904163405838,Moderate,Moderate
Ahmedabad,2017-12-23,306.0,466.26428571428573,Very Poor,Severe
Talcher,2018-08-06,113.0,105.74350048217619,Moderate,Moderate
Bengaluru,2018-06-10,51.0,56.68984868000185,Satisfactory,Satisfactory
Mumbai,2019-06-11,90.0,73.67033352788492,Satisfactory,Satisfactory
Mumbai,2018-01-25,147.0,147.67226551943156,Moderate,Moderate
Chennai,2019-04-12,100.0,113.08472119049496,Satisfactory,Moderate
Visakhapatnam,2020-01-28,115.0,124.27028464823324,Moderate,Moderate
Ahmedabad,2017-12-14,400.0,394.03240635487475,Very Poor,Severe
Mumbai,2017-07-05,53.0,53.56552562042305,Satisfactory,Satisfactory
Patna,2018-03-23,335.0,303.0185378719659,Very Poor,Very Poor
Amritsar,2017-04-10,57.0,53.07025904201857,Satisfactory,Satisfactory
Talcher,2018-09-13,38.0,41.86305932941225,Good,Good
Lucknow,2018-08-22,89.0,87.32140002455859,Satisfactory,Satisfactory
Chennai,2020-05-06,78.0,79.59538896770485,Satisfactory,Satisfactory
Delhi,2018-10-29,397.0,415.86977627058053,Very Poor,Severe
Hyderabad,2017-10-29,145.0,140.01336282468074,Moderate,Moderate
Kochi,2020-06-04,105.0,99.07403903199649,Moderate,Moderate
Coimbatore,2020-04-10,78.0,67.2787171519715,Satisfactory,Satisfactory
Delhi,2020-02-01,244.0,241.92977860116974,Poor,Poor
Coimbatore,2019-10-24,92.0,90.96571806176857,Satisfactory,Satisfactory
Talcher,2019-08-07,99.0,95.02514559399961,Satisfactory,Satisfactory
Brajrajnagar,2018-10-23,112.0,102.41677580594082,Moderate,Moderate
Bengaluru,2015-04-22,47.0,102.10008615320868,Good,Moderate
Coimbatore,2019-08-30,72.0,74.93532049233079,Satisfactory,Satisfactory
Aizawl,2020-04-14,64.0,57.76255074108348,Satisfactory,Satisfactory
Chennai,2016-03-07,135.0,120.39514871111749,Moderate,Moderate
Hyderabad,2017-09-24,95.0,71.85321427068438,Satisfactory,Satisfactory
Bengaluru,2017-07-22,132.0,114.1608112756001,Moderate,Satisfactory
Hyderabad,2018-07-25,52.0,53.97948310663059,Satisfactory,Satisfactory
Coimbatore,2019-11-02,67.0,58.64398841206185,Satisfactory,Satisfactory
Thiruvananthapuram,2020-05-07,59.0,61.84481356235444,Satisfactory,Satisfactory
Amaravati,2018-01-09,230.0,192.84261847376064,Poor,Moderate
Kolkata,2019-11-01,249.0,249.394451128116,Poor,Poor
Hyderabad,2019-04-19,94.0,86.9320681377016,Satisfactory,Satisfactory
Chennai,2015-04-26,102.0,171.01870906214896,Moderate,Moderate
Mumbai,2018-04-13,72.0,73.2807630136187,Satisfactory,Satisfactory
Brajrajnagar,2019-08-16,103.0,94.2897359786858,Moderate,Satisfactory
Amaravati,2020-01-12,147.0,143.4014327141909,Moderate,Moderate
Bengaluru,2018-07-31,62.0,67.24019897875857,Satisfactory,Satisfactory
Jorapokhar,2019-10-24,103.0,101.26876708972583,Moderate,Moderate
Ahmedabad,2016-10-06,301.0,277.38459334793475,Very Poor,Poor
Thiruvananthapuram,2018-11-10,93.0,93.39581059022854,Satisfactory,Satisfactory
Jorapokhar,2020-06-13,105.0,109.76009670398666,Moderate,Moderate
Jorapokhar,2018-03-24,197.0,174.17846923832397,Moderate,Moderate
Patna,2015-10-17,193.0,208.77476071934979,Moderate,Poor
Mumbai,2015-06-02,48.0,47.78058066363529,Good,Good
Ahmedabad,2019-08-12,573.0,557.1250653140185,Severe,Severe
Lucknow,2019-03-12,279.0,255.10836500765464,Poor,Poor
Mumbai,2019-11-12,134.0,126.7674764528941,Moderate,Moderate
Gurugram,2020-05-02,152.0,135.87616139390283,Moderate,Moderate
Gurugram,2019-06-12,327.0,289.76959856858156,Very Poor,Poor
Talcher,2020-02-24,113.0,112.15142706127489,Moderate,Moderate
Chennai,2019-08-23,52.0,80.9457083206571,Satisfactory,Satisfactory
Bengaluru,2018-11-04,74.0,81.04016881708333,Satisfactory,Satisfactory
Mumbai,2016-02-01,135.0,139.74817447188983,Moderate,Moderate
Patna,2017-11-28,407.0,410.7286506429917,Severe,Severe
Chennai,2017-08-10,48.0,63.076384777379516,Good,Satisfactory
Jorapokhar,2019-11-07,173.0,180.57756815760985,Moderate,Moderate
Lucknow,2016-06-16,105.0,123.11783592818998,Moderate,Moderate
Delhi,2019-05-29,191.0,178.3655186295582,Moderate,Moderate
Jaipur,2018-02-09,140.0,150.2545415420013,Moderate,Moderate
Hyderabad,2019-05-09,132.0,131.33176106410392,Moderate,Moderate
Patna,2017-09-03,102.0,102.47761340439338,Moderate,Moderate
Patna,2019-01-24,281.0,331.03749825363366,Poor,Very Poor
Lucknow,2015-09-04,113.0,110.02545585267357,Moderate,Moderate
Coimbatore,2020-06-13,34.0,33.27609893856864,Good,Good
Patna,2015-09-22,102.0,104.42115305645368,Moderate,Moderate
Mumbai,2019-04-17,93.0,96.066146624572,Satisfactory,Satisfactory
Delhi,2016-04-24,282.0,290.1161489222041,Poor,Poor
Mumbai,2015-05-23,59.0,59.9847879170474,Satisfactory,Satisfactory
Ahmedabad,2018-12-28,1319.0,1095.604940947941,Severe,Severe
Mumbai,2017-12-21,137.0,137.09044071609668,Moderate,Moderate
Gurugram,2015-12-22,338.0,336.6396412814414,Very Poor,Very Poor
Mumbai,2018-04-29,72.0,70.88646738238639,Satisfactory,Satisfactory
Chandigarh,2020-05-28,98.0,94.33774676586494,Satisfactory,Satisfactory
Chennai,2018-12-13,154.0,126.41500283624846,Moderate,Moderate
Jaipur,2020-04-04,76.0,66.95752084777537,Satisfactory,Satisfactory
Mumbai,2016-12-31,137.0,137.09044071609668,Moderate,Moderate
Thiruvananthapuram,2020-02-04,65.0,70.04967058197568,Satisfactory,Satisfactory
Gurugram,2016-07-04,92.0,92.81386224777089,Satisfactory,Satisfactory
Brajrajnagar,2019-04-23,128.0,129.93687233950735,Moderate,Moderate
Amaravati,2018-05-02,78.0,80.05214889186966,Satisfactory,Satisfactory
Delhi,2020-03-26,93.0,88.06578099400714,Satisfactory,Satisfactory
Patna,2017-02-24,161.0,157.7410637945461,Moderate,Moderate
Hyderabad,2015-09-28,138.0,187.5995655593807,Moderate,Moderate
Jaipur,2018-09-24,62.0,59.52279751912491,Satisfactory,Satisfactory
Lucknow,2017-01-24,324.0,329.766216777496,Very Poor,Very Poor
Jaipur,2019-04-02,109.0,106.37192180149164,Moderate,Moderate
Jorapokhar,2019-07-24,111.0,132.11081596369547,Moderate,Moderate
Amaravati,2019-12-18,137.0,112.89818249413102,Moderate,Moderate
Lucknow,2020-04-02,115.0,109.6330600702493,Moderate,Moderate
Jorapokhar,2018-11-29,340.0,368.62186501423145,Very Poor,Very Poor
Chandigarh,2020-06-25,37.0,41.88499336499084,Good,Good
Shillong,2019-09-06,25.0,81.27631335903128,Good,Satisfactory
Brajrajnagar,2018-11-01,59.0,88.53227978029464,Satisfactory,Satisfactory
Coimbatore,2020-05-26,50.0,52.365415338664185,Good,Satisfactory
Thiruvananthapuram,2018-12-18,116.0,151.42435255731718,Moderate,Moderate
Amaravati,2017-12-25,242.0,254.2184147059454,Poor,Poor
Lucknow,2018-11-25,294.0,318.9730316057576,Poor,Very Poor
Lucknow,2015-03-26,116.0,115.83367126262985,Moderate,Moderate
Ahmedabad,2017-02-01,322.0,318.87755173151464,Very Poor,Very Poor
Gurugram,2018-07-31,112.0,121.8697511300114,Moderate,Moderate
Jaipur,2018-10-08,116.0,111.67498137781803,Moderate,Moderate
Amritsar,2018-11-19,117.0,136.06935633901233,Moderate,Moderate
Shillong,2020-01-31,71.0,86.30075281724065,Satisfactory,Satisfactory
Hyderabad,2017-04-11,192.0,182.24095727428568,Moderate,Moderate
Hyderabad,2017-07-16,86.0,62.199514976192425,Satisfactory,Satisfactory
Amaravati,2017-12-29,177.0,181.73019578925852,Moderate,Moderate
Visakhapatnam,2017-01-23,126.0,141.12043505008103,Moderate,Moderate
Amaravati,2018-03-22,92.0,97.69959603200766,Satisfactory,Satisfactory
Kolkata,2020-01-10,179.0,193.56238291766363,Moderate,Moderate
Amaravati,2018-06-15,128.0,104.89111002447122,Moderate,Satisfactory
Hyderabad,2019-03-31,124.0,130.55384676996457,Moderate,Moderate
Brajrajnagar,2019-04-29,255.0,270.78429179614506,Poor,Poor
Ahmedabad,2018-12-04,605.0,535.7005422923816,Severe,Severe
Chandigarh,2019-12-08,142.0,135.0103938858102,Moderate,Moderate
Hyderabad,2019-11-30,127.0,128.44921562626843,Moderate,Moderate
Amaravati,2018-03-09,113.0,117.29666871814716,Moderate,Moderate
Shillong,2019-11-01,21.0,34.808621255527356,Good,Good
Visakhapatnam,2017-09-27,87.0,85.73454743356126,Satisfactory,Satisfactory
Patna,2017-10-09,128.0,118.4831686452805,Moderate,Moderate
Gurugram,2017-10-02,247.0,224.77768550403988,Poor,Poor
Lucknow,2016-06-18,121.0,196.5810447424068,Moderate,Moderate
Mumbai,2018-06-01,75.0,68.09302037802996,Satisfactory,Satisfactory
Amaravati,2019-06-08,71.0,73.76862799121527,Satisfactory,Satisfactory
Mumbai,2015-05-04,59.0,60.036250364705154,Satisfactory,Satisfactory
Talcher,2019-02-10,211.0,251.4744131325293,Poor,Poor
Kolkata,2019-04-22,87.0,89.00899261957485,Satisfactory,Satisfactory
Amaravati,2019-07-13,48.0,60.30447466915592,Good,Satisfactory
Bengaluru,2016-05-06,59.0,88.86621707760918,Satisfactory,Satisfactory
Bengaluru,2018-05-07,151.0,96.36151922495958,Moderate,Satisfactory
Chennai,2016-04-04,137.0,157.9673292437566,Moderate,Moderate
Mumbai,2016-12-08,137.0,137.09044071609668,Moderate,Moderate
Kochi,2020-06-09,98.0,100.63933583553575,Satisfactory,Moderate
Delhi,2019-07-23,156.0,145.0022240741743,Moderate,Moderate
Jaipur,2017-12-22,96.0,107.42738095755988,Satisfactory,Satisfactory
Chennai,2018-12-21,81.0,75.46646433759173,Satisfactory,Satisfactory
Lucknow,2018-09-22,64.0,97.54330451119625,Satisfactory,Moderate
Mumbai,2020-05-30,49.0,49.53017744500363,Good,Good
Amaravati,2018-07-02,76.0,73.01612612399535,Satisfactory,Satisfactory
Coimbatore,2019-11-10,69.0,64.20047806036345,Satisfactory,Satisfactory
Talcher,2018-12-14,269.0,221.60227829858556,Poor,Poor
Mumbai,2015-01-14,147.0,147.67226551943156,Moderate,Moderate
Delhi,2018-07-19,106.0,92.86665385287328,Moderate,Satisfactory
Ahmedabad,2015-08-06,172.0,178.82826082115167,Moderate,Moderate
Visakhapatnam,2017-08-15,91.0,89.75475951298114,Satisfactory,Satisfactory
Hyderabad,2016-06-15,199.0,327.60426041990553,Moderate,Moderate
Amritsar,2019-04-08,90.0,99.34135645250211,Satisfactory,Moderate
Hyderabad,2016-12-12,103.0,104.99886892651068,Moderate,Moderate
Mumbai,2016-03-25,106.0,106.18021398589495,Moderate,Moderate
Shillong,2020-06-27,35.0,29.80716254571912,Good,Good
Bhopal,2019-11-15,224.0,239.1033230418142,Poor,Poor
Mumbai,2020-03-19,113.0,107.95970720937078,Moderate,Moderate
Kolkata,2018-09-20,80.0,97.44786102022448,Satisfactory,Satisfactory
Visakhapatnam,2019-12-04,125.0,132.68742095442602,Moderate,Moderate
Amaravati,2019-11-20,162.0,140.93890562783952,Moderate,Moderate
Hyderabad,2019-12-31,107.0,114.089861008604,Moderate,Moderate
Delhi,2015-12-12,379.0,379.84797391586375,Very Poor,Very Poor
Amritsar,2017-04-17,82.0,91.97360698942397,Satisfactory,Satisfactory
Thiruvananthapuram,2018-05-15,64.0,61.650449768841746,Satisfactory,Satisfactory
Jorapokhar,2018-05-09,105.0,105.39318013833788,Moderate,Moderate
Hyderabad,2016-03-16,106.0,100.18112970771944,Moderate,Moderate
Jorapokhar,2017-04-24,124.0,129.54842958961183,Moderate,Moderate
Delhi,2017-01-23,379.0,384.0518649233798,Very Poor,Very Poor
Thiruvananthapuram,2019-10-04,60.0,62.51697095762834,Satisfactory,Satisfactory
Mumbai,2015-05-19,59.0,59.9847879170474,Satisfactory,Satisfactory
Hyderabad,2015-03-04,103.0,103.48996596071176,Moderate,Moderate
Amritsar,2018-01-22,125.0,137.00925696429755,Moderate,Moderate
Ahmedabad,2016-02-28,322.0,319.09886435186536,Very Poor,Very Poor
Lucknow,2018-05-07,209.0,236.90861579210872,Poor,Poor
Lucknow,2019-12-17,164.0,174.37649845197237,Moderate,Moderate
Chennai,2019-11-08,294.0,302.2161354350534,Poor,Poor
Bengaluru,2016-01-31,183.0,232.76018983618735,Moderate,Poor
Lucknow,2018-09-12,96.0,96.08776396024747,Satisfactory,Satisfactory
Hyderabad,2015-07-20,41.0,46.33181378134257,Good,Good
Chennai,2015-11-02,142.0,117.19874149124298,Moderate,Moderate
Visakhapatnam,2020-03-08,69.0,62.33236419898075,Satisfactory,Satisfactory
Hyderabad,2015-09-09,162.0,100.25839106357364,Moderate,Moderate
Ernakulam,2020-01-28,180.0,137.26350571670065,Moderate,Moderate
Jorapokhar,2018-02-04,205.0,176.13395996514623,Poor,Moderate
Shillong,2020-06-26,25.0,19.521867092418532,Good,Good
Amritsar,2017-06-27,100.0,97.06034466314108,Satisfactory,Satisfactory
Delhi,2018-02-03,277.0,288.7330067410905,Poor,Poor
Patna,2016-03-25,302.0,296.7096505624804,Very Poor,Very Poor
Lucknow,2020-04-11,121.0,107.61477696200467,Moderate,Moderate
Ahmedabad,2017-01-03,318.0,318.0074270732912,Very Poor,Very Poor
Lucknow,2019-12-16,153.0,152.25979888882236,Moderate,Moderate
Mumbai,2015-03-13,106.0,106.18021398589495,Moderate,Moderate
Chennai,2018-08-20,152.0,125.8418790993312,Moderate,Moderate
Chandigarh,2019-10-05,72.0,76.9619551201557,Satisfactory,Satisfactory
Brajrajnagar,2018-04-24,131.0,149.56432656405153,Moderate,Moderate
Chennai,2018-04-08,62.0,86.39940054445997,Satisfactory,Satisfactory
Jorapokhar,2019-06-16,107.0,106.51293551657731,Moderate,Moderate
Ahmedabad,2017-12-28,773.0,832.7813740842491,Severe,Severe
Brajrajnagar,2019-11-17,126.0,145.90782514054536,Moderate,Moderate
Talcher,2019-05-14,135.0,139.18122318774306,Moderate,Moderate
Bengaluru,2016-11-06,90.0,91.46760157556785,Satisfactory,Satisfactory
Delhi,2019-12-31,417.0,454.08502450380286,Severe,Severe
Talcher,2018-01-31,304.0,301.833268621985,Very Poor,Very Poor
Brajrajnagar,2018-10-30,99.0,132.42538958789092,Satisfactory,Moderate
Lucknow,2019-05-19,144.0,175.21451402605652,Moderate,Moderate
Bhopal,2019-10-25,181.0,162.59397414714664,Moderate,Moderate
Brajrajnagar,2020-04-30,80.0,97.54594805433126,Satisfactory,Satisfactory
Gurugram,2016-04-13,156.0,167.94473456094104,Moderate,Moderate
Bengaluru,2018-12-19,142.0,151.86032922308397,Moderate,Moderate
Brajrajnagar,2020-05-10,117.0,108.5747218572763,Moderate,Moderate
Visakhapatnam,2019-06-19,153.0,142.38688261835657,Moderate,Moderate
Bengaluru,2018-10-09,80.0,78.81469151674074,Satisfactory,Satisfactory
Hyderabad,2015-12-26,174.0,166.57707538501307,Moderate,Moderate
Amaravati,2019-08-18,34.0,42.86579302670166,Good,Good
Visakhapatnam,2018-04-20,65.0,69.3611348429808,Satisfactory,Satisfactory
Delhi,2019-03-14,281.0,234.7344966500316,Poor,Poor
Visakhapatnam,2019-06-06,117.0,105.73213740046504,Moderate,Moderate
Amritsar,2019-06-26,66.0,69.44683346066725,Satisfactory,Satisfactory
Amaravati,2019-04-03,58.0,74.00002456913121,Satisfactory,Satisfactory
Guwahati,2020-05-17,49.0,43.523977772167484,Good,Good
Bengaluru,2018-03-24,100.0,128.1940263543166,Satisfactory,Moderate
Lucknow,2020-01-09,247.0,267.3313016901895,Poor,Poor
Jaipur,2018-10-28,186.0,175.10736848770983,Moderate,Moderate
Guwahati,2019-12-09,251.0,241.35902075842037,Poor,Poor
Hyderabad,2019-08-07,46.0,47.4880878532046,Good,Good
Patna,2019-06-22,108.0,102.44679211673858,Moderate,Moderate
Lucknow,2019-03-22,139.0,172.68259378285123,Moderate,Moderate
Lucknow,2018-04-08,102.0,121.8482097131776,Moderate,Moderate
Bengaluru,2016-09-13,60.0,61.817970656757126,Satisfactory,Satisfactory
Lucknow,2018-10-20,246.0,277.06235567116704,Poor,Poor
Talcher,2018-09-02,38.0,41.9408865352946,Good,Good
Chandigarh,2019-10-11,107.0,110.76927420465972,Moderate,Moderate
Lucknow,2018-12-26,346.0,345.8409851182807,Very Poor,Very Poor
Kolkata,2019-04-03,88.0,83.44359714028592,Satisfactory,Satisfactory
Delhi,2020-02-14,186.0,198.37056322741057,Moderate,Poor
Gurugram,2018-12-30,423.0,434.3654885899065,Severe,Severe
Chennai,2018-10-07,65.0,74.16067385892693,Satisfactory,Satisfactory
Hyderabad,2018-09-23,65.0,65.63114625210295,Satisfactory,Satisfactory
Lucknow,2015-07-16,136.0,155.37689179469982,Moderate,Moderate
Thiruvananthapuram,2019-02-11,71.0,74.27344337687485,Satisfactory,Satisfactory
Thiruvananthapuram,2019-09-06,53.0,54.763131858233734,Satisfactory,Satisfactory
Amritsar,2018-01-18,165.0,148.94565517258462,Moderate,Moderate
Mumbai,2018-02-13,135.0,135.17845051082097,Moderate,Moderate
Visakhapatnam,2017-10-05,51.0,52.2245555847643,Satisfactory,Satisfactory
Hyderabad,2017-06-21,70.0,68.51617279734299,Satisfactory,Satisfactory
Patna,2016-05-04,157.0,189.5021402390924,Moderate,Moderate
Patna,2018-04-30,173.0,161.14124562182963,Moderate,Moderate
Brajrajnagar,2020-04-02,160.0,159.20816897098462,Moderate,Moderate
Chandigarh,2019-10-23,104.0,106.13450311331435,Moderate,Moderate
Shillong,2019-09-08,33.0,33.231522542763884,Good,Good
Amaravati,2019-09-05,67.0,68.4339983565123,Satisfactory,Satisfactory
Chennai,2016-07-13,69.0,62.71657093958156,Satisfactory,Satisfactory
Lucknow,2016-12-02,396.0,370.333700646858,Very Poor,Very Poor
Talcher,2018-04-29,100.0,101.39783328774291,Satisfactory,Moderate
Bengaluru,2020-02-24,82.0,84.73560649072415,Satisfactory,Satisfactory
Ahmedabad,2016-05-14,185.0,183.30344321058791,Moderate,Moderate
Gurugram,2019-03-21,243.0,242.42251655771923,Poor,Poor
Delhi,2016-12-31,338.0,373.4034707237367,Very Poor,Very Poor
Thiruvananthapuram,2019-10-21,51.0,57.27721134438229,Satisfactory,Satisfactory
Lucknow,2015-05-01,162.0,191.87099161692782,Moderate,Poor
Ahmedabad,2015-01-07,887.0,994.3677272727274,Severe,Severe
Bengaluru,2018-03-12,92.0,104.91537280976789,Satisfactory,Moderate
Ahmedabad,2015-04-07,314.0,348.66956843651883,Very Poor,Very Poor
Gurugram,2018-01-07,410.0,390.756028411771,Severe,Very Poor
Lucknow,2017-07-01,89.0,118.06498879670445,Satisfactory,Moderate
Brajrajnagar,2018-01-15,217.0,218.11922856819422,Poor,Poor
Mumbai,2018-10-09,103.0,107.99005875433927,Moderate,Moderate
Chennai,2019-02-28,100.0,158.1136637135984,Satisfactory,Moderate
Hyderabad,2015-05-04,113.0,103.41697777571204,Moderate,Moderate
Jaipur,2020-05-30,115.0,124.1624430939683,Moderate,Moderate
Delhi,2020-01-29,218.0,203.60809404912246,Poor,Poor
Gurugram,2020-01-27,280.0,285.97976831376445,Poor,Poor
Gurugram,2018-03-20,161.0,180.92953817459494,Moderate,Moderate
Brajrajnagar,2018-05-05,124.0,136.93705234166129,Moderate,Moderate
Chennai,2015-06-14,117.0,121.91638912441913,Moderate,Moderate
Bengaluru,2015-01-27,84.0,110.99989440506256,Satisfactory,Moderate
Mumbai,2015-12-31,137.0,137.09044071609668,Moderate,Moderate
Visakhapatnam,2020-01-02,94.0,105.14288959666757,Satisfactory,Moderate
Ernakulam,2020-06-04,90.0,93.73159384920221,Satisfactory,Satisfactory
Chennai,2019-01-06,186.0,174.62860074883517,Moderate,Moderate
Visakhapatnam,2019-11-21,114.0,138.5840894668532,Moderate,Moderate
Coimbatore,2019-11-24,73.0,71.29540416142041,Satisfactory,Satisfactory
Mumbai,2015-07-13,53.0,53.679004495933334,Satisfactory,Satisfactory
Delhi,2019-10-28,417.0,435.8910736149215,Severe,Severe
Hyderabad,2017-08-10,71.0,65.29095706189963,Satisfactory,Satisfactory
Lucknow,2017-03-11,97.0,136.34857525305586,Satisfactory,Moderate
Brajrajnagar,2018-08-19,54.0,54.003114629940754,Satisfactory,Satisfactory
Delhi,2017-05-20,334.0,367.2348200598159,Very Poor,Very Poor
Mumbai,2020-03-30,77.0,71.65064210553125,Satisfactory,Satisfactory
Gurugram,2016-11-27,212.0,192.22086065324723,Poor,Poor
Hyderabad,2019-04-06,89.0,89.16357030538205,Satisfactory,Satisfactory
Visakhapatnam,2020-04-30,61.0,58.11559939505875,Satisfactory,Satisfactory
Lucknow,2019-04-01,137.0,174.1659623074553,Moderate,Moderate
Ahmedabad,2016-04-07,180.0,180.84547983687185,Moderate,Moderate
Lucknow,2017-08-10,146.0,136.38087479142925,Moderate,Moderate
Coimbatore,2020-07-01,57.0,49.92786955888466,Satisfactory,Good
Ahmedabad,2019-12-10,458.0,500.0523059115456,Severe,Severe
Delhi,2016-06-23,228.0,204.04507755807379,Poor,Poor
Mumbai,2017-09-14,55.0,54.36338552105759,Satisfactory,Satisfactory
Hyderabad,2020-02-29,91.0,94.91767090570531,Satisfactory,Satisfactory
Amritsar,2017-09-24,108.0,135.15154816469644,Moderate,Moderate
Patna,2020-01-15,311.0,347.48464820111406,Very Poor,Very Poor
Delhi,2018-04-29,259.0,251.55249297247775,Poor,Poor
Jorapokhar,2017-12-15,194.0,193.03349097411825,Moderate,Moderate
Hyderabad,2015-09-07,114.0,136.35452410742892,Moderate,Moderate
Guwahati,2019-06-30,55.0,61.116481397874374,Satisfactory,Satisfactory
Chennai,2017-02-22,92.0,94.79761230684133,Satisfactory,Satisfactory
Hyderabad,2015-05-12,130.0,109.64265471080132,Moderate,Moderate
Patna,2017-02-23,155.0,201.69567825171507,Moderate,Poor
Amaravati,2020-04-02,59.0,66.98921788686864,Satisfactory,Satisfactory
Gurugram,2020-03-03,175.0,172.8030795330628,Moderate,Moderate
Hyderabad,2016-11-19,141.0,125.24280469450736,Moderate,Moderate
Shillong,2020-01-14,60.0,56.29154291978898,Satisfactory,Satisfactory
Bengaluru,2016-07-10,30.0,58.718479720284634,Good,Satisfactory
Mumbai,2020-06-26,57.0,56.018442466811486,Satisfactory,Satisfactory
Hyderabad,2015-09-24,136.0,143.52150182211312,Moderate,Moderate
Amaravati,2017-12-12,179.0,186.17894636410975,Moderate,Moderate
Chennai,2018-01-03,105.0,99.52209625196383,Moderate,Satisfactory
Hyderabad,2016-06-14,125.0,89.64803014786737,Moderate,Satisfactory
Coimbatore,2020-04-30,74.0,80.18977287696543,Satisfactory,Satisfactory
Patna,2016-04-04,198.0,214.49277064565757,Moderate,Poor
Gurugram,2018-12-25,362.0,343.0430370537477,Very Poor,Very Poor
Mumbai,2015-11-14,128.0,129.33002189897138,Moderate,Moderate
Hyderabad,2016-01-01,387.0,301.47069019887937,Very Poor,Poor
Chennai,2019-09-21,106.0,102.12787272405988,Moderate,Satisfactory
Patna,2018-03-07,179.0,201.58018409348017,Moderate,Moderate
Amaravati,2018-12-15,217.0,211.359464052804,Poor,Poor
Gurugram,2019-01-24,294.0,230.75769778074317,Poor,Poor
Hyderabad,2015-12-02,95.0,92.48529540367049,Satisfactory,Satisfactory
Bhopal,2020-02-01,99.0,105.42236119548593,Satisfactory,Moderate
Amaravati,2019-01-08,298.0,293.5014485984718,Poor,Very Poor
Chennai,2020-03-20,95.0,80.50353016482691,Satisfactory,Satisfactory
Brajrajnagar,2020-02-20,172.0,167.78699355841138,Moderate,Moderate
Hyderabad,2016-05-02,104.0,96.97875712438729,Moderate,Satisfactory
Bengaluru,2018-12-26,118.0,108.42691292411759,Moderate,Moderate
Delhi,2016-09-18,266.0,202.75581932266402,Poor,Poor
Jaipur,2018-04-26,136.0,146.31717255408958,Moderate,Moderate
Lucknow,2017-05-30,74.0,99.0923101821202,Satisfactory,Moderate
Lucknow,2017-12-01,434.0,434.5001392841314,Severe,Severe
Hyderabad,2020-06-08,54.0,66.65592553841672,Satisfactory,Satisfactory
Amaravati,2020-06-08,54.0,52.416731095936846,Satisfactory,Satisfactory
Hyderabad,2017-07-21,50.0,46.20060483097268,Good,Good
Amaravati,2020-06-06,44.0,54.88679185090467,Good,Satisfactory
Jorapokhar,2018-06-20,107.0,106.51293551657731,Moderate,Moderate
Patna,2020-06-05,97.0,86.38506472751587,Satisfactory,Satisfactory
Chennai,2017-09-16,77.0,71.65625173378523,Satisfactory,Satisfactory
Gurugram,2019-11-03,607.0,557.6113195187166,Severe,Severe
Patna,2020-02-18,184.0,183.7929712916728,Moderate,Moderate
Talcher,2020-01-18,317.0,309.039887313664,Very Poor,Very Poor
Ahmedabad,2020-04-21,87.0,81.25779079042186,Satisfactory,Satisfactory
Visakhapatnam,2019-01-31,117.0,145.55087760533263,Moderate,Moderate
Hyderabad,2016-02-21,442.0,565.5683071486678,Severe,Poor
Thiruvananthapuram,2020-05-06,66.0,60.58953524486928,Satisfactory,Satisfactory
Lucknow,2016-11-06,450.0,450.2560182712025,Severe,Very Poor
Chennai,2015-03-30,319.0,257.3077335024992,Very Poor,Poor
Delhi,2015-03-22,204.0,235.72171715330657,Poor,Poor
Lucknow,2019-10-22,288.0,298.43478095237305,Poor,Poor
Brajrajnagar,2020-01-18,188.0,211.48216168637606,Moderate,Moderate
Patna,2017-09-11,102.0,102.47761340439338,Moderate,Moderate
Thiruvananthapuram,2019-02-03,92.0,99.73010350748167,Satisfactory,Moderate
Guwahati,2019-07-16,118.0,107.55024481871475,Moderate,Moderate
Bengaluru,2015-03-20,132.0,172.3506725284647,Moderate,Moderate
Lucknow,2020-06-21,71.0,80.55764810584091,Satisfactory,Satisfactory
Gurugram,2020-01-08,198.0,212.69044930072982,Moderate,Poor
Aizawl,2020-05-02,20.0,19.942800877176595,Good,Good
Jaipur,2017-09-23,84.0,96.24721360219365,Satisfactory,Satisfactory
Hyderabad,2020-04-12,61.0,61.78034599122487,Satisfactory,Satisfactory
Chennai,2019-08-26,57.0,47.61282373767988,Satisfactory,Good
Chennai,2017-03-06,59.0,55.60520383447482,Satisfactory,Satisfactory
Gurugram,2016-07-10,92.0,94.02388994278265,Satisfactory,Satisfactory
Brajrajnagar,2018-05-06,134.0,138.71667452716804,Moderate,Moderate
Visakhapatnam,2017-04-06,142.0,116.05460984460771,Moderate,Moderate
Ahmedabad,2015-12-12,259.0,261.0951698451699,Poor,Poor
Chennai,2015-07-16,189.0,155.1861722054532,Moderate,Moderate
Chennai,2017-10-03,58.0,62.964413277158144,Satisfactory,Satisfactory
Jorapokhar,2020-04-12,124.0,140.4818373705447,Moderate,Moderate
Guwahati,2019-12-17,299.0,261.8392827981789,Poor,Poor
Gurugram,2017-05-08,344.0,329.9270581288248,Very Poor,Very Poor
Patna,2019-03-21,327.0,323.48482900460056,Very Poor,Very Poor
Amritsar,2017-03-03,98.0,81.74374544429512,Satisfactory,Satisfactory
Chennai,2015-07-05,193.0,188.34658601007675,Moderate,Moderate
Brajrajnagar,2020-04-19,120.0,136.3337730805004,Moderate,Moderate
Hyderabad,2017-10-03,53.0,44.40882990587188,Satisfactory,Satisfactory
Patna,2019-08-17,100.0,101.21294058943886,Satisfactory,Moderate
Guwahati,2020-04-05,158.0,187.79886217870552,Moderate,Moderate
Hyderabad,2016-02-04,108.0,184.17729114814037,Moderate,Moderate
Talcher,2018-08-09,68.0,60.81262907216201,Satisfactory,Satisfactory
Patna,2018-06-01,208.0,174.24224483410137,Poor,Moderate
Visakhapatnam,2017-10-11,97.0,95.57089628352162,Satisfactory,Satisfactory
Brajrajnagar,2018-06-10,111.0,109.96854494352002,Moderate,Moderate
Ahmedabad,2018-11-12,1154.0,1358.523173076923,Severe,Severe
Ahmedabad,2017-01-08,318.0,318.35616988786813,Very Poor,Very Poor
Patna,2018-09-07,81.0,108.42194470605567,Satisfactory,Moderate
Jaipur,2017-09-10,127.0,128.4200495107352,Moderate,Moderate
Amritsar,2019-07-03,98.0,94.64413758297653,Satisfactory,Satisfactory
Bengaluru,2020-01-09,101.0,92.70610013099399,Moderate,Satisfactory
Amaravati,2020-01-09,78.0,88.47650206627924,Satisfactory,Satisfactory
Mumbai,2016-11-02,128.0,129.01308183742907,Moderate,Moderate
Ahmedabad,2016-07-27,336.0,260.0956295970867,Very Poor,Poor
Mumbai,2016-04-26,72.0,70.88646738238639,Satisfactory,Satisfactory
Bengaluru,2018-07-19,59.0,58.56307143081682,Satisfactory,Satisfactory
Delhi,2019-03-08,220.0,218.57734830892855,Poor,Poor
Delhi,2019-10-21,254.0,262.81902231264496,Poor,Poor
Brajrajnagar,2018-02-16,133.0,159.15036141833156,Moderate,Moderate
Jaipur,2019-01-20,176.0,176.58792144504957,Moderate,Moderate
Mumbai,2018-11-23,109.0,139.35165132050128,Moderate,Moderate
Ahmedabad,2018-07-12,428.0,468.8251259655587,Severe,Severe
Amritsar,2019-02-16,62.0,65.52618507609752,Satisfactory,Satisfactory
Guwahati,2019-09-30,41.0,41.86403512350664,Good,Good
Bengaluru,2016-11-09,95.0,106.29593010853057,Satisfactory,Satisfactory
Thiruvananthapuram,2017-06-19,40.0,41.7807208419755,Good,Good
Delhi,2017-01-31,358.0,358.2565020795607,Very Poor,Very Poor
Chennai,2016-11-25,224.0,198.44761542504727,Poor,Moderate
Visakhapatnam,2016-12-19,119.0,124.00993144072649,Moderate,Moderate
Chennai,2017-03-05,52.0,82.34910556006602,Satisfactory,Satisfactory
Chennai,2020-06-05,81.0,93.54044428591656,Satisfactory,Satisfactory
Jaipur,2019-06-11,125.0,120.25504638898283,Moderate,Moderate
Delhi,2017-10-03,115.0,135.0685850858068,Moderate,Moderate
Mumbai,2018-02-09,135.0,135.17845051082097,Moderate,Moderate
Gurugram,2017-12-20,325.0,306.7769666006861,Very Poor,Very Poor
Patna,2017-04-09,219.0,257.25410264567023,Poor,Poor
Mumbai,2015-12-15,137.0,137.09044071609668,Moderate,Moderate
Chennai,2018-10-10,164.0,120.74681871522212,Moderate,Moderate
Patna,2018-09-18,184.0,171.27838156569618,Moderate,Moderate
Patna,2016-05-17,109.0,136.0304740296534,Moderate,Moderate
Amaravati,2020-06-17,36.0,40.88978978861291,Good,Good
Delhi,2017-02-24,449.0,441.8815927930158,Severe,Very Poor
Hyderabad,2017-06-02,109.0,79.59081949001596,Moderate,Satisfactory
Gurugram,2017-07-13,210.0,219.15964912707375,Poor,Moderate
Visakhapatnam,2018-10-16,98.0,92.08817001155602,Satisfactory,Satisfactory
Jaipur,2020-04-30,132.0,111.69199637043813,Moderate,Satisfactory
Chennai,2020-05-25,79.0,77.36239472822479,Satisfactory,Satisfactory
Bengaluru,2016-11-18,101.0,132.41472975116406,Moderate,Moderate
Jaipur,2018-05-19,161.0,156.70019878918086,Moderate,Moderate
Amaravati,2019-01-09,274.0,255.12460794959247,Poor,Poor
Ahmedabad,2016-02-02,322.0,319.09886435186536,Very Poor,Very Poor
Patna,2018-01-24,359.0,352.3539478732498,Very Poor,Very Poor
Mumbai,2018-05-14,70.0,83.7928996492167,Satisfactory,Satisfactory
Lucknow,2015-08-27,106.0,87.52564502172245,Moderate,Satisfactory
Hyderabad,2020-05-15,60.0,61.66290308996312,Satisfactory,Satisfactory
Talcher,2019-12-30,334.0,344.8485269736499,Very Poor,Very Poor
Ahmedabad,2018-11-13,1548.0,1377.4366308691306,Severe,Severe
Talcher,2019-12-14,140.0,169.73182005967826,Moderate,Moderate
Amaravati,2019-01-16,274.0,271.65976532658954,Poor,Poor
Chennai,2019-04-07,99.0,108.21885510510964,Satisfactory,Moderate
Lucknow,2017-05-31,70.0,79.75814584213683,Satisfactory,Satisfactory
Coimbatore,2020-02-14,94.0,85.73297894193867,Satisfactory,Satisfactory
Kochi,2020-02-14,123.0,129.5113292886488,Moderate,Moderate
Ahmedabad,2019-06-05,402.0,427.8924894510354,Severe,Very Poor
Lucknow,2017-12-23,337.0,345.9997433408673,Very Poor,Very Poor
Lucknow,2017-05-23,314.0,297.6518430165747,Very Poor,Very Poor
Mumbai,2015-10-01,72.0,74.16776015293416,Satisfactory,Satisfactory
Kolkata,2018-05-17,55.0,54.57087854405034,Satisfactory,Satisfactory
Bhopal,2020-05-28,111.0,108.90373113550248,Moderate,Moderate
Amritsar,2017-04-01,45.0,66.95808725919403,Good,Satisfactory
Mumbai,2015-04-02,72.0,70.88646738238639,Satisfactory,Satisfactory
Visakhapatnam,2016-11-10,112.0,114.28964800474505,Moderate,Moderate
Bengaluru,2016-11-21,120.0,168.32154536138395,Moderate,Moderate
Mumbai,2018-10-15,135.0,142.17434707459907,Moderate,Moderate
Delhi,2015-08-25,175.0,180.0761257861077,Moderate,Moderate
Lucknow,2017-02-03,360.0,354.19089742229306,Very Poor,Very Poor
Jorapokhar,2019-09-12,168.0,107.66758722948242,Moderate,Satisfactory
Thiruvananthapuram,2017-10-27,38.0,34.01796850093647,Good,Good
Mumbai,2018-10-05,106.0,107.48765609290764,Moderate,Moderate
Mumbai,2015-02-06,135.0,135.18704513841558,Moderate,Moderate
Kolkata,2019-11-11,70.0,72.01635087725333,Satisfactory,Satisfactory
Talcher,2020-01-23,356.0,321.4542431591753,Very Poor,Very Poor
Jorapokhar,2018-09-20,52.0,53.22107572162631,Satisfactory,Satisfactory
Delhi,2015-07-18,204.0,199.52933272336008,Poor,Poor
Bengaluru,2016-04-22,98.0,122.91359393282352,Satisfactory,Moderate
Ahmedabad,2015-04-03,169.0,166.16605290479595,Moderate,Poor
Hyderabad,2019-11-07,155.0,155.78378124725094,Moderate,Moderate
Kolkata,2019-01-07,335.0,330.4036890903394,Very Poor,Very Poor
Jaipur,2019-08-26,61.0,64.24519951669814,Satisfactory,Satisfactory
Lucknow,2017-12-07,351.0,317.3179786375587,Very Poor,Very Poor
Patna,2017-03-03,254.0,245.7971535546775,Poor,Poor
Patna,2015-09-19,102.0,103.10231691585459,Moderate,Moderate
Chennai,2019-05-09,79.0,81.84697458872932,Satisfactory,Satisfactory
Thiruvananthapuram,2018-04-16,60.0,59.529333555374,Satisfactory,Satisfactory
Jorapokhar,2019-07-26,126.0,124.94995188761976,Moderate,Moderate
Thiruvananthapuram,2019-05-31,70.0,63.10443243039209,Satisfactory,Satisfactory
Delhi,2019-12-26,340.0,369.097495933131,Very Poor,Very Poor
Chennai,2015-09-14,128.0,96.02481384937442,Moderate,Satisfactory
Bengaluru,2016-09-01,57.0,52.49220175146979,Satisfactory,Satisfactory
Thiruvananthapuram,2020-01-08,73.0,68.45658442451926,Satisfactory,Satisfactory
Ahmedabad,2018-11-28,228.0,315.7345601288261,Poor,Poor
Brajrajnagar,2020-05-07,103.0,119.51544723946915,Moderate,Moderate
Delhi,2017-11-02,305.0,333.79567692707343,Very Poor,Very Poor
Kolkata,2019-01-19,421.0,418.71367396769426,Severe,Severe
Visakhapatnam,2019-08-15,113.0,128.05776191259957,Moderate,Moderate
Jorapokhar,2019-08-10,130.0,111.05474808139296,Moderate,Moderate
Chennai,2015-09-03,99.0,132.66839478266928,Satisfactory,Moderate
Bengaluru,2017-07-11,78.0,93.97603571424203,Satisfactory,Satisfactory
Visakhapatnam,2019-05-25,109.0,111.63219634250271,Moderate,Moderate
Ernakulam,2020-06-10,108.0,109.09420836538233,Moderate,Moderate
Mumbai,2018-09-20,100.0,90.41221529508229,Satisfactory,Satisfactory
Patna,2018-01-05,418.0,401.61568571712394,Severe,Severe
Mumbai,2016-03-04,106.0,106.18021398589495,Moderate,Moderate
Patna,2016-04-24,280.0,147.2483110449586,Poor,Moderate
Delhi,2020-03-29,64.0,59.86382866157393,Satisfactory,Satisfactory
Amritsar,2018-01-03,232.0,246.8592420265554,Poor,Poor
Hyderabad,2016-04-08,88.0,99.80981680791119,Satisfactory,Moderate
Jorapokhar,2019-06-04,107.0,132.17184987394202,Moderate,Moderate
Bengaluru,2020-04-05,77.0,71.5897306626651,Satisfactory,Satisfactory
Bengaluru,2015-08-20,92.0,114.20644998924027,Satisfactory,Moderate
Brajrajnagar,2018-02-09,307.0,270.7379417396139,Very Poor,Poor
Talcher,2019-03-04,221.0,158.9928788214663,Poor,Moderate
Amritsar,2019-06-27,100.0,74.87626699315167,Satisfactory,Satisfactory
Chandigarh,2020-02-04,113.0,105.13116074839692,Moderate,Moderate
Chennai,2016-09-08,141.0,148.37647164415884,Moderate,Moderate
Bengaluru,2018-03-16,71.0,71.96654806455471,Satisfactory,Satisfactory
Gurugram,2015-12-02,338.0,336.0472597614181,Very Poor,Very Poor
Mumbai,2019-12-22,225.0,216.43358824058342,Poor,Poor
Ahmedabad,2015-12-18,259.0,261.09008509940713,Poor,Poor
Bengaluru,2018-03-18,53.0,69.69361243997314,Satisfactory,Satisfactory
Mumbai,2015-07-06,53.0,53.56552562042305,Satisfactory,Satisfactory
Chandigarh,2019-11-20,215.0,186.04910034026415,Poor,Moderate
Guwahati,2019-06-19,89.0,96.38140386392422,Satisfactory,Satisfactory
Gurugram,2018-01-30,309.0,326.40556447680984,Very Poor,Very Poor
Hyderabad,2015-11-21,92.0,98.31272129235776,Satisfactory,Satisfactory
Bhopal,2019-10-03,97.0,86.31192331312619,Satisfactory,Satisfactory
Patna,2017-01-26,416.0,423.7372741064558,Severe,Severe
Delhi,2016-10-09,416.0,361.2351143945001,Severe,Very Poor
Jorapokhar,2020-05-04,112.0,112.09088804919143,Moderate,Moderate
Chennai,2020-05-24,81.0,80.20173793069762,Satisfactory,Satisfactory
Patna,2016-08-21,126.0,107.56409452575033,Moderate,Moderate
Mumbai,2016-02-12,135.0,135.08667624859163,Moderate,Moderate
Hyderabad,2019-06-15,55.0,54.69882436847264,Satisfactory,Satisfactory
Delhi,2019-06-22,185.0,171.4285446931859,Moderate,Moderate
Chennai,2020-01-15,168.0,132.36815785009995,Moderate,Moderate
Jaipur,2018-08-09,93.0,93.50747705532099,Satisfactory,Satisfactory
Mumbai,2016-03-05,106.0,106.18021398589495,Moderate,Moderate
Ahmedabad,2017-01-12,318.0,318.35616988786813,Very Poor,Very Poor
Kolkata,2018-09-24,60.0,67.36266924320519,Satisfactory,Satisfactory
Mumbai,2019-08-09,74.0,68.60056809093717,Satisfactory,Satisfactory
Jorapokhar,2019-01-08,342.0,392.98571034147835,Very Poor,Severe
Shillong,2019-10-06,58.0,50.9738871397395,Satisfactory,Satisfactory
Talcher,2020-06-27,90.0,76.57199497655651,Satisfactory,Satisfactory
Thiruvananthapuram,2019-02-05,81.0,84.16388816697113,Satisfactory,Satisfactory
Chennai,2018-03-26,109.0,106.99955546899032,Moderate,Moderate
Chandigarh,2020-04-12,46.0,46.90404641638598,Good,Good
Bhopal,2019-09-22,90.0,74.66418934788695,Satisfactory,Satisfactory
Visakhapatnam,2016-11-17,151.0,153.31522749000587,Moderate,Moderate
Hyderabad,2015-04-14,312.0,258.1415672966387,Very Poor,Moderate
Amaravati,2020-06-23,55.0,48.508943121216355,Satisfactory,Satisfactory
Mumbai,2018-06-08,86.0,75.14037034777608,Satisfactory,Satisfactory
Amaravati,2019-08-28,92.0,49.002805318430056,Satisfactory,Good
Jorapokhar,2018-10-21,204.0,227.67174404557952,Poor,Poor
Hyderabad,2018-08-09,49.0,51.25894520843578,Good,Satisfactory
Kolkata,2020-03-17,138.0,116.25861686893404,Moderate,Moderate
Bengaluru,2017-12-19,112.0,134.74561148303584,Moderate,Moderate
Mumbai,2018-08-17,83.0,84.48730860358266,Satisfactory,Satisfactory
Gurugram,2020-06-11,122.0,120.57847984027337,Moderate,Moderate
Jorapokhar,2020-04-27,94.0,94.62655026014392,Satisfactory,Satisfactory
Patna,2015-09-12,103.0,106.04351258878492,Moderate,Moderate
Bengaluru,2016-07-05,83.0,132.49352561805264,Satisfactory,Moderate
Gurugram,2016-02-22,252.0,252.39203697014287,Poor,Poor
Gurugram,2015-12-19,338.0,336.6396412814414,Very Poor,Very Poor
Patna,2019-01-16,333.0,372.8925320353215,Very Poor,Very Poor
Delhi,2016-03-17,194.0,136.40212101392214,Moderate,Moderate
Gurugram,2018-11-02,382.0,378.9875315060259,Very Poor,Very Poor
Lucknow,2016-09-17,138.0,162.243337709264,Moderate,Moderate
Kolkata,2018-08-04,82.0,83.08782395247219,Satisfactory,Satisfactory
Chennai,2019-07-07,77.0,84.79717658269199,Satisfactory,Satisfactory
Bengaluru,2018-09-26,85.0,79.35661244022904,Satisfactory,Satisfactory
Bengaluru,2019-11-12,96.0,97.73276613556027,Satisfactory,Satisfactory
Bengaluru,2018-05-24,70.0,92.46121939320852,Satisfactory,Satisfactory
Lucknow,2020-06-15,79.0,94.37397228503838,Satisfactory,Satisfactory
Patna,2019-12-18,305.0,296.3780318212093,Very Poor,Very Poor
Visakhapatnam,2017-09-25,87.0,85.73454743356126,Satisfactory,Satisfactory
Coimbatore,2020-01-09,77.0,73.93662896753708,Satisfactory,Satisfactory
Patna,2019-11-15,349.0,350.9980179641943,Very Poor,Very Poor
Bengaluru,2018-10-23,119.0,111.4006043334757,Moderate,Moderate
Gurugram,2019-05-14,164.0,183.47752495698708,Moderate,Poor
Jorapokhar,2018-01-25,114.0,165.23186572324522,Moderate,Moderate
Amaravati,2019-06-01,103.0,82.46267768672418,Moderate,Satisfactory
Shillong,2020-04-01,93.0,102.57672352790088,Satisfactory,Satisfactory
Mumbai,2016-11-07,128.0,129.27183442542076,Moderate,Moderate
Chennai,2015-09-09,88.0,91.97592759264887,Satisfactory,Satisfactory
Talcher,2018-06-07,107.0,114.6338050171336,Moderate,Moderate
Hyderabad,2015-08-09,92.0,87.20130125820974,Satisfactory,Satisfactory
Patna,2019-08-26,114.0,103.97004114927815,Moderate,Moderate
Guwahati,2020-04-22,40.0,46.76273734166472,Good,Good
Mumbai,2020-04-29,77.0,62.56807685204669,Satisfactory,Satisfactory
Delhi,2019-08-03,104.0,90.84199177327835,Moderate,Satisfactory
Delhi,2018-06-30,113.0,99.63919709489846,Moderate,Moderate
Bengaluru,2015-01-29,103.0,119.64570409572165,Moderate,Moderate
Bengaluru,2015-02-27,97.0,100.17706735756354,Satisfactory,Satisfactory
Bhopal,2020-04-09,104.0,105.93359558885321,Moderate,Moderate
Ahmedabad,2018-08-23,482.0,478.81206501151837,Severe,Severe
Chennai,2018-04-24,76.0,84.1310926688632,Satisfactory,Satisfactory
Lucknow,2017-03-23,325.0,325.7694487074501,Very Poor,Very Poor
Kolkata,2019-03-02,199.0,175.04582535452732,Moderate,Moderate
Mumbai,2016-12-21,137.0,137.09044071609668,Moderate,Moderate
Jaipur,2019-08-22,71.0,80.52891893553938,Satisfactory,Satisfactory
Guwahati,2019-03-01,113.0,121.71583366974899,Moderate,Moderate
Jorapokhar,2019-12-16,120.0,137.25125745080723,Moderate,Moderate
Delhi,2015-09-04,368.0,286.29105619259116,Very Poor,Very Poor
Ahmedabad,2020-01-12,212.0,213.27499865506252,Poor,Moderate
Brajrajnagar,2018-09-28,95.0,96.26954806045694,Satisfactory,Satisfactory
Jorapokhar,2017-06-02,119.0,129.35503824686265,Moderate,Moderate
Bhopal,2020-04-18,120.0,115.28920785420647,Moderate,Moderate
Lucknow,2016-06-26,112.0,68.54758945824858,Moderate,Moderate
Brajrajnagar,2018-02-15,127.0,150.720515096235,Moderate,Moderate
Talcher,2019-01-30,230.0,243.70188615015576,Poor,Poor
Brajrajnagar,2019-10-14,103.0,98.07592353278949,Moderate,Satisfactory
Amaravati,2019-03-19,85.0,86.15789100372773,Satisfactory,Satisfactory
Amaravati,2018-11-13,182.0,164.6645849265503,Moderate,Moderate
Coimbatore,2020-02-29,80.0,82.69036795252288,Satisfactory,Satisfactory
Bengaluru,2016-01-21,117.0,129.0254397510373,Moderate,Moderate
Mumbai,2016-04-17,72.0,70.88646738238639,Satisfactory,Satisfactory
Kolkata,2020-06-13,38.0,38.652043432264406,Good,Good
Kolkata,2020-05-06,61.0,52.22159891010682,Satisfactory,Satisfactory
Hyderabad,2016-08-08,119.0,74.29210227559534,Moderate,Satisfactory
Gurugram,2019-04-21,173.0,162.31807952835692,Moderate,Moderate
Coimbatore,2019-09-19,90.0,88.48403683684853,Satisfactory,Satisfactory
Jorapokhar,2020-05-12,127.0,123.37619086963637,Moderate,Moderate
Patna,2017-05-18,97.0,99.16177622035879,Satisfactory,Satisfactory
Delhi,2015-02-04,313.0,312.1570906038822,Very Poor,Very Poor
Chennai,2016-03-27,134.0,121.83518280641226,Moderate,Moderate
Lucknow,2018-07-07,195.0,175.95048161735676,Moderate,Moderate
Brajrajnagar,2018-05-17,116.0,125.9094315784493,Moderate,Moderate
Gurugram,2017-10-15,165.0,173.94955543220505,Moderate,Moderate
Delhi,2017-08-20,63.0,73.21030080573728,Satisfactory,Satisfactory
Brajrajnagar,2020-03-25,169.0,170.14390845258856,Moderate,Moderate
Ahmedabad,2016-09-18,135.0,309.708661598025,Moderate,Poor
Bengaluru,2016-11-11,124.0,129.37145103267412,Moderate,Moderate
Lucknow,2016-10-11,223.0,214.64433345860863,Poor,Poor
Kolkata,2019-05-07,116.0,119.85044307306295,Moderate,Moderate
Bhopal,2019-12-22,147.0,183.18729574749003,Moderate,Moderate
Hyderabad,2016-05-22,93.0,93.99656973564952,Satisfactory,Satisfactory
Amritsar,2017-08-19,156.0,139.40439761031655,Moderate,Moderate
Gurugram,2019-12-12,391.0,379.49822675374264,Very Poor,Very Poor
Coimbatore,2020-04-08,75.0,63.45920319044175,Satisfactory,Satisfactory
Lucknow,2019-12-13,304.0,289.9641680533012,Very Poor,Poor
Talcher,2019-08-05,87.0,87.43835843357658,Satisfactory,Satisfactory
Lucknow,2019-07-11,92.0,89.88569328557978,Satisfactory,Satisfactory
Hyderabad,2019-11-10,169.0,145.62830128459586,Moderate,Moderate
Visakhapatnam,2017-08-31,91.0,89.75475951298114,Satisfactory,Satisfactory
Lucknow,2020-01-07,308.0,310.8820377901569,Very Poor,Very Poor
Jorapokhar,2019-10-17,201.0,184.42407403425707,Poor,Moderate
Ahmedabad,2015-02-04,294.0,297.8784598618516,Poor,Poor
Bengaluru,2018-06-30,66.0,60.374319026300284,Satisfactory,Satisfactory
Kolkata,2019-12-16,159.0,178.0754997804497,Moderate,Moderate
Mumbai,2016-10-11,72.0,75.18396276671906,Satisfactory,Satisfactory
Lucknow,2019-01-14,347.0,324.5005064059336,Very Poor,Very Poor
Ernakulam,2020-03-01,79.0,91.50810351088415,Satisfactory,Satisfactory
Lucknow,2015-04-13,103.0,123.71147458817957,Moderate,Moderate
Chennai,2017-10-26,68.0,89.04200291782375,Satisfactory,Satisfactory
Hyderabad,2018-02-22,114.0,115.80333254603282,Moderate,Moderate
Ahmedabad,2016-03-23,272.0,270.730912870218,Poor,Poor
Hyderabad,2019-08-11,50.0,49.81271703915059,Good,Good
Bengaluru,2018-12-23,87.0,95.22275417245359,Satisfactory,Moderate
Brajrajnagar,2018-10-13,90.0,91.86000707726389,Satisfactory,Satisfactory
Bengaluru,2019-03-28,148.0,128.459344400066,Moderate,Moderate
Mumbai,2015-02-16,135.0,135.18704513841558,Moderate,Moderate
Delhi,2017-11-24,348.0,349.1485312305462,Very Poor,Very Poor
Gurugram,2019-07-01,173.0,188.6563025529328,Moderate,Moderate
Patna,2020-05-01,129.0,105.57821811647467,Moderate,Moderate
Gurugram,2017-06-29,79.0,138.8858179227672,Satisfactory,Moderate
Bengaluru,2018-08-26,70.0,66.91384539054741,Satisfactory,Satisfactory
Kolkata,2018-04-21,61.0,66.8330994684339,Satisfactory,Satisfactory
Hyderabad,2019-03-05,117.0,112.005184988665,Moderate,Moderate
Gurugram,2019-03-25,114.0,118.88350634879895,Moderate,Moderate
Brajrajnagar,2019-05-03,33.0,104.5520661308943,Good,Moderate
Bengaluru,2019-04-09,149.0,112.89178390817227,Moderate,Moderate
Kolkata,2020-02-05,222.0,223.20782071904318,Poor,Poor
Ahmedabad,2019-01-23,716.0,726.7566873798245,Severe,Severe
Lucknow,2019-09-11,76.0,80.95093497279773,Satisfactory,Satisfactory
Guwahati,2020-02-26,78.0,101.33161367245545,Satisfactory,Satisfactory
Ahmedabad,2020-06-04,101.0,238.16156136053843,Moderate,Moderate
Jorapokhar,2019-01-16,220.0,254.5301484438841,Poor,Poor
Chennai,2017-11-05,58.0,68.9356807606719,Satisfactory,Satisfactory
Bengaluru,2015-07-05,225.0,173.7609494958644,Poor,Moderate
Amaravati,2020-05-17,48.0,46.63253220399788,Good,Good
Chennai,2017-03-11,348.0,130.70258785797472,Very Poor,Moderate
Thiruvananthapuram,2019-01-26,95.0,115.62195055157262,Satisfactory,Moderate
Lucknow,2019-08-05,103.0,97.71995779201048,Moderate,Satisfactory
Talcher,2019-03-14,141.0,181.56640240240515,Moderate,Poor
Ahmedabad,2015-10-01,396.0,322.051526300535,Very Poor,Very Poor
Jaipur,2018-07-24,73.0,64.81720986096393,Satisfactory,Satisfactory
Gurugram,2016-09-26,103.0,119.57993135271334,Moderate,Moderate
Jaipur,2018-09-09,59.0,77.53946683250173,Satisfactory,Satisfactory
Delhi,2019-01-12,482.0,457.8233204100897,Severe,Severe
Mumbai,2017-02-01,135.0,140.64857133597945,Moderate,Moderate
Chennai,2015-09-25,153.0,134.30648921036368,Moderate,Moderate
Patna,2016-05-02,305.0,274.9426716421165,Very Poor,Poor
Hyderabad,2016-05-17,83.0,81.85465331604841,Satisfactory,Satisfactory
Hyderabad,2015-02-15,108.0,108.97809015045317,Moderate,Moderate
Delhi,2018-11-27,396.0,372.67527192097185,Very Poor,Very Poor
Thiruvananthapuram,2018-12-04,105.0,109.28766537248843,Moderate,Moderate
Hyderabad,2018-12-20,76.0,81.31710497045847,Satisfactory,Satisfactory
Hyderabad,2015-03-06,103.0,102.63658509200346,Moderate,Moderate
Chennai,2019-08-29,51.0,86.22337707612736,Satisfactory,Satisfactory
Chennai,2015-12-26,111.0,131.57623761401103,Moderate,Moderate
Ahmedabad,2020-03-27,193.0,192.00896058063142,Moderate,Moderate
Visakhapatnam,2017-12-17,206.0,197.4057310337613,Poor,Moderate
Thiruvananthapuram,2018-09-30,57.0,59.84733579558043,Satisfactory,Satisfactory
Bengaluru,2018-10-17,75.0,78.69409092906736,Satisfactory,Satisfactory
Mumbai,2017-08-28,54.0,53.86706800226065,Satisfactory,Satisfactory
Lucknow,2018-08-16,55.0,95.07503182950003,Satisfactory,Satisfactory
Ahmedabad,2019-07-27,413.0,457.3341965941033,Severe,Severe
Guwahati,2019-04-29,53.0,63.71698904518183,Satisfactory,Satisfactory
Visakhapatnam,2019-06-12,119.0,113.2847824013327,Moderate,Moderate
Brajrajnagar,2019-08-24,102.0,94.50522852147569,Moderate,Satisfactory
Jorapokhar,2018-11-16,414.0,344.8995187564324,Severe,Very Poor
Patna,2020-03-15,83.0,103.0921007669225,Satisfactory,Moderate
Ahmedabad,2019-02-12,604.0,762.9800413059164,Severe,Severe
Visakhapatnam,2017-06-29,96.0,93.26838578936672,Satisfactory,Satisfactory
Bengaluru,2017-10-28,80.0,85.05589297558146,Satisfactory,Satisfactory
Lucknow,2019-08-29,93.0,82.73569258643823,Satisfactory,Satisfactory
Hyderabad,2017-06-08,67.0,62.501875180658374,Satisfactory,Satisfactory
Chennai,2015-02-16,85.0,85.83113008533681,Satisfactory,Satisfactory
Ahmedabad,2017-04-23,180.0,181.0372090917094,Moderate,Moderate
Bengaluru,2015-10-30,110.0,125.9063804377668,Moderate,Satisfactory
Guwahati,2020-03-13,148.0,194.346403589269,Moderate,Moderate
Hyderabad,2016-12-16,133.0,114.37414448321366,Moderate,Moderate
Patna,2016-12-09,355.0,366.28401850156604,Very Poor,Very Poor
Mumbai,2017-04-20,72.0,70.88646738238639,Satisfactory,Satisfactory
Kolkata,2019-01-21,425.0,428.5034741521833,Severe,Severe
Chandigarh,2019-10-21,111.0,109.70524461187497,Moderate,Moderate
Patna,2015-08-25,102.0,102.32569949308501,Moderate,Moderate
Mumbai,2020-05-31,53.0,47.89442230123495,Satisfactory,Good
Amritsar,2019-07-20,61.0,68.61616506929406,Satisfactory,Satisfactory
Hyderabad,2017-10-01,110.0,65.35064104284226,Moderate,Satisfactory
Amritsar,2017-10-10,130.0,138.51739651465203,Moderate,Moderate
Delhi,2016-12-07,472.0,432.39705448828244,Severe,Severe
Patna,2018-09-29,183.0,179.69681382418926,Moderate,Moderate
Amaravati,2017-12-13,145.0,151.33835231278476,Moderate,Moderate
Mumbai,2016-05-11,59.0,59.9847879170474,Satisfactory,Satisfactory
Gurugram,2016-01-17,323.0,321.1360573425942,Very Poor,Very Poor
Visakhapatnam,2017-01-17,137.0,134.0195015802128,Moderate,Moderate
Lucknow,2015-06-18,94.0,111.93212347887116,Satisfactory,Moderate
Coimbatore,2019-09-03,94.0,89.65548958907472,Satisfactory,Satisfactory
Chennai,2018-10-11,147.0,123.38168368685287,Moderate,Moderate
Bengaluru,2015-02-23,251.0,214.0078231099286,Poor,Moderate
Jaipur,2019-09-07,74.0,70.15986790969644,Satisfactory,Satisfactory
Ahmedabad,2017-08-21,312.0,313.32503437319485,Very Poor,Very Poor
Jaipur,2018-10-24,135.0,121.38234671784012,Moderate,Moderate
Lucknow,2018-07-13,90.0,90.08153258506323,Satisfactory,Satisfactory
Visakhapatnam,2018-05-13,130.0,88.43643416613202,Moderate,Satisfactory
Jaipur,2018-09-20,120.0,114.91814378381392,Moderate,Moderate
Ahmedabad,2018-05-31,258.0,306.90799770885474,Poor,Very Poor
Patna,2015-08-21,102.0,102.42197144602312,Moderate,Moderate
Gurugram,2017-02-05,333.0,349.5117687602515,Very Poor,Very Poor
Gurugram,2020-06-06,110.0,111.00060829052435,Moderate,Moderate
Mumbai,2019-02-21,114.0,126.31447269600655,Moderate,Moderate
Patna,2019-11-12,309.0,320.6556771616348,Very Poor,Very Poor
Mumbai,2015-01-09,147.0,147.67226551943156,Moderate,Moderate
Aizawl,2020-04-12,41.0,49.82805227083847,Good,Good
Jorapokhar,2019-03-31,122.0,126.23405489877808,Moderate,Moderate
Visakhapatnam,2020-01-09,153.0,141.17258519957426,Moderate,Moderate
Chennai,2016-06-25,117.0,77.88696373362188,Moderate,Satisfactory
Lucknow,2017-07-18,78.0,81.98951492417376,Satisfactory,Satisfactory
Delhi,2017-06-21,109.0,103.24203174845024,Moderate,Moderate
Visakhapatnam,2017-08-24,91.0,89.75475951298114,Satisfactory,Satisfactory
Ahmedabad,2018-05-12,222.0,291.7744481287797,Poor,Poor
Bengaluru,2018-07-28,59.0,67.3519701990608,Satisfactory,Satisfactory
Delhi,2016-12-22,349.0,355.1014808118767,Very Poor,Very Poor
Brajrajnagar,2018-02-25,282.0,288.44270181497706,Poor,Poor
Bhopal,2020-03-10,96.0,92.83579572250412,Satisfactory,Satisfactory
Amritsar,2019-02-13,164.0,147.27278790463762,Moderate,Moderate
Kolkata,2020-04-18,48.0,58.45298141703439,Good,Satisfactory
Lucknow,2018-02-11,266.0,285.11403580242796,Poor,Poor
Brajrajnagar,2018-10-29,100.0,107.05026014202679,Satisfactory,Moderate
Patna,2015-07-05,66.0,69.7085685340704,Satisfactory,Satisfactory
Gurugram,2016-04-29,345.0,331.19505396716033,Very Poor,Very Poor
Gurugram,2017-07-08,372.0,338.1958063671139,Very Poor,Very Poor
Patna,2018-12-29,376.0,400.80254332203947,Very Poor,Severe
Bengaluru,2020-01-07,75.0,75.02934603316137,Satisfactory,Satisfactory
Lucknow,2018-02-10,286.0,287.46356248118127,Poor,Poor
Ahmedabad,2016-10-26,278.0,313.1128916338616,Poor,Poor
Visakhapatnam,2019-05-20,104.0,108.78812894802175,Moderate,Moderate
Jorapokhar,2020-01-16,242.0,230.64879444460814,Poor,Poor
Patna,2016-12-17,414.0,427.3659525106508,Severe,Severe
Thiruvananthapuram,2018-09-06,58.0,58.33831145803516,Satisfactory,Satisfactory
Ahmedabad,2020-04-07,159.0,144.29600904510633,Moderate,Moderate
Chennai,2020-04-10,80.0,70.20873402570614,Satisfactory,Satisfactory
Jorapokhar,2018-01-30,122.0,149.17050839580395,Moderate,Moderate
Lucknow,2019-10-25,235.0,228.74311478594757,Poor,Poor
Chennai,2015-03-26,318.0,315.0599659850702,Very Poor,Very Poor
Delhi,2016-08-20,174.0,125.68405535904787,Moderate,Moderate
Patna,2019-05-29,167.0,129.61880242242876,Moderate,Moderate
Chandigarh,2020-02-27,112.0,104.27489053028293,Moderate,Moderate
Lucknow,2019-11-04,453.0,470.6064760539822,Severe,Severe
Bengaluru,2017-10-07,70.0,74.21878281797797,Satisfactory,Satisfactory
Amaravati,2017-12-01,191.0,166.9662731036411,Moderate,Moderate
Bengaluru,2016-01-27,91.0,105.7731827402561,Satisfactory,Moderate
Thiruvananthapuram,2019-10-24,72.0,63.52839746337335,Satisfactory,Satisfactory
Chennai,2015-03-20,82.0,84.80241673558601,Satisfactory,Satisfactory
Thiruvananthapuram,2018-01-25,132.0,127.08818602784135,Moderate,Moderate
Bengaluru,2017-07-05,93.0,82.06338916518071,Satisfactory,Satisfactory
Jorapokhar,2019-08-18,119.0,108.50318734353175,Moderate,Moderate
Talcher,2017-12-29,231.0,228.8494265380319,Poor,Poor
Lucknow,2015-12-25,325.0,361.5647270361133,Very Poor,Very Poor
Hyderabad,2019-04-04,102.0,104.52251775816877,Moderate,Moderate
Bhopal,2020-04-30,127.0,126.96336880768193,Moderate,Moderate
Amaravati,2018-08-17,63.0,57.38529728425887,Satisfactory,Satisfactory
Hyderabad,2020-04-11,55.0,59.701617634028544,Satisfactory,Satisfactory
Amaravati,2019-01-17,262.0,282.23217415886285,Poor,Poor
Chennai,2017-05-26,167.0,184.36136303138107,Moderate,Moderate
Gurugram,2017-06-22,328.0,308.30508777732103,Very Poor,Very Poor
Brajrajnagar,2019-10-13,103.0,102.54740961217952,Moderate,Moderate
Jaipur,2017-08-31,130.0,168.5537254100553,Moderate,Satisfactory
Ahmedabad,2018-04-05,740.0,693.7990726227796,Severe,Severe
Amritsar,2019-08-07,52.0,56.48068281662492,Satisfactory,Satisfactory
Jaipur,2018-05-12,157.0,140.63471348355495,Moderate,Moderate
Ahmedabad,2015-10-06,519.0,301.3181595792064,Severe,Very Poor
Hyderabad,2018-02-01,129.0,128.05808273602028,Moderate,Moderate
Gurugram,2019-04-26,275.0,249.70576667429737,Poor,Poor
Bengaluru,2016-06-03,29.0,45.12772979229691,Good,Good
Lucknow,2015-07-27,116.0,161.80967037384505,Moderate,Moderate
Lucknow,2018-02-24,382.0,369.96185570374183,Very Poor,Very Poor
Gurugram,2018-08-23,72.0,92.92936384410694,Satisfactory,Satisfactory
Patna,2020-03-31,106.0,102.07678387710841,Moderate,Moderate
Amritsar,2019-07-23,75.0,78.94110283044257,Satisfactory,Satisfactory
Bengaluru,2017-05-04,94.0,87.15077783864568,Satisfactory,Satisfactory
Lucknow,2017-10-19,330.0,343.3213906547816,Very Poor,Very Poor
Delhi,2017-06-17,88.0,101.4895367758853,Satisfactory,Moderate
Gurugram,2016-05-18,207.0,210.77582522231876,Poor,Poor
Jorapokhar,2020-04-02,193.0,164.41749702824032,Moderate,Moderate
Delhi,2018-04-06,271.0,266.5606438581758,Poor,Poor
Lucknow,2017-04-10,202.0,216.66990669531057,Poor,Poor
Ahmedabad,2017-05-02,185.0,182.98765928700496,Moderate,Moderate
Visakhapatnam,2019-04-29,85.0,86.3887593728333,Satisfactory,Satisfactory
Mumbai,2018-09-25,92.0,95.94288563913746,Satisfactory,Satisfactory
Chennai,2020-04-21,61.0,64.56583579711209,Satisfactory,Satisfactory
Hyderabad,2015-06-25,342.0,133.8806732334119,Very Poor,Moderate
Mumbai,2019-07-27,56.0,55.606337387775184,Satisfactory,Satisfactory
Delhi,2020-04-03,84.0,73.37407224889061,Satisfactory,Satisfactory
Bhopal,2020-06-20,72.0,75.99439283487902,Satisfactory,Satisfactory
Hyderabad,2018-11-04,55.0,57.15593107090715,Satisfactory,Satisfactory
Mumbai,2017-10-18,72.0,75.18396276671906,Satisfactory,Satisfactory
Lucknow,2016-09-14,91.0,104.64620024391705,Satisfactory,Moderate
Visakhapatnam,2017-04-12,74.0,95.59171719137989,Satisfactory,Satisfactory
Talcher,2019-05-28,126.0,126.71750334579635,Moderate,Moderate
Brajrajnagar,2019-11-18,184.0,155.26865982835355,Moderate,Moderate
Guwahati,2020-04-15,254.0,218.1869632215368,Poor,Poor
Amritsar,2018-05-08,82.0,87.7842024647802,Satisfactory,Satisfactory
Lucknow,2016-01-18,369.0,371.17388585721875,Very Poor,Very Poor
Amritsar,2018-03-02,79.0,97.15751690841378,Satisfactory,Satisfactory
Kolkata,2018-09-29,103.0,108.71492200789075,Moderate,Moderate
Bengaluru,2015-04-08,153.0,157.0289018398511,Moderate,Moderate
Ahmedabad,2015-07-16,105.0,162.25270661849083,Moderate,Moderate
Talcher,2019-10-18,62.0,64.06622275934802,Satisfactory,Satisfactory
Delhi,2016-04-25,271.0,266.1976051028247,Poor,Poor
Jorapokhar,2018-01-08,157.0,156.98106650690667,Moderate,Moderate
Bhopal,2020-05-18,98.0,106.1552927610575,Satisfactory,Moderate
Delhi,2016-10-03,282.0,253.83634830460795,Poor,Poor
Ahmedabad,2015-11-20,374.0,374.73214925397826,Very Poor,Very Poor
Mumbai,2016-02-19,135.0,135.08667624859163,Moderate,Moderate
Ahmedabad,2015-11-09,374.0,504.5001648245011,Very Poor,Very Poor
Bengaluru,2015-07-01,187.0,172.5366114765723,Moderate,Moderate
Ahmedabad,2018-12-12,920.0,898.9053828627942,Severe,Severe
Hyderabad,2018-11-06,80.0,83.03207504416532,Satisfactory,Satisfactory
Delhi,2019-08-18,66.0,66.41776144439712,Satisfactory,Satisfactory
Jaipur,2018-06-22,173.0,150.68270009248255,Moderate,Moderate
Delhi,2019-12-12,471.0,440.8027887809612,Severe,Severe
Jaipur,2020-02-14,147.0,140.13424736457182,Moderate,Moderate
Bengaluru,2015-04-21,127.0,147.9068841205719,Moderate,Moderate
Delhi,2018-08-15,128.0,114.97339851747944,Moderate,Moderate
Mumbai,2019-05-08,90.0,94.33585835483832,Satisfactory,Satisfactory
Ahmedabad,2016-04-19,180.0,181.2673215012297,Moderate,Moderate
Gurugram,2019-07-23,109.0,112.37243156897654,Moderate,Moderate
Lucknow,2019-07-30,75.0,81.39183009291118,Satisfactory,Satisfactory
Patna,2016-05-24,137.0,118.85983448680611,Moderate,Moderate
Mumbai,2015-03-24,106.0,106.18021398589495,Moderate,Moderate
Hyderabad,2017-12-03,140.0,136.33378543078845,Moderate,Moderate
Mumbai,2015-09-08,55.0,54.36338552105759,Satisfactory,Satisfactory
Jorapokhar,2020-05-29,170.0,135.7021784052514,Moderate,Moderate
Talcher,2019-03-02,151.0,173.47745804960118,Moderate,Moderate
Ahmedabad,2017-02-14,322.0,319.09886435186536,Very Poor,Very Poor
Bengaluru,2019-07-05,63.0,65.66715307766769,Satisfactory,Satisfactory
Gurugram,2019-12-10,347.0,354.96240324505976,Very Poor,Very Poor
Lucknow,2016-10-08,178.0,141.30634789218357,Moderate,Moderate
Kolkata,2019-09-25,36.0,31.40312312586942,Good,Good
Amaravati,2019-10-22,44.0,59.798424804697916,Good,Satisfactory
Lucknow,2016-03-08,228.0,203.1565065723155,Poor,Poor
Gurugram,2016-02-19,357.0,355.7907805120369,Very Poor,Very Poor
Mumbai,2016-04-12,72.0,70.88646738238639,Satisfactory,Satisfactory
Mumbai,2019-12-10,171.0,186.40137929533515,Moderate,Moderate
Lucknow,2017-11-29,364.0,397.40884392078726,Very Poor,Very Poor
Chennai,2017-04-19,125.0,206.61539194671957,Moderate,Moderate
Bengaluru,2015-09-04,72.0,63.741354627133745,Satisfactory,Satisfactory
Gurugram,2018-11-23,318.0,321.94219297839436,Very Poor,Very Poor
Lucknow,2015-05-06,114.0,119.36778589564646,Moderate,Moderate
Amaravati,2020-05-13,41.0,42.656971761128844,Good,Good
Jaipur,2019-06-18,101.0,96.5017565053774,Moderate,Satisfactory
Delhi,2017-12-12,280.0,322.76136116408406,Poor,Very Poor
Ahmedabad,2017-09-06,300.0,304.3930813009233,Poor,Poor
Jorapokhar,2019-06-01,97.0,108.74395087644155,Satisfactory,Moderate
Lucknow,2019-01-02,457.0,463.790180505205,Severe,Severe
Aizawl,2020-04-05,44.0,45.22383693515406,Good,Good
Chandigarh,2020-03-18,79.0,85.03504852956587,Satisfactory,Satisfactory
Jorapokhar,2020-04-08,133.0,125.64579324263985,Moderate,Moderate
Talcher,2020-01-19,320.0,319.8101013951023,Very Poor,Very Poor
Chennai,2015-07-15,191.0,152.41386987976963,Moderate,Moderate
Shillong,2019-09-20,32.0,40.340460570012546,Good,Good
Lucknow,2015-04-01,124.0,123.84056804338066,Moderate,Moderate
Amritsar,2019-01-24,71.0,66.38709009328599,Satisfactory,Satisfactory
Lucknow,2015-01-14,346.0,346.63178284012196,Very Poor,Very Poor
Coimbatore,2020-04-17,94.0,88.29956810509253,Satisfactory,Satisfactory
Mumbai,2017-11-24,128.0,129.2086256970978,Moderate,Moderate
Patna,2016-12-23,530.0,498.0835633074474,Severe,Severe
Mumbai,2020-03-28,78.0,70.00575050605887,Satisfactory,Satisfactory
Jorapokhar,2019-09-14,30.0,39.607176934679735,Good,Good
Visakhapatnam,2018-02-18,136.0,151.67694056178044,Moderate,Moderate
Jorapokhar,2018-07-03,99.0,94.02867194028704,Satisfactory,Satisfactory
Visakhapatnam,2019-02-15,144.0,133.225756382138,Moderate,Moderate
Visakhapatnam,2017-05-22,81.0,81.2386042675703,Satisfactory,Satisfactory
Lucknow,2015-11-29,424.0,420.429217089522,Severe,Severe
Jaipur,2020-03-15,132.0,125.87670440142554,Moderate,Moderate
Coimbatore,2019-11-08,66.0,66.5054654239634,Satisfactory,Satisfactory
Mumbai,2019-06-25,71.0,72.93032799438791,Satisfactory,Satisfactory
Chennai,2015-07-20,132.0,113.48479318081417,Moderate,Moderate
Jorapokhar,2018-03-20,161.0,160.0351619817675,Moderate,Moderate
Talcher,2020-03-01,155.0,161.37517489165097,Moderate,Moderate
Thiruvananthapuram,2018-09-04,58.0,57.500760524864816,Satisfactory,Satisfactory
Bengaluru,2020-06-10,70.0,66.94071667467077,Satisfactory,Satisfactory
Hyderabad,2016-01-15,155.0,141.2563644357408,Moderate,Moderate
Jorapokhar,2020-05-08,123.0,108.14667037824525,Moderate,Moderate
Mumbai,2018-05-11,73.0,76.58506313867488,Satisfactory,Satisfactory
Thiruvananthapuram,2019-10-28,69.0,64.82428399271782,Satisfactory,Satisfactory
Amritsar,2018-03-16,88.0,95.59282331341566,Satisfactory,Satisfactory
Amaravati,2019-10-08,50.0,46.15398456509684,Good,Good
Bengaluru,2018-02-07,79.0,88.42072179000051,Satisfactory,Satisfactory
Patna,2019-08-30,115.0,117.03010230131186,Moderate,Moderate
Mumbai,2019-04-30,96.0,96.11690486290709,Satisfactory,Satisfactory
Bhopal,2020-06-02,89.0,89.41680320188684,Satisfactory,Satisfactory
Lucknow,2016-12-23,478.0,424.03405713483824,Severe,Severe
Talcher,2018-11-02,112.0,125.9922079252903,Moderate,Moderate
Bengaluru,2017-12-26,174.0,104.99588481196932,Moderate,Moderate
Chennai,2016-06-14,102.0,103.26025407062487,Moderate,Moderate
Patna,2016-06-23,102.0,127.36409409379412,Moderate,Moderate
Ahmedabad,2018-06-09,319.0,312.51067877080004,Very Poor,Very Poor
Patna,2015-08-09,102.0,101.06733532074763,Moderate,Moderate
Visakhapatnam,2019-05-12,138.0,130.88368410844657,Moderate,Moderate
Hyderabad,2015-06-26,96.0,121.55058913374506,Satisfactory,Moderate
Amritsar,2020-02-24,113.0,115.4017274676313,Moderate,Moderate
Lucknow,2015-02-10,307.0,306.22350009437685,Very Poor,Very Poor
Thiruvananthapuram,2019-08-19,51.0,53.49403845803703,Satisfactory,Satisfactory
Chennai,2016-05-18,164.0,162.84557997219648,Moderate,Moderate
Hyderabad,2016-08-19,45.0,47.08194736079639,Good,Good
Gurugram,2017-11-02,331.0,332.1964165403538,Very Poor,Very Poor
Hyderabad,2018-12-18,67.0,97.078461054609,Satisfactory,Satisfactory
Amaravati,2019-05-20,104.0,87.09814168110202,Moderate,Satisfactory
Talcher,2020-06-07,95.0,100.74989656085191,Satisfactory,Satisfactory
Patna,2017-08-09,102.0,102.28736043867653,Moderate,Moderate
Kolkata,2019-01-05,391.0,391.6500363207458,Very Poor,Very Poor
Bengaluru,2019-07-02,70.0,66.67368735808118,Satisfactory,Satisfactory
Jaipur,2018-05-31,138.0,136.97364161576098,Moderate,Moderate
Jaipur,2017-10-04,181.0,174.8767493376585,Moderate,Moderate
Patna,2017-05-02,97.0,99.40276512331378,Satisfactory,Satisfactory
Amritsar,2020-04-28,56.0,56.75238603626429,Satisfactory,Satisfactory
Ahmedabad,2018-11-07,776.0,1108.7771036324784,Severe,Severe
Delhi,2016-05-12,218.0,217.16295242398354,Poor,Poor
Lucknow,2016-05-11,143.0,144.643285126737,Moderate,Moderate
Hyderabad,2018-08-29,53.0,56.98152929717133,Satisfactory,Satisfactory
Ahmedabad,2017-05-22,185.0,183.30344321058791,Moderate,Moderate
Thiruvananthapuram,2018-11-24,73.0,72.76316916529368,Satisfactory,Satisfactory
Thiruvananthapuram,2018-12-13,121.0,148.95439989906447,Moderate,Moderate
Hyderabad,2017-04-29,127.0,113.5973158430819,Moderate,Moderate
Amritsar,2019-11-09,72.0,75.07876287924009,Satisfactory,Satisfactory
Ahmedabad,2018-10-09,844.0,701.1412484053159,Severe,Severe
Ahmedabad,2016-12-06,259.0,261.36123102154414,Poor,Poor
Amaravati,2019-07-25,31.0,34.45691469119726,Good,Good
Chennai,2020-01-13,140.0,124.63029094550637,Moderate,Moderate
Amritsar,2020-02-07,124.0,116.74082570111658,Moderate,Moderate
Hyderabad,2020-04-07,77.0,63.79950665860467,Satisfactory,Satisfactory
Lucknow,2015-09-11,148.0,134.86896174038563,Moderate,Moderate
Brajrajnagar,2018-11-19,163.0,166.5390145939475,Moderate,Moderate
Visakhapatnam,2019-03-09,80.0,86.84207344925167,Satisfactory,Satisfactory
Thiruvananthapuram,2019-04-28,64.0,68.42933166395758,Satisfactory,Satisfactory
Visakhapatnam,2016-09-30,104.0,110.60257314792575,Moderate,Moderate
Lucknow,2016-04-20,239.0,233.16136082914437,Poor,Poor
Jaipur,2018-10-07,118.0,108.22458690252083,Moderate,Moderate
Gurugram,2018-11-27,337.0,318.84627519370247,Very Poor,Very Poor
Lucknow,2016-03-05,337.0,346.2068690137245,Very Poor,Very Poor
Delhi,2015-11-28,362.0,338.3173370601217,Very Poor,Very Poor
Kolkata,2020-03-25,96.0,89.59175050453757,Satisfactory,Satisfactory
Mumbai,2019-09-26,70.0,61.08817932860247,Satisfactory,Satisfactory
Amaravati,2019-11-14,101.0,84.02436994464408,Moderate,Satisfactory
Chennai,2015-02-20,131.0,154.69419475863654,Moderate,Moderate
Coimbatore,2019-10-08,81.0,91.35218278425612,Satisfactory,Satisfactory
Bengaluru,2018-11-27,127.0,129.88609351401044,Moderate,Moderate
Talcher,2019-07-03,79.0,83.53886332709124,Satisfactory,Satisfactory
Ahmedabad,2019-12-21,206.0,411.25643253311387,Poor,Severe
Ernakulam,2020-01-22,97.0,101.46764112648464,Satisfactory,Satisfactory
Delhi,2015-09-30,187.0,170.7487944581005,Moderate,Moderate
Talcher,2018-03-09,258.0,333.5722584894657,Poor,Very Poor
Lucknow,2016-08-23,52.0,76.08110158222448,Satisfactory,Satisfactory
Kolkata,2018-06-02,44.0,47.079704825663455,Good,Good
Patna,2015-11-28,381.0,370.61209765913304,Very Poor,Very Poor
Guwahati,2020-04-07,152.0,179.4321233219579,Moderate,Moderate
Gurugram,2018-07-25,113.0,116.22645605397553,Moderate,Moderate
Ahmedabad,2017-05-16,185.0,183.30344321058791,Moderate,Moderate
Hyderabad,2016-11-05,151.0,124.78356507731984,Moderate,Moderate
Patna,2019-05-09,202.0,183.13222656301753,Poor,Moderate
Brajrajnagar,2019-01-02,297.0,298.2272571388694,Poor,Poor
Coimbatore,2020-06-30,33.0,41.84000276761221,Good,Good
Gurugram,2019-04-14,140.0,172.89588062922655,Moderate,Moderate
Coimbatore,2020-06-24,38.0,33.935056795877756,Good,Good
Chennai,2019-03-25,83.0,77.45007655876131,Satisfactory,Satisfactory
Thiruvananthapuram,2018-02-23,94.0,97.37604579375984,Satisfactory,Satisfactory
Coimbatore,2019-08-10,76.0,74.87292740886711,Satisfactory,Satisfactory
Chennai,2016-05-29,124.0,121.95917579485352,Moderate,Moderate
Lucknow,2016-06-17,172.0,149.4784660514744,Moderate,Moderate
Hyderabad,2015-02-19,108.0,108.37362725239731,Moderate,Moderate
Amritsar,2020-03-16,95.0,93.52557254386109,Satisfactory,Satisfactory
Amritsar,2018-09-16,39.0,48.387489562285026,Good,Good
Gurugram,2019-09-03,122.0,111.59797349729243,Moderate,Satisfactory
Lucknow,2016-03-16,134.0,167.76066623216997,Moderate,Moderate
Brajrajnagar,2020-01-07,115.0,129.1544994693179,Moderate,Moderate
Lucknow,2017-03-21,232.0,264.6033743332233,Poor,Poor
Coimbatore,2020-02-11,69.0,66.87232801997317,Satisfactory,Satisfactory
Jaipur,2017-12-07,198.0,190.9876889971917,Moderate,Moderate
Kolkata,2020-03-18,156.0,159.1720717096736,Moderate,Moderate
Jorapokhar,2017-07-26,35.0,45.49944243727268,Good,Good
Chandigarh,2019-10-27,253.0,270.74237763942864,Poor,Poor
Bengaluru,2016-03-31,111.0,121.72933313740705,Moderate,Moderate
Amaravati,2018-07-06,85.0,65.77985663775323,Satisfactory,Satisfactory
Amaravati,2018-08-12,50.0,49.59855630262785,Good,Good
Delhi,2016-06-02,316.0,270.76374538626465,Very Poor,Poor
Jorapokhar,2017-11-08,174.0,173.9562633685355,Moderate,Moderate
Gurugram,2017-02-14,346.0,361.764171562204,Very Poor,Very Poor
Patna,2015-10-30,137.0,140.27280624663632,Moderate,Moderate
Hyderabad,2016-12-10,117.0,120.58509772789238,Moderate,Moderate
Chennai,2015-02-21,85.0,109.06266045262336,Satisfactory,Moderate
Ahmedabad,2017-07-17,315.0,315.4305581285962,Very Poor,Very Poor
Hyderabad,2020-03-04,106.0,103.98806803335984,Moderate,Moderate
Kolkata,2018-10-22,219.0,239.18944327459832,Poor,Poor
Hyderabad,2015-08-24,88.0,160.20697547351583,Satisfactory,Moderate
Brajrajnagar,2018-05-10,155.0,142.73998914337292,Moderate,Moderate
Delhi,2017-05-17,264.0,244.32406599233013,Poor,Poor
Brajrajnagar,2018-03-24,247.0,252.14632121810263,Poor,Poor
Amritsar,2019-04-05,167.0,157.19930253456158,Moderate,Moderate
Chennai,2019-03-20,103.0,108.94748986457847,Moderate,Moderate
Gurugram,2016-09-09,77.0,79.16491390934694,Satisfactory,Satisfactory
Gurugram,2016-12-31,394.0,431.09292997744467,Very Poor,Severe
Talcher,2018-06-12,98.0,97.88421036976159,Satisfactory,Satisfactory
Gurugram,2019-03-27,127.0,131.5193912056014,Moderate,Moderate
Delhi,2020-03-10,186.0,173.61397832483198,Moderate,Moderate
Lucknow,2018-03-24,197.0,203.22172887504306,Moderate,Poor
Bengaluru,2016-11-19,86.0,97.30818600713111,Satisfactory,Satisfactory
Jorapokhar,2018-11-22,351.0,393.46795791749355,Very Poor,Very Poor
Hyderabad,2017-02-02,102.0,124.52753309011483,Moderate,Moderate
Gurugram,2019-05-20,209.0,211.78914715110702,Poor,Poor
Jorapokhar,2019-02-18,93.0,93.06726195940212,Satisfactory,Moderate
Ernakulam,2020-03-19,100.0,94.608093042416,Satisfactory,Satisfactory
Amaravati,2018-08-22,75.0,82.83942453955271,Satisfactory,Satisfactory
Delhi,2015-10-10,320.0,325.0979890774664,Very Poor,Very Poor
Talcher,2019-05-23,117.0,109.97356473165785,Moderate,Moderate
Lucknow,2015-01-08,346.0,346.63178284012196,Very Poor,Very Poor
Visakhapatnam,2018-04-14,54.0,71.47141176482639,Satisfactory,Satisfactory
Gurugram,2019-11-11,340.0,354.9315124969542,Very Poor,Very Poor
Chennai,2017-09-03,93.0,78.77355429039221,Satisfactory,Satisfactory
Gurugram,2017-12-18,232.0,220.97848851584638,Poor,Moderate
Patna,2019-01-02,568.0,561.4503278762514,Severe,Severe
Shillong,2020-04-25,66.0,68.19267069687689,Satisfactory,Satisfactory
Hyderabad,2018-11-22,131.0,132.05316110182181,Moderate,Moderate
Brajrajnagar,2018-12-15,233.0,240.35273418024863,Poor,Poor
Patna,2016-12-03,391.0,390.013221363661,Very Poor,Very Poor
Delhi,2019-01-22,174.0,243.61172601881918,Moderate,Poor
Thiruvananthapuram,2020-06-10,46.0,46.60946672300392,Good,Good
Patna,2019-10-22,329.0,280.221958712285,Very Poor,Poor
Patna,2016-02-12,373.0,355.0447914496737,Very Poor,Very Poor
Mumbai,2017-12-24,137.0,137.09044071609668,Moderate,Moderate
Lucknow,2015-03-23,699.0,202.6179911799674,Severe,Moderate
Shillong,2019-12-03,17.0,23.949788191222357,Good,Good
Mumbai,2017-03-01,106.0,114.83114419515101,Moderate,Moderate
Lucknow,2019-01-12,346.0,356.43550258538534,Very Poor,Very Poor
Mumbai,2016-07-20,53.0,53.679004495933334,Satisfactory,Satisfactory
Lucknow,2015-12-22,381.0,395.7831435362077,Very Poor,Very Poor
Gurugram,2017-10-10,182.0,179.5769525365193,Moderate,Moderate
Lucknow,2016-02-27,335.0,323.0013236889232,Very Poor,Very Poor
Hyderabad,2018-08-10,48.0,47.727979429234935,Good,Good
Visakhapatnam,2019-08-04,83.0,81.15756604336495,Satisfactory,Satisfactory
Lucknow,2018-07-02,117.0,118.57176028283584,Moderate,Moderate
Talcher,2018-08-25,101.0,99.4372203242847,Moderate,Moderate
Chandigarh,2019-09-08,88.0,75.4817522065979,Satisfactory,Satisfactory
Patna,2018-11-21,428.0,411.52708948966097,Severe,Severe
Thiruvananthapuram,2018-11-07,99.0,103.39041983108409,Satisfactory,Satisfactory
Bengaluru,2020-05-04,79.0,70.92906540011958,Satisfactory,Satisfactory
Hyderabad,2015-11-28,172.0,176.09906366322318,Moderate,Moderate
Brajrajnagar,2018-03-01,194.0,198.86870249300682,Moderate,Poor
Ernakulam,2020-05-02,91.0,90.85610888122318,Satisfactory,Satisfactory
Amaravati,2020-01-15,163.0,151.00993813466602,Moderate,Moderate
Jaipur,2019-08-27,65.0,62.998414151658565,Satisfactory,Satisfactory
Delhi,2017-01-22,446.0,425.38511718172845,Severe,Severe
Gurugram,2017-08-26,244.0,223.84630620152555,Poor,Moderate
Chandigarh,2019-12-21,199.0,156.87466237573494,Moderate,Moderate
Mumbai,2018-05-07,73.0,67.99904479952134,Satisfactory,Satisfactory
Ahmedabad,2016-05-06,185.0,183.16842359166583,Moderate,Moderate
Thiruvananthapuram,2018-02-21,112.0,109.4879930118378,Moderate,Moderate
Hyderabad,2015-11-07,206.0,184.90124995384954,Poor,Moderate
Ahmedabad,2018-10-20,559.0,514.7789285129049,Severe,Severe
Delhi,2017-12-14,276.0,281.4246795902005,Poor,Poor
Patna,2019-04-29,168.0,143.57232692423665,Moderate,Moderate
Amritsar,2019-03-09,77.0,85.77484739410812,Satisfactory,Satisfactory
Amritsar,2020-05-23,106.0,110.1214582098515,Moderate,Moderate
Jorapokhar,2018-06-12,107.0,106.51293551657731,Moderate,Moderate
Coimbatore,2019-12-16,58.0,66.62814679169692,Satisfactory,Satisfactory
Patna,2018-06-07,168.0,141.93626051344742,Moderate,Moderate
Chennai,2018-08-21,148.0,176.77326939850877,Moderate,Moderate
Hyderabad,2016-04-06,117.0,107.64081413967818,Moderate,Moderate
Kolkata,2019-07-29,33.0,42.53205663947597,Good,Good
Bengaluru,2015-08-14,277.0,275.8014864942317,Poor,Moderate
Jorapokhar,2018-07-13,94.0,98.57701490432625,Satisfactory,Satisfactory
Patna,2020-01-01,364.0,370.94025796655063,Very Poor,Very Poor
Amaravati,2019-02-06,178.0,170.65775582578235,Moderate,Moderate
Visakhapatnam,2019-08-23,109.0,98.43483181623169,Moderate,Satisfactory
Patna,2018-03-04,165.0,216.0841393782827,Moderate,Poor
Gurugram,2017-10-31,337.0,345.9699419652861,Very Poor,Very Poor
Thiruvananthapuram,2019-07-17,55.0,60.65398238311377,Satisfactory,Satisfactory
Chennai,2018-11-17,71.0,70.48438541395726,Satisfactory,Satisfactory
Bengaluru,2017-03-15,44.0,66.94089386745719,Good,Satisfactory
Ahmedabad,2018-01-08,517.0,400.687587639319,Severe,Poor
Patna,2016-06-06,95.0,112.51529258772138,Satisfactory,Moderate
Delhi,2015-09-12,226.0,206.0569359999607,Poor,Poor
Chennai,2019-07-10,92.0,85.9187840478076,Satisfactory,Satisfactory
Guwahati,2019-10-02,30.0,47.336119425450555,Good,Good
Delhi,2017-11-12,613.0,588.96925443516,Severe,Severe
Hyderabad,2018-09-21,91.0,81.53274405115103,Satisfactory,Satisfactory
Thiruvananthapuram,2020-01-10,82.0,78.33732565603029,Satisfactory,Satisfactory
Gurugram,2016-10-07,226.0,260.8542602471157,Poor,Poor
Talcher,2020-05-12,100.0,131.01893056115435,Satisfactory,Moderate
Mumbai,2019-01-27,117.0,118.82283859785211,Moderate,Moderate
Ahmedabad,2019-01-15,172.0,277.20433905684354,Moderate,Poor
Mumbai,2015-07-10,53.0,53.679004495933334,Satisfactory,Satisfactory
Patna,2016-04-12,148.0,125.37361788788706,Moderate,Moderate
Jorapokhar,2017-09-13,52.0,53.22107572162631,Satisfactory,Satisfactory
Mumbai,2018-07-14,84.0,78.1590548583463,Satisfactory,Satisfactory
Bengaluru,2020-05-08,73.0,71.48367640200846,Satisfactory,Satisfactory
Patna,2015-06-17,99.0,94.07459904549887,Satisfactory,Satisfactory
Hyderabad,2018-01-22,142.0,136.97305465836652,Moderate,Moderate
Gurugram,2016-05-15,236.0,213.5896695558679,Poor,Poor
Ahmedabad,2018-01-14,542.0,501.1210801553878,Severe,Severe
Gurugram,2019-09-15,85.0,89.7734327533691,Satisfactory,Satisfactory
Delhi,2019-12-15,205.0,205.8230280447924,Poor,Poor
Gurugram,2018-07-14,68.0,93.70696488659952,Satisfactory,Moderate
Jaipur,2019-07-18,98.0,91.77648985363126,Satisfactory,Satisfactory
Talcher,2018-04-24,145.0,151.5143342479557,Moderate,Moderate
Gurugram,2018-03-03,231.0,223.90338069016912,Poor,Poor
Gurugram,2018-09-16,81.0,81.81613274565653,Satisfactory,Satisfactory
Chennai,2017-03-25,137.0,126.40860779841317,Moderate,Moderate
Gurugram,2017-01-10,374.0,362.69589605526505,Very Poor,Very Poor
Ahmedabad,2017-03-01,272.0,305.67113842136354,Poor,Poor
Jaipur,2019-05-14,100.0,113.59052398975622,Satisfactory,Moderate
Mumbai,2019-01-15,162.0,163.47385034095734,Moderate,Moderate
Mumbai,2020-06-12,52.0,45.81951725883412,Satisfactory,Good
Chennai,2019-08-01,105.0,99.78756804248164,Moderate,Satisfactory
Ahmedabad,2019-03-17,321.0,446.8588225172942,Very Poor,Severe
Delhi,2015-09-26,282.0,260.3993468179637,Poor,Poor
Mumbai,2019-07-31,56.0,53.018541095829484,Satisfactory,Satisfactory
Chennai,2019-02-06,149.0,116.31984808360431,Moderate,Moderate
Amritsar,2019-02-23,78.0,90.57134726865206,Satisfactory,Satisfactory
Jorapokhar,2018-06-14,122.0,114.89824660690928,Moderate,Moderate
Amritsar,2019-10-16,117.0,107.47094301755318,Moderate,Moderate
Ahmedabad,2019-09-28,438.0,459.48686120741377,Severe,Severe
Delhi,2019-11-21,375.0,362.35293018165606,Very Poor,Very Poor
Patna,2016-09-06,144.0,111.87539038327536,Moderate,Moderate
Thiruvananthapuram,2019-02-13,96.0,85.11198826592583,Satisfactory,Satisfactory
Thiruvananthapuram,2017-12-10,85.0,90.0403728952317,Satisfactory,Satisfactory
Patna,2016-09-15,186.0,165.152168067187,Moderate,Moderate
Amritsar,2018-04-12,72.0,73.54434427851436,Satisfactory,Satisfactory
Gurugram,2020-01-21,276.0,270.93055897695484,Poor,Poor
Thiruvananthapuram,2018-09-29,58.0,62.59172040140492,Satisfactory,Satisfactory
Brajrajnagar,2019-12-26,255.0,245.00118978303124,Poor,Poor
Amritsar,2018-09-15,38.0,69.73827798085944,Good,Satisfactory
Kolkata,2018-08-10,73.0,69.16418432877823,Satisfactory,Satisfactory
Chennai,2017-08-20,62.0,66.64125514720057,Satisfactory,Satisfactory
Patna,2019-06-19,142.0,139.69388183029474,Moderate,Moderate
Amritsar,2018-07-31,59.0,69.31862601302687,Satisfactory,Satisfactory
Guwahati,2020-05-26,45.0,38.2811060918775,Good,Good
Amritsar,2020-01-30,60.0,62.563163160814845,Satisfactory,Satisfactory
Gurugram,2017-04-28,387.0,347.78480968876835,Very Poor,Very Poor
Amritsar,2017-09-26,225.0,198.81190081473844,Poor,Moderate
Amaravati,2018-06-10,76.0,81.21578376499625,Satisfactory,Satisfactory
Bengaluru,2016-07-31,37.0,65.57912928508372,Good,Satisfactory
Delhi,2015-06-20,239.0,221.91544386002286,Poor,Poor
Bengaluru,2015-07-27,157.0,125.2494642857143,Moderate,Moderate
Jorapokhar,2018-05-02,105.0,110.88676127410719,Moderate,Moderate
Gurugram,2017-06-30,91.0,105.08186536081243,Satisfactory,Moderate
Patna,2019-12-17,340.0,319.86720442921586,Very Poor,Very Poor
Hyderabad,2016-10-14,97.0,98.11005982501987,Satisfactory,Satisfactory
Amritsar,2018-08-09,40.0,39.815924126383656,Good,Good
Mumbai,2020-03-11,88.0,93.9655850408808,Satisfactory,Satisfactory
Gurugram,2016-04-03,178.0,180.66054563054422,Moderate,Moderate
Kolkata,2019-02-21,278.0,307.187852001286,Poor,Very Poor
Delhi,2020-03-05,112.0,107.86961398732691,Moderate,Moderate
Chennai,2017-12-02,71.0,81.63794793407482,Satisfactory,Satisfactory
Lucknow,2016-12-01,370.0,408.6141637312753,Very Poor,Severe
Amritsar,2018-08-02,62.0,67.15226422862392,Satisfactory,Satisfactory
Jorapokhar,2020-05-06,121.0,130.76282658845858,Moderate,Moderate
Patna,2016-06-27,127.0,169.19024020065066,Moderate,Moderate
Amaravati,2019-02-09,115.0,129.86769049252257,Moderate,Moderate
Ahmedabad,2015-02-16,536.0,472.1478855579684,Severe,Severe
Patna,2015-11-01,306.0,298.33180156090276,Very Poor,Very Poor
Ahmedabad,2019-07-20,459.0,483.02278186244826,Severe,Severe
Hyderabad,2017-05-12,86.0,104.29800640132258,Satisfactory,Moderate
Amritsar,2019-08-14,50.0,56.86895938026637,Good,Satisfactory
Delhi,2017-07-12,47.0,62.551767690353465,Good,Satisfactory
Lucknow,2015-12-12,455.0,467.45851076640474,Severe,Severe
Bhopal,2020-03-13,98.0,109.56802698687581,Satisfactory,Moderate
Patna,2016-09-17,110.0,110.41836713278755,Moderate,Moderate
Gurugram,2019-03-06,90.0,112.33361399544003,Satisfactory,Moderate
Talcher,2018-08-15,113.0,111.6426329955439,Moderate,Moderate
Gurugram,2019-01-19,349.0,407.692746411029,Very Poor,Very Poor
Thiruvananthapuram,2019-11-08,65.0,66.02353354167805,Satisfactory,Satisfactory
Gurugram,2016-06-04,276.0,268.29382720861867,Poor,Poor
Delhi,2015-09-24,175.0,140.52971087924226,Moderate,Moderate
Chennai,2015-03-15,82.0,86.61800448010594,Satisfactory,Satisfactory
Jorapokhar,2019-06-05,107.0,106.51293551657731,Moderate,Moderate
Guwahati,2020-03-05,84.0,86.32747478803297,Satisfactory,Moderate
Ahmedabad,2015-09-01,302.0,290.9047335553866,Very Poor,Very Poor
Hyderabad,2019-02-03,120.0,117.97466623029148,Moderate,Moderate
Guwahati,2020-03-04,71.0,102.93067722487037,Satisfactory,Moderate
Brajrajnagar,2019-07-13,102.0,100.82449838721337,Moderate,Moderate
Gurugram,2019-06-03,223.0,253.2591217651236,Poor,Poor
Hyderabad,2017-04-07,136.0,107.5249994803327,Moderate,Moderate
Lucknow,2016-10-10,142.0,145.7966956046737,Moderate,Moderate
Gurugram,2018-09-24,82.0,79.32472115337607,Satisfactory,Satisfactory
Bengaluru,2017-04-01,124.0,110.92185406003657,Moderate,Moderate
Thiruvananthapuram,2019-07-22,52.0,43.39135285836516,Satisfactory,Good
Mumbai,2015-11-07,128.0,129.27183442542076,Moderate,Moderate
Lucknow,2018-10-03,228.0,231.04637334652531,Poor,Poor
Gurugram,2019-11-02,431.0,491.5416730835685,Severe,Severe
Patna,2019-09-14,68.0,97.40434079448914,Satisfactory,Satisfactory
Delhi,2017-10-05,180.0,154.77802811213292,Moderate,Moderate
Patna,2019-04-30,167.0,138.0800096010886,Moderate,Moderate
Bengaluru,2018-12-31,123.0,123.9687671943942,Moderate,Moderate
Shillong,2020-02-19,182.0,184.81312418997948,Moderate,Moderate
Patna,2016-07-07,157.0,116.38582281543117,Moderate,Moderate
Hyderabad,2015-10-28,227.0,189.5409670775698,Poor,Moderate
Amaravati,2019-08-08,27.0,54.83634206574257,Good,Good
Shillong,2020-06-18,46.0,30.047521399317798,Good,Good
Patna,2017-06-19,78.0,78.7835018308596,Satisfactory,Satisfactory
Jorapokhar,2019-02-05,215.0,234.0863321399528,Poor,Poor
Visakhapatnam,2020-02-14,159.0,143.4332290480197,Moderate,Moderate
Amritsar,2018-01-16,152.0,171.02596770497766,Moderate,Moderate
Delhi,2020-06-14,147.0,138.66998679685958,Moderate,Moderate
Mumbai,2018-01-12,147.0,147.89114769522374,Moderate,Moderate
Hyderabad,2015-07-04,103.0,89.70615481484441,Moderate,Satisfactory
Ahmedabad,2018-07-06,513.0,493.8046447128396,Severe,Severe
Bengaluru,2018-12-09,128.0,125.29312689363887,Moderate,Moderate
Ahmedabad,2020-05-22,142.0,113.06247094767916,Moderate,Moderate
Patna,2018-02-13,338.0,325.57594442031876,Very Poor,Very Poor
Thiruvananthapuram,2018-12-05,106.0,106.36198849442746,Moderate,Moderate
Visakhapatnam,2019-10-01,93.0,92.55522627353419,Satisfactory,Satisfactory
Visakhapatnam,2017-04-08,149.0,111.0960039307983,Moderate,Moderate
Mumbai,2015-06-24,48.0,47.77489144057765,Good,Good
Brajrajnagar,2018-01-18,217.0,218.11922856819422,Poor,Poor
Hyderabad,2015-08-26,114.0,102.50263135598034,Moderate,Moderate
Thiruvananthapuram,2019-02-23,90.0,80.49691878157483,Satisfactory,Satisfactory
Patna,2017-12-12,385.0,395.25463226179374,Very Poor,Very Poor
Amaravati,2020-03-01,67.0,72.15535043984391,Satisfactory,Satisfactory
Bengaluru,2018-03-08,99.0,105.05990265060889,Satisfactory,Satisfactory
Amritsar,2018-05-25,114.0,115.7194397280319,Moderate,Moderate
Amaravati,2020-02-12,86.0,94.70943339822878,Satisfactory,Satisfactory
Mumbai,2018-03-17,106.0,106.35935745099951,Moderate,Moderate
Chennai,2015-04-01,289.0,260.8232802828595,Poor,Poor
Gurugram,2017-11-04,337.0,336.75931498015024,Very Poor,Very Poor
Amritsar,2017-09-10,142.0,129.06546035820892,Moderate,Moderate
Talcher,2020-02-02,244.0,252.36931439152167,Poor,Poor
Mumbai,2016-04-06,72.0,70.88646738238639,Satisfactory,Satisfactory
Patna,2016-05-06,262.0,241.46610017557575,Poor,Poor
Hyderabad,2018-06-04,89.0,82.67108036438684,Satisfactory,Satisfactory
Kolkata,2019-01-24,391.0,413.63721955833745,Very Poor,Severe
Ahmedabad,2015-02-22,669.0,930.9232837301587,Severe,Severe
Brajrajnagar,2019-08-19,72.0,94.72371017692812,Satisfactory,Satisfactory
Talcher,2018-07-15,109.0,108.14945712139317,Moderate,Moderate
Patna,2016-08-02,228.0,247.2907431743484,Poor,Moderate
Mumbai,2018-09-23,82.0,85.32029188757606,Satisfactory,Satisfactory
Jorapokhar,2017-09-08,52.0,52.99003623093309,Satisfactory,Satisfactory
Kochi,2020-06-26,88.0,90.00057220462548,Satisfactory,Satisfactory
Bhopal,2020-01-17,234.0,212.00155478820497,Poor,Moderate
Visakhapatnam,2017-07-11,86.0,85.20838277650095,Satisfactory,Satisfactory
Bengaluru,2018-01-05,95.0,89.47325246376728,Satisfactory,Satisfactory
Bengaluru,2018-06-24,64.0,69.5446760672322,Satisfactory,Satisfactory
Hyderabad,2017-07-10,60.0,57.18511801555178,Satisfactory,Satisfactory
Ahmedabad,2019-05-18,359.0,339.2303973367283,Very Poor,Very Poor
Shillong,2020-05-23,28.0,36.02830872538274,Good,Good
Ahmedabad,2015-07-30,169.0,174.1372816683637,Moderate,Moderate
Amaravati,2018-09-04,98.0,93.02122708533183,Satisfactory,Satisfactory
Lucknow,2015-08-16,94.0,86.9057210274084,Satisfactory,Satisfactory
Visakhapatnam,2020-02-08,61.0,87.35705373109914,Satisfactory,Satisfactory
Amaravati,2018-12-04,176.0,196.21810499353032,Moderate,Moderate
Hyderabad,2016-08-15,45.0,47.34540265909558,Good,Good
Amritsar,2020-04-19,44.0,49.3040492472696,Good,Good
Jaipur,2020-03-02,95.0,104.77477073130382,Satisfactory,Moderate
Chennai,2017-04-22,184.0,171.35931059703944,Moderate,Moderate
Talcher,2018-11-20,408.0,327.75943797189245,Severe,Poor
Lucknow,2017-07-28,84.0,116.8510656480634,Satisfactory,Satisfactory
Mumbai,2020-02-09,142.0,136.3334312368066,Moderate,Moderate
Chandigarh,2020-04-14,56.0,56.65054294150352,Satisfactory,Satisfactory
Chennai,2020-02-22,76.0,71.21262324127379,Satisfactory,Satisfactory
Ahmedabad,2016-05-16,185.0,183.30344321058791,Moderate,Moderate
Lucknow,2019-05-15,198.0,182.84946452018912,Moderate,Moderate
Bengaluru,2017-06-26,138.0,78.25532402154323,Moderate,Satisfactory
Delhi,2020-05-06,139.0,134.3178855544448,Moderate,Moderate
Hyderabad,2019-12-10,117.0,117.9202788923578,Moderate,Moderate
Mumbai,2016-07-10,53.0,53.679004495933334,Satisfactory,Satisfactory
Hyderabad,2016-01-22,117.0,122.60353908914715,Moderate,Moderate
Hyderabad,2018-05-16,85.0,90.0217001686882,Satisfactory,Satisfactory
Bhopal,2019-11-03,97.0,110.33762011640125,Satisfactory,Moderate
Lucknow,2015-12-24,366.0,365.9973925769698,Very Poor,Very Poor
Gurugram,2018-10-31,400.0,401.32796825441335,Very Poor,Very Poor
Visakhapatnam,2020-05-04,65.0,72.00479498616704,Satisfactory,Satisfactory
Brajrajnagar,2019-11-21,131.0,132.8221322163198,Moderate,Moderate
Lucknow,2018-11-02,340.0,336.9344333461711,Very Poor,Very Poor
Hyderabad,2018-02-20,103.0,105.14064449173893,Moderate,Moderate
Bengaluru,2017-06-06,54.0,47.15553498806752,Satisfactory,Good
Kolkata,2019-04-18,169.0,153.54641829087467,Moderate,Moderate
Mumbai,2018-12-18,136.0,139.3822119437251,Moderate,Moderate
Hyderabad,2017-11-28,171.0,194.53022227743938,Moderate,Moderate
Ahmedabad,2019-07-19,429.0,468.6252323645931,Severe,Severe
Bengaluru,2018-10-26,101.0,113.17357483623753,Moderate,Moderate
Gurugram,2017-04-19,403.0,361.25152716985156,Severe,Very Poor
Hyderabad,2016-04-16,125.0,133.23622789446503,Moderate,Moderate
Patna,2016-04-27,262.0,213.87703997345895,Poor,Poor
Jaipur,2018-08-12,79.0,79.27674496302605,Satisfactory,Satisfactory
Bengaluru,2016-09-30,150.0,136.07923215495703,Moderate,Moderate
Coimbatore,2019-07-14,58.0,66.24891684910911,Satisfactory,Satisfactory
Visakhapatnam,2018-08-13,59.0,72.50172689410051,Satisfactory,Satisfactory
Bengaluru,2017-12-25,91.0,142.0563858252799,Satisfactory,Moderate
Bengaluru,2019-09-14,70.0,65.74861998642186,Satisfactory,Satisfactory
Amritsar,2020-06-23,125.0,157.3646651254615,Moderate,Moderate
Gurugram,2020-04-22,120.0,107.49576566380934,Moderate,Moderate
Gurugram,2020-02-26,241.0,232.07638501619297,Poor,Poor
Jorapokhar,2018-05-11,105.0,105.45507550620985,Moderate,Moderate
Chennai,2019-06-18,108.0,97.3318604669999,Moderate,Satisfactory
Mumbai,2018-10-14,149.0,139.87970169080214,Moderate,Moderate
Kolkata,2020-05-21,37.0,41.268521331893965,Good,Good
Delhi,2018-03-13,241.0,253.43136815715263,Poor,Poor
Thiruvananthapuram,2019-10-03,63.0,63.755252887251714,Satisfactory,Satisfactory
Bengaluru,2019-01-30,107.0,104.34375399189393,Moderate,Moderate
Coimbatore,2020-06-08,54.0,55.40656039153458,Satisfactory,Satisfactory
Bengaluru,2016-10-20,75.0,113.28191224631772,Satisfactory,Moderate
Thiruvananthapuram,2018-08-14,92.0,77.90528563917933,Satisfactory,Satisfactory
Patna,2017-12-21,391.0,371.0377044629479,Very Poor,Very Poor
Delhi,2018-11-14,361.0,345.9555510884851,Very Poor,Very Poor
Ahmedabad,2019-05-30,515.0,422.04495495358236,Severe,Severe
Gurugram,2016-01-27,323.0,313.71545835959824,Very Poor,Very Poor
Mumbai,2015-01-05,147.0,147.67226551943156,Moderate,Moderate
Thiruvananthapuram,2020-06-29,49.0,49.32967044594572,Good,Good
Coimbatore,2020-06-29,41.0,32.519205336183674,Good,Good
Jaipur,2020-03-22,100.0,107.67780504419464,Satisfactory,Moderate
Chennai,2015-09-29,224.0,183.2693868086646,Poor,Moderate
Lucknow,2017-10-09,165.0,181.11185679012294,Moderate,Moderate
Brajrajnagar,2018-06-02,95.0,98.0131096630365,Satisfactory,Satisfactory
Brajrajnagar,2018-08-07,81.0,86.82815214463395,Satisfactory,Satisfactory
Guwahati,2020-06-27,35.0,39.08149451600458,Good,Good
Chennai,2017-03-28,86.0,95.08363041760235,Satisfactory,Satisfactory
Talcher,2020-05-08,138.0,123.94161597940655,Moderate,Moderate
Bhopal,2019-11-08,97.0,116.31468958516643,Satisfactory,Moderate
Lucknow,2018-04-19,162.0,178.21916052650803,Moderate,Moderate
Bengaluru,2019-01-08,120.0,119.72486193290284,Moderate,Moderate
Amaravati,2019-05-03,148.0,141.09623848685126,Moderate,Moderate
Mumbai,2018-02-25,135.0,135.48298139232307,Moderate,Moderate
Jaipur,2017-09-12,111.0,99.52058192657802,Moderate,Moderate
Amaravati,2018-05-29,134.0,104.77391819530202,Moderate,Satisfactory
Bengaluru,2015-06-06,74.0,99.24874721820294,Satisfactory,Satisfactory
Bengaluru,2019-09-01,61.0,61.18262929568036,Satisfactory,Satisfactory
Delhi,2018-10-06,237.0,206.38569917138614,Poor,Poor
Mumbai,2015-09-16,55.0,54.36338552105759,Satisfactory,Satisfactory
Lucknow,2020-01-05,210.0,230.0068807090395,Poor,Poor
Amritsar,2020-01-15,166.0,112.4669288005795,Moderate,Satisfactory
Visakhapatnam,2017-04-28,74.0,72.93207357966173,Satisfactory,Satisfactory
Visakhapatnam,2017-09-06,87.0,85.73454743356126,Satisfactory,Satisfactory
Jaipur,2019-07-29,59.0,54.83515051821262,Satisfactory,Satisfactory
Coimbatore,2020-03-28,77.0,63.1744719844383,Satisfactory,Satisfactory
Talcher,2018-10-18,117.0,114.36965152019816,Moderate,Moderate
Patna,2017-06-27,78.0,79.30902113923415,Satisfactory,Satisfactory
Brajrajnagar,2019-01-26,126.0,175.5832705505194,Moderate,Moderate
Ahmedabad,2016-11-05,374.0,473.8845117404635,Very Poor,Very Poor
Lucknow,2018-08-08,99.0,108.80388991573975,Satisfactory,Satisfactory
Brajrajnagar,2018-07-05,103.0,105.234903746051,Moderate,Moderate
Chennai,2018-01-28,165.0,149.8796989816062,Moderate,Moderate
Delhi,2017-02-20,313.0,330.81619067797493,Very Poor,Very Poor
Jaipur,2020-03-28,67.0,52.94104241203907,Satisfactory,Satisfactory
Lucknow,2016-11-18,394.0,374.7561363692761,Very Poor,Very Poor
Mumbai,2015-07-01,53.0,50.60586345915406,Satisfactory,Satisfactory
Gurugram,2018-11-18,295.0,282.0304328235062,Poor,Poor
Lucknow,2017-11-24,336.0,336.5605828217117,Very Poor,Very Poor
Chennai,2015-08-09,123.0,122.2821707268321,Moderate,Moderate
Lucknow,2018-01-03,406.0,373.53517806335185,Severe,Very Poor
Mumbai,2015-12-16,137.0,137.09044071609668,Moderate,Moderate
Patna,2017-01-20,335.0,332.978787323218,Very Poor,Very Poor
Lucknow,2017-05-21,288.0,312.75681452469684,Poor,Very Poor
Jaipur,2018-03-11,113.0,111.97032645474309,Moderate,Moderate
Bengaluru,2015-04-25,44.0,123.51205558484915,Good,Moderate
Chennai,2019-10-18,80.0,62.291763998575696,Satisfactory,Satisfactory
Bengaluru,2019-09-06,64.0,58.1480897327653,Satisfactory,Satisfactory
Amritsar,2020-02-29,108.0,97.36105763786847,Moderate,Satisfactory
Talcher,2019-02-07,404.0,378.52295219071004,Severe,Very Poor
Patna,2016-08-09,134.0,93.29818024770097,Moderate,Moderate
Chennai,2018-09-30,157.0,79.2763685983089,Moderate,Moderate
Bengaluru,2020-01-15,111.0,107.32448983355732,Moderate,Satisfactory
Bengaluru,2018-05-04,73.0,168.55202196533094,Satisfactory,Moderate
Jorapokhar,2017-06-17,104.0,103.73713217930677,Moderate,Moderate
Lucknow,2016-08-05,67.0,92.95944509465465,Satisfactory,Satisfactory
Gurugram,2019-08-06,71.0,63.03561798888163,Satisfactory,Satisfactory
Talcher,2018-11-06,246.0,203.72155766213422,Poor,Moderate
Thiruvananthapuram,2017-10-29,31.0,31.954417384459074,Good,Good
Jaipur,2018-02-21,223.0,224.60165252714938,Poor,Poor
Amritsar,2019-11-21,280.0,254.79788106125633,Poor,Poor
Patna,2016-11-04,308.0,353.64384758378276,Very Poor,Very Poor
Shillong,2020-04-14,66.0,68.19267069687689,Satisfactory,Satisfactory
Hyderabad,2019-10-18,64.0,89.31072223084297,Satisfactory,Satisfactory
Patna,2019-08-05,106.0,103.29220535287715,Moderate,Moderate
Bengaluru,2018-06-11,65.0,56.80586821238457,Satisfactory,Satisfactory
Chennai,2015-03-16,82.0,86.08380621908715,Satisfactory,Satisfactory
Lucknow,2016-05-16,143.0,144.643285126737,Moderate,Moderate
Chennai,2017-07-20,70.0,71.75792577143292,Satisfactory,Satisfactory
Amritsar,2019-07-05,77.0,83.42096062776017,Satisfactory,Satisfactory
Mumbai,2015-08-05,54.0,53.86706800226065,Satisfactory,Satisfactory
Delhi,2016-11-21,474.0,474.31772471568877,Severe,Severe
Gurugram,2016-01-03,323.0,322.2637718749149,Very Poor,Very Poor
Mumbai,2018-04-01,72.0,98.8532485414265,Satisfactory,Satisfactory
Bengaluru,2015-12-12,99.0,93.59699263391676,Satisfactory,Satisfactory
Bengaluru,2019-03-11,91.0,97.67356934128561,Satisfactory,Satisfactory
Visakhapatnam,2017-08-22,91.0,89.75475951298114,Satisfactory,Satisfactory
Thiruvananthapuram,2019-11-02,69.0,63.735806110441644,Satisfactory,Satisfactory
Bengaluru,2017-06-08,51.0,56.60347875809573,Satisfactory,Satisfactory
Bengaluru,2018-03-01,83.0,88.44740178260199,Satisfactory,Satisfactory
Hyderabad,2016-06-25,88.0,77.60381702033231,Satisfactory,Satisfactory
Patna,2018-09-30,191.0,178.36154811905064,Moderate,Moderate
Amritsar,2017-12-29,233.0,259.30216428717637,Poor,Poor
Mumbai,2015-11-23,128.0,129.33002189897138,Moderate,Moderate
Mumbai,2016-10-09,72.0,75.18396276671906,Satisfactory,Satisfactory
Bengaluru,2017-08-16,65.0,67.60517651927942,Satisfactory,Satisfactory
Mumbai,2015-04-13,72.0,70.88646738238639,Satisfactory,Satisfactory
Hyderabad,2017-04-06,92.0,109.82760651714872,Satisfactory,Moderate
Hyderabad,2018-02-25,104.0,105.45970672273707,Moderate,Moderate
Hyderabad,2020-02-23,68.0,68.53339924909757,Satisfactory,Satisfactory
Lucknow,2020-01-12,377.0,356.7000938734283,Very Poor,Very Poor
Ahmedabad,2019-01-27,430.0,331.7007778600137,Severe,Very Poor
Coimbatore,2019-07-31,80.0,84.0690614539643,Satisfactory,Satisfactory
Lucknow,2017-07-21,83.0,135.1210278227112,Satisfactory,Moderate
Jaipur,2020-06-29,69.0,77.76464818302057,Satisfactory,Satisfactory
Ahmedabad,2016-05-20,185.0,183.30344321058791,Moderate,Moderate
Mumbai,2019-08-05,56.0,47.235605073964145,Satisfactory,Good
Jaipur,2020-02-01,104.0,101.30307737113878,Moderate,Moderate
Bengaluru,2015-01-10,83.0,95.85990454408959,Satisfactory,Satisfactory
Bengaluru,2018-05-26,76.0,71.16746403129551,Satisfactory,Satisfactory
Visakhapatnam,2018-10-19,181.0,266.1860132695192,Moderate,Poor
Kolkata,2019-01-17,349.0,369.4605806971511,Very Poor,Very Poor
Gurugram,2019-05-27,120.0,136.04411608885624,Moderate,Moderate
Chennai,2015-07-11,208.0,190.54935589632933,Poor,Moderate
Hyderabad,2015-10-31,502.0,446.5253202598896,Severe,Severe
Jaipur,2017-12-13,113.0,100.30481833638908,Moderate,Satisfactory
Chennai,2016-03-09,158.0,160.01840627671953,Moderate,Moderate
Delhi,2016-06-27,154.0,166.4073464304877,Moderate,Moderate
Ahmedabad,2015-04-10,311.0,320.97716508126337,Very Poor,Very Poor
Guwahati,2019-12-20,327.0,301.7090737648752,Very Poor,Very Poor
Gurugram,2019-03-13,145.0,156.14830619652992,Moderate,Moderate
Coimbatore,2019-09-13,84.0,88.11784174473628,Satisfactory,Satisfactory
Hyderabad,2016-11-25,136.0,138.83697475451393,Moderate,Moderate
Bengaluru,2016-07-27,36.0,62.013049840226394,Good,Satisfactory
Delhi,2018-11-08,452.0,487.5639761904763,Severe,Severe
Jorapokhar,2020-01-06,116.0,133.954418191157,Moderate,Moderate
Delhi,2018-11-07,317.0,362.2130113534927,Very Poor,Very Poor
Jorapokhar,2019-11-12,118.0,116.46515707142582,Moderate,Moderate
Lucknow,2015-06-22,159.0,167.43005821741934,Moderate,Moderate
Mumbai,2016-01-25,147.0,147.67226551943156,Moderate,Moderate
Amritsar,2018-07-17,49.0,48.38348856177456,Good,Good
Jaipur,2020-01-04,111.0,112.39081081971182,Moderate,Moderate
Mumbai,2016-06-19,48.0,47.77489144057765,Good,Good
Gurugram,2017-09-16,119.0,128.67717312697542,Moderate,Moderate
Amritsar,2018-11-23,134.0,149.02728255010092,Moderate,Moderate
Guwahati,2019-07-31,150.0,144.56628784506708,Moderate,Moderate
Amaravati,2018-03-04,88.0,83.41315109190936,Satisfactory,Satisfactory
Mumbai,2020-06-08,50.0,44.865203914310534,Good,Good
Ahmedabad,2015-12-08,259.0,261.10369641521817,Poor,Poor
Ahmedabad,2018-11-27,415.0,380.9174055307061,Severe,Severe
Jorapokhar,2019-01-15,273.0,271.1233277899151,Poor,Poor
Hyderabad,2015-06-07,179.0,106.63931157884164,Moderate,Moderate
Chennai,2019-10-03,110.0,106.33818636685322,Moderate,Moderate
Lucknow,2016-02-06,384.0,372.54422218847446,Very Poor,Very Poor
Lucknow,2017-03-03,218.0,263.9240371634853,Poor,Poor
Visakhapatnam,2017-01-01,147.0,122.2239080458357,Moderate,Moderate
Delhi,2019-05-21,206.0,189.92893901006883,Poor,Moderate
Brajrajnagar,2019-05-11,224.0,150.83674629010636,Poor,Moderate
Visakhapatnam,2020-02-25,90.0,100.30760533279495,Satisfactory,Satisfactory
Kolkata,2019-12-01,247.0,220.31249301294028,Poor,Poor
Visakhapatnam,2017-02-01,221.0,212.71609396590014,Poor,Poor
Ahmedabad,2020-05-26,126.0,109.78036068433936,Moderate,Moderate
Visakhapatnam,2017-03-05,86.0,103.090590718425,Satisfactory,Moderate
Delhi,2015-10-04,369.0,312.1568249451081,Very Poor,Very Poor
Gurugram,2019-09-27,54.0,66.46385744674009,Satisfactory,Satisfactory
Delhi,2016-10-14,375.0,322.2764331135344,Very Poor,Very Poor
Gurugram,2018-07-11,96.0,129.3815457790199,Satisfactory,Moderate
Visakhapatnam,2017-01-07,110.0,119.93612670667937,Moderate,Moderate
Chennai,2015-04-13,242.0,179.5428345938031,Poor,Moderate
Visakhapatnam,2016-11-15,150.0,153.4049751684248,Moderate,Moderate
Delhi,2018-04-19,242.0,232.1850248293314,Poor,Poor
Guwahati,2020-01-15,462.0,431.6332867281927,Severe,Severe
Lucknow,2016-10-04,94.0,106.51259923332061,Satisfactory,Moderate
Jorapokhar,2019-10-28,98.0,97.66586616301143,Satisfactory,Satisfactory
Chennai,2019-12-04,71.0,67.89649556632223,Satisfactory,Satisfactory
Lucknow,2015-02-28,307.0,304.67766810311934,Very Poor,Very Poor
Patna,2019-10-12,107.0,111.04910759202556,Moderate,Moderate
Hyderabad,2020-02-03,76.0,80.84211329058172,Satisfactory,Satisfactory
Amritsar,2020-02-15,106.0,112.4532056736507,Moderate,Moderate
Hyderabad,2017-10-10,103.0,104.0487725807795,Moderate,Moderate
Gurugram,2018-10-09,316.0,294.47857435385237,Very Poor,Poor
Lucknow,2019-10-24,293.0,278.1914144899208,Poor,Poor
Jaipur,2017-08-04,115.0,134.733832818533,Moderate,Moderate
Coimbatore,2019-07-27,77.0,76.62641230783056,Satisfactory,Satisfactory
Shillong,2020-04-19,66.0,68.19267069687689,Satisfactory,Satisfactory
Patna,2016-03-09,155.0,169.20672007487974,Moderate,Moderate
Chennai,2017-12-04,86.0,83.51007096540533,Satisfactory,Satisfactory
Delhi,2016-06-16,248.0,191.05358791080576,Poor,Poor
Kolkata,2020-05-10,63.0,63.663990108506844,Satisfactory,Satisfactory
Chandigarh,2019-12-09,157.0,206.17509331753635,Moderate,Poor
Thiruvananthapuram,2017-12-27,103.0,115.38998328266193,Moderate,Moderate
Bengaluru,2016-01-30,149.0,154.1958971857039,Moderate,Moderate
Lucknow,2016-04-16,297.0,295.27213534148416,Poor,Very Poor
Kolkata,2020-07-01,45.0,45.51925088273251,Good,Good
Gurugram,2018-01-26,271.0,313.4236369019529,Poor,Very Poor
Visakhapatnam,2019-12-09,63.0,64.58336197331185,Satisfactory,Satisfactory
Hyderabad,2017-09-08,74.0,75.16707190579427,Satisfactory,Satisfactory
Brajrajnagar,2019-11-16,113.0,116.59840750268239,Moderate,Moderate
Chennai,2015-04-14,205.0,207.48014474548333,Poor,Moderate
Patna,2018-03-16,344.0,326.4052590976313,Very Poor,Very Poor
Hyderabad,2016-03-26,134.0,128.63045706548988,Moderate,Moderate
Bengaluru,2019-11-14,80.0,78.02953430513405,Satisfactory,Satisfactory
Gurugram,2019-03-15,138.0,169.80776220371598,Moderate,Moderate
Delhi,2019-07-25,98.0,102.02972764441671,Satisfactory,Moderate
Chennai,2016-04-28,120.0,128.26669613163784,Moderate,Moderate
Lucknow,2016-09-19,89.0,97.44277328328461,Satisfactory,Satisfactory
Ahmedabad,2019-04-19,354.0,316.19357153897494,Very Poor,Poor
Patna,2017-11-24,406.0,374.7855285741073,Severe,Very Poor
Jorapokhar,2019-09-06,110.0,97.96163667650283,Moderate,Moderate
Brajrajnagar,2018-12-27,238.0,216.8218952883586,Poor,Poor
Shillong,2020-06-13,34.0,30.157073101336906,Good,Good
Gurugram,2017-02-12,359.0,371.72600457506275,Very Poor,Very Poor
Patna,2020-01-08,349.0,327.58483023311527,Very Poor,Very Poor
Jaipur,2019-07-16,119.0,108.84265850812753,Moderate,Moderate
Hyderabad,2019-05-10,125.0,131.42030709043615,Moderate,Moderate
Bengaluru,2018-09-15,77.0,85.2496830456649,Satisfactory,Satisfactory
Chennai,2016-04-29,124.0,127.68788623549034,Moderate,Moderate
Jaipur,2019-10-01,80.0,77.0602293706656,Satisfactory,Satisfactory
Chennai,2016-07-27,78.0,69.7458191808228,Satisfactory,Satisfactory
Bengaluru,2018-01-16,92.0,100.72431517993508,Satisfactory,Satisfactory
Chennai,2016-04-21,123.0,131.06300602641247,Moderate,Moderate
Jaipur,2018-10-20,180.0,149.67063706559335,Moderate,Moderate
Thiruvananthapuram,2019-07-20,49.0,40.374917324430605,Good,Good
Delhi,2018-05-28,276.0,284.56499663385193,Poor,Poor
Jaipur,2017-10-31,233.0,238.2263332726186,Poor,Poor
Patna,2017-07-14,66.0,68.51990660015497,Satisfactory,Satisfactory
Chennai,2015-11-14,132.0,115.1890181945512,Moderate,Moderate
Talcher,2019-01-12,305.0,305.7986675492233,Very Poor,Very Poor
Chennai,2019-09-27,103.0,87.98454947741337,Moderate,Satisfactory
Patna,2018-05-15,157.0,176.27072082232667,Moderate,Moderate
Ahmedabad,2018-06-20,484.0,506.8061208036436,Severe,Severe
Bengaluru,2016-10-18,183.0,97.00608838465894,Moderate,Moderate
Brajrajnagar,2018-09-29,95.0,96.26954806045694,Satisfactory,Satisfactory
Ahmedabad,2018-07-26,474.0,520.7891925322785,Severe,Severe
Amaravati,2018-02-23,114.0,105.25970037418848,Moderate,Moderate
Visakhapatnam,2017-08-04,91.0,89.67959533619933,Satisfactory,Satisfactory
Mumbai,2017-01-28,147.0,147.67226551943156,Moderate,Moderate
Jaipur,2020-06-22,80.0,90.46384916892356,Satisfactory,Satisfactory
Mumbai,2015-05-20,59.0,59.9847879170474,Satisfactory,Satisfactory
Mumbai,2018-08-01,64.0,59.80785533624025,Satisfactory,Satisfactory
Bengaluru,2015-06-05,130.0,124.29736010819774,Moderate,Moderate
Amaravati,2019-08-31,34.0,42.34841781519438,Good,Good
Ahmedabad,2016-03-06,272.0,270.730912870218,Poor,Poor
Patna,2015-12-15,353.0,372.71885024074186,Very Poor,Very Poor
Bengaluru,2020-03-07,93.0,98.2995840993688,Satisfactory,Satisfactory
Amritsar,2020-02-02,116.0,120.62468242591643,Moderate,Moderate
Mumbai,2015-12-05,137.0,137.09044071609668,Moderate,Moderate
Lucknow,2016-07-21,52.0,75.58395805813332,Satisfactory,Satisfactory
Gurugram,2016-02-06,252.0,231.12221099399835,Poor,Poor
Patna,2019-06-28,150.0,111.30520354443269,Moderate,Moderate
Ahmedabad,2017-06-30,200.0,201.91667823642535,Moderate,Moderate
Kolkata,2019-08-21,58.0,54.068877798924966,Satisfactory,Satisfactory
Ahmedabad,2017-11-19,333.0,294.73849487664495,Very Poor,Very Poor
Chennai,2015-01-08,95.0,98.54583754127847,Satisfactory,Satisfactory
Delhi,2019-02-27,112.0,115.21636269755203,Moderate,Moderate
Amritsar,2019-08-22,77.0,71.82216479746039,Satisfactory,Satisfactory
Hyderabad,2018-03-10,122.0,128.08035848204474,Moderate,Moderate
Delhi,2018-08-22,91.0,91.75862513918798,Satisfactory,Satisfactory
Ahmedabad,2017-11-13,1577.0,1418.8525,Severe,Severe
Hyderabad,2016-09-04,49.0,70.65161271746905,Good,Satisfactory
Hyderabad,2020-03-22,102.0,83.48527810050241,Moderate,Satisfactory
Delhi,2015-02-02,349.0,340.92822746867887,Very Poor,Very Poor
Amritsar,2019-12-25,141.0,130.6260404930218,Moderate,Moderate
Talcher,2018-01-15,304.0,302.5612628871728,Very Poor,Very Poor
Amritsar,2018-10-09,106.0,130.33237542159537,Moderate,Moderate
Gurugram,2017-10-04,209.0,205.0442784068314,Poor,Moderate
Kochi,2020-06-11,96.0,94.8517740110809,Satisfactory,Satisfactory
Jaipur,2018-03-29,131.0,129.47995167395848,Moderate,Moderate
Amritsar,2017-09-07,118.0,121.23175056538383,Moderate,Moderate
Ahmedabad,2019-10-25,334.0,252.24330323909197,Very Poor,Poor
Bengaluru,2018-05-23,117.0,104.86672953745507,Moderate,Moderate
Mumbai,2018-07-31,44.0,67.20542661218465,Good,Satisfactory
Jorapokhar,2020-04-24,101.0,101.71759157852134,Moderate,Moderate
Amaravati,2018-12-14,180.0,198.19920951764948,Moderate,Moderate
Patna,2018-10-04,245.0,221.93642862098253,Poor,Poor
Lucknow,2016-01-07,336.0,322.3908045218994,Very Poor,Very Poor
Ahmedabad,2018-12-21,978.0,925.3151825279982,Severe,Severe
Amritsar,2017-06-18,80.0,94.58359177819855,Satisfactory,Satisfactory
Hyderabad,2015-06-22,105.0,117.02358661248114,Moderate,Moderate
Amritsar,2017-04-03,72.0,65.2628323541651,Satisfactory,Satisfactory
Gurugram,2016-10-27,262.0,261.67345481213886,Poor,Poor
Bengaluru,2018-09-25,78.0,78.57481829312236,Satisfactory,Satisfactory
Gurugram,2018-01-12,312.0,320.0156391251617,Very Poor,Very Poor
Thiruvananthapuram,2019-06-14,37.0,41.84049578538883,Good,Good
Coimbatore,2019-11-13,84.0,70.56418447562336,Satisfactory,Satisfactory
Thiruvananthapuram,2019-05-26,50.0,57.22263732840649,Good,Satisfactory
Lucknow,2019-02-16,170.0,183.872577899534,Moderate,Moderate
Bhopal,2020-02-14,155.0,155.86999666745623,Moderate,Moderate
Bhopal,2020-04-28,111.0,110.15915806316342,Moderate,Moderate
Bengaluru,2015-04-27,156.0,93.80466988568844,Moderate,Satisfactory
Mumbai,2015-04-27,72.0,70.88646738238639,Satisfactory,Satisfactory
Bengaluru,2020-01-29,115.0,101.61832798240326,Moderate,Moderate
Lucknow,2018-03-05,187.0,215.25548342174017,Moderate,Poor
Lucknow,2018-04-28,195.0,191.44098888024516,Moderate,Moderate
Amaravati,2020-04-20,30.0,38.409438549072476,Good,Good
Patna,2019-02-09,218.0,254.38273788453063,Poor,Poor
Visakhapatnam,2017-09-29,87.0,85.73454743356126,Satisfactory,Satisfactory
Visakhapatnam,2017-06-08,96.0,93.26838578936672,Satisfactory,Satisfactory
Mumbai,2018-05-09,84.0,80.58414661014417,Satisfactory,Satisfactory
Chennai,2015-06-02,220.0,221.6155254125162,Poor,Poor
Bengaluru,2019-04-20,122.0,100.92157563082046,Moderate,Moderate
Amritsar,2017-03-26,84.0,86.06917410992374,Satisfactory,Satisfactory
Lucknow,2019-03-27,172.0,196.14305762604255,Moderate,Moderate
Brajrajnagar,2020-05-28,107.0,107.08009370694683,Moderate,Moderate
Patna,2017-07-05,66.0,69.30581872000532,Satisfactory,Satisfactory
Delhi,2015-07-19,220.0,190.51797713681793,Poor,Moderate
Gurugram,2016-05-16,182.0,214.58205077769958,Moderate,Poor
Mumbai,2018-04-02,90.0,89.62653116603782,Satisfactory,Satisfactory
Amaravati,2020-05-04,55.0,58.52102306639099,Satisfactory,Satisfactory
Bengaluru,2015-06-13,94.0,123.67155066127282,Satisfactory,Moderate
Amritsar,2017-03-22,89.0,105.451460164173,Satisfactory,Satisfactory
Amritsar,2019-04-07,122.0,100.64980807999947,Moderate,Satisfactory
Amaravati,2018-03-11,88.0,93.39433653170875,Satisfactory,Satisfactory
Mumbai,2018-06-13,56.0,63.5564404735354,Satisfactory,Satisfactory
Hyderabad,2017-05-03,118.0,98.82031968072586,Moderate,Moderate
Visakhapatnam,2019-09-19,43.0,55.11646641983063,Good,Satisfactory
Amritsar,2020-05-10,94.0,91.07312206568412,Satisfactory,Satisfactory
Ahmedabad,2017-09-07,300.0,304.3930813009233,Poor,Poor
Mumbai,2017-02-02,135.0,135.18704513841558,Moderate,Moderate
Hyderabad,2017-08-28,56.0,48.57442412738904,Satisfactory,Satisfactory
Brajrajnagar,2019-08-28,102.0,102.32898988089615,Moderate,Moderate
Jaipur,2017-07-26,89.0,85.67933886736903,Satisfactory,Satisfactory
Gurugram,2016-10-16,94.0,110.28690347719234,Satisfactory,Moderate
Jaipur,2019-09-14,71.0,75.7583118650033,Satisfactory,Satisfactory
Patna,2018-09-05,98.0,98.99462706740462,Satisfactory,Moderate
Chennai,2016-07-18,71.0,68.23513963980419,Satisfactory,Satisfactory
Jorapokhar,2019-09-30,59.0,63.891341861796384,Satisfactory,Satisfactory
Patna,2019-09-16,109.0,102.45997484012291,Moderate,Moderate
Brajrajnagar,2019-07-12,101.0,95.01271638262189,Moderate,Satisfactory
Jorapokhar,2019-03-26,170.0,170.04004179216884,Moderate,Moderate
Talcher,2018-11-17,367.0,301.4302252908083,Very Poor,Very Poor
Lucknow,2015-07-11,112.0,139.9743014738563,Moderate,Moderate
Hyderabad,2015-02-28,108.0,107.94392753653042,Moderate,Moderate
Mumbai,2015-02-27,135.0,135.18704513841558,Moderate,Moderate
Chennai,2017-04-16,106.0,91.2127300556289,Moderate,Satisfactory
Delhi,2016-10-31,520.0,587.4052703836916,Severe,Severe
Chennai,2015-11-07,132.0,134.47923337872464,Moderate,Moderate
Hyderabad,2016-10-03,72.0,51.992425955201746,Satisfactory,Satisfactory
Mumbai,2016-04-07,72.0,70.88646738238639,Satisfactory,Satisfactory
Delhi,2017-03-20,367.0,335.411795070213,Very Poor,Very Poor
Amritsar,2018-11-22,306.0,227.27486576338987,Very Poor,Moderate
Bengaluru,2018-08-20,53.0,65.05373893506642,Satisfactory,Satisfactory
Visakhapatnam,2020-04-14,68.0,62.27632685282954,Satisfactory,Satisfactory
Lucknow,2019-10-20,260.0,258.7569600712887,Poor,Poor
Bengaluru,2017-03-31,112.0,98.14764331693445,Moderate,Satisfactory
Hyderabad,2019-12-15,87.0,81.87407178422632,Satisfactory,Satisfactory
Mumbai,2016-05-09,59.0,59.9847879170474,Satisfactory,Satisfactory
Jorapokhar,2019-11-16,178.0,173.56954927633967,Moderate,Moderate
Patna,2016-08-29,84.0,95.59971458902348,Satisfactory,Satisfactory
Chennai,2020-04-08,55.0,106.36734312318576,Satisfactory,Satisfactory
Delhi,2017-12-23,253.0,316.47039969361117,Poor,Very Poor
Hyderabad,2016-12-03,112.0,100.43306466461534,Moderate,Satisfactory
Lucknow,2015-07-06,153.0,163.08800850825764,Moderate,Moderate
Visakhapatnam,2016-08-07,89.0,89.87844079606045,Satisfactory,Satisfactory
Gurugram,2016-02-15,252.0,252.28565285633135,Poor,Poor
Patna,2019-01-14,405.0,407.4141247224878,Severe,Severe
Delhi,2018-09-30,176.0,166.65756475649644,Moderate,Moderate
Ahmedabad,2015-10-02,731.0,552.4281537222272,Severe,Severe
Bengaluru,2019-08-05,53.0,55.31103130941966,Satisfactory,Satisfactory
Delhi,2016-08-30,110.0,123.82260251138594,Moderate,Moderate
Shillong,2020-03-07,65.0,61.87172307453209,Satisfactory,Satisfactory
Mumbai,2018-03-30,106.0,106.18021398589495,Moderate,Moderate
Visakhapatnam,2016-11-23,112.0,121.2366568113377,Moderate,Moderate
Jorapokhar,2020-04-04,148.0,138.0400317308635,Moderate,Moderate
Lucknow,2019-08-22,78.0,78.0145435149641,Satisfactory,Satisfactory
Jorapokhar,2017-04-23,107.0,117.39788115945424,Moderate,Moderate
Patna,2015-07-23,88.0,95.80293641669726,Satisfactory,Satisfactory
Thiruvananthapuram,2019-09-25,74.0,64.24328621338584,Satisfactory,Satisfactory
Hyderabad,2016-10-22,104.0,106.10661146577597,Moderate,Moderate
Amritsar,2018-07-19,53.0,56.139548424271844,Satisfactory,Satisfactory
Patna,2017-12-07,465.0,441.77567678123813,Severe,Severe
Jaipur,2019-04-04,128.0,118.43764288753539,Moderate,Moderate
Chandigarh,2020-02-25,78.0,72.74679534927387,Satisfactory,Satisfactory
Bengaluru,2016-03-22,155.0,196.46414546533634,Moderate,Moderate
Ahmedabad,2018-10-28,849.0,367.7896729490022,Severe,Very Poor
Hyderabad,2016-07-10,107.0,103.53128780178166,Moderate,Moderate
Talcher,2019-08-18,103.0,106.70664770447283,Moderate,Moderate
Hyderabad,2019-05-25,112.0,108.49227931391466,Moderate,Moderate
Hyderabad,2018-06-30,62.0,63.833076175988516,Satisfactory,Satisfactory
Lucknow,2018-09-09,90.0,87.16720752273288,Satisfactory,Satisfactory
Amaravati,2019-12-10,83.0,72.52435815069865,Satisfactory,Satisfactory
Kolkata,2018-07-31,72.0,75.77902386021566,Satisfactory,Satisfactory
Thiruvananthapuram,2019-04-22,73.0,71.25865064418234,Satisfactory,Satisfactory
Ahmedabad,2016-10-19,213.0,251.97758359645766,Poor,Poor
Thiruvananthapuram,2020-04-16,50.0,50.27430825912156,Good,Satisfactory
Gurugram,2020-03-19,175.0,179.1433830351541,Moderate,Moderate
Chennai,2016-01-08,120.0,156.35411543300248,Moderate,Moderate
Visakhapatnam,2019-09-09,98.0,79.39826628953313,Satisfactory,Satisfactory
Ahmedabad,2018-12-05,687.0,607.0766356780703,Severe,Severe
Chennai,2019-10-12,92.0,78.36793535884998,Satisfactory,Satisfactory
Visakhapatnam,2019-10-20,64.0,49.050337845571136,Satisfactory,Satisfactory
Thiruvananthapuram,2017-11-08,83.0,69.93746590884335,Satisfactory,Satisfactory
Gurugram,2018-05-31,242.0,248.7373126317911,Poor,Poor
Ahmedabad,2017-08-01,312.0,313.94911821330936,Very Poor,Very Poor
Thiruvananthapuram,2020-02-26,92.0,87.07490168243815,Satisfactory,Satisfactory
Thiruvananthapuram,2018-02-01,144.0,145.8681182091929,Moderate,Moderate
Brajrajnagar,2020-04-05,139.0,150.3989079549743,Moderate,Moderate
Mumbai,2017-06-22,48.0,47.77489144057765,Good,Good
Lucknow,2018-02-28,202.0,226.23051414820327,Poor,Poor
Mumbai,2016-11-01,128.0,122.05150817099384,Moderate,Moderate
Lucknow,2019-04-27,222.0,314.58771981824606,Poor,Very Poor
Lucknow,2019-01-21,391.0,366.06268900952296,Very Poor,Very Poor
Gurugram,2017-06-20,353.0,345.8929484924879,Very Poor,Very Poor
Jaipur,2019-03-08,98.0,102.7116870177871,Satisfactory,Moderate
Delhi,2015-04-15,316.0,269.4996736736512,Very Poor,Poor
Chennai,2016-04-03,132.0,163.20079159158686,Moderate,Moderate
Delhi,2017-07-05,212.0,122.47590775538784,Poor,Satisfactory
Visakhapatnam,2016-11-22,116.0,122.61060395706028,Moderate,Moderate
Ahmedabad,2017-06-24,200.0,200.74417823642537,Moderate,Moderate
Delhi,2015-09-29,188.0,199.4911761196998,Moderate,Poor
Ernakulam,2020-04-08,75.0,71.82431057224217,Satisfactory,Satisfactory
Hyderabad,2017-11-10,100.0,96.69610273366618,Satisfactory,Satisfactory
Jorapokhar,2018-11-15,501.0,389.83096188909803,Severe,Very Poor
Gurugram,2016-04-18,144.0,180.1720424213364,Moderate,Moderate
Lucknow,2015-11-09,264.0,324.8402309518832,Poor,Very Poor
Shillong,2019-10-13,44.0,46.58748823340041,Good,Good
Visakhapatnam,2019-10-16,83.0,76.13593070158844,Satisfactory,Satisfactory
Brajrajnagar,2019-12-31,118.0,149.8025599008089,Moderate,Moderate
Shillong,2019-11-23,14.0,15.870881986149268,Good,Good
Bengaluru,2020-04-06,65.0,70.12508324271847,Satisfactory,Satisfactory
Hyderabad,2018-12-08,132.0,143.84722280154315,Moderate,Moderate
Visakhapatnam,2019-05-29,114.0,106.89420555923171,Moderate,Moderate
Visakhapatnam,2018-12-22,91.0,108.55917447191729,Satisfactory,Moderate
Gurugram,2018-05-23,274.0,280.9966389415781,Poor,Poor
Delhi,2018-10-28,403.0,387.01025978734293,Severe,Very Poor
Visakhapatnam,2017-05-21,81.0,81.01370278241382,Satisfactory,Satisfactory
Bengaluru,2017-01-10,130.0,132.9437354641603,Moderate,Moderate
Kolkata,2018-12-07,425.0,422.15581854984356,Severe,Severe
Thiruvananthapuram,2020-04-22,51.0,50.82493949980058,Satisfactory,Satisfactory
Lucknow,2017-08-14,175.0,203.20077899361345,Moderate,Moderate
Delhi,2017-12-04,415.0,409.02533674118257,Severe,Severe
Gurugram,2017-07-27,157.0,126.50433654603636,Moderate,Moderate
Ernakulam,2020-03-31,68.0,67.82926546766502,Satisfactory,Satisfactory
Delhi,2015-03-13,307.0,299.81731775409463,Very Poor,Poor
Ahmedabad,2015-11-27,374.0,374.73214925397826,Very Poor,Very Poor
Coimbatore,2019-08-13,73.0,73.45076190404946,Satisfactory,Satisfactory
Amaravati,2020-01-11,110.0,105.15840140109047,Moderate,Moderate
Visakhapatnam,2019-06-23,98.0,91.59742740991754,Satisfactory,Satisfactory
Amaravati,2020-01-18,60.0,73.77986050265456,Satisfactory,Satisfactory
Talcher,2018-06-16,98.0,97.59122144308515,Satisfactory,Satisfactory
Gurugram,2019-11-01,476.0,497.16483103454505,Severe,Severe
Amritsar,2017-07-12,97.0,89.61481052253399,Satisfactory,Satisfactory
Hyderabad,2015-03-17,103.0,102.5966129226733,Moderate,Moderate
Lucknow,2015-12-31,359.0,358.96259270716575,Very Poor,Very Poor
Thiruvananthapuram,2020-05-25,50.0,47.98771919655358,Good,Good
Mumbai,2017-01-01,147.0,144.28539947726347,Moderate,Moderate
Brajrajnagar,2020-01-02,69.0,97.45634888429268,Satisfactory,Satisfactory
Chandigarh,2020-02-17,88.0,90.87236470678349,Satisfactory,Satisfactory
Bengaluru,2016-08-19,64.0,70.0321776534514,Satisfactory,Satisfactory
Ernakulam,2020-05-06,101.0,98.9349323085113,Moderate,Moderate
Mumbai,2020-05-22,51.0,55.089714073686665,Satisfactory,Satisfactory
Amritsar,2019-10-19,58.0,82.26434972928058,Satisfactory,Satisfactory
Ahmedabad,2018-03-28,691.0,667.0902052263384,Severe,Severe
Lucknow,2016-04-25,152.0,190.9553347445306,Moderate,Moderate
Amaravati,2019-12-26,114.0,125.50571379818443,Moderate,Moderate
Lucknow,2017-11-09,495.0,476.18411768457395,Severe,Severe
Kolkata,2020-04-21,56.0,47.274957033271974,Satisfactory,Satisfactory
Visakhapatnam,2020-02-22,71.0,70.63625120249358,Satisfactory,Satisfactory
Chennai,2015-04-11,149.0,168.86656439852348,Moderate,Moderate
Hyderabad,2015-10-10,219.0,195.15812414284161,Poor,Moderate
Lucknow,2020-03-20,252.0,220.9183346430592,Poor,Poor
Delhi,2017-06-08,77.0,158.62435452659264,Satisfactory,Moderate
Amaravati,2020-03-11,35.0,39.515428677234745,Good,Good
Bengaluru,2019-09-03,51.0,48.149272463309195,Satisfactory,Good
Lucknow,2017-11-22,350.0,345.40918440878477,Very Poor,Very Poor
Thiruvananthapuram,2018-06-05,78.0,60.10121860534488,Satisfactory,Satisfactory
Lucknow,2015-03-12,198.0,218.19945450421727,Moderate,Moderate
Hyderabad,2019-07-05,46.0,46.4675439094664,Good,Good
Delhi,2015-11-17,347.0,333.5985344985233,Very Poor,Very Poor
Lucknow,2019-11-01,383.0,394.3877334230648,Very Poor,Very Poor
Bhopal,2020-02-21,127.0,132.81915665683135,Moderate,Moderate
Delhi,2020-05-01,140.0,130.21899107447206,Moderate,Moderate
Patna,2017-05-10,97.0,99.37972798507703,Satisfactory,Satisfactory
Jorapokhar,2018-05-08,105.0,105.47852774755401,Moderate,Moderate
Chennai,2017-11-22,64.0,72.27880442668624,Satisfactory,Satisfactory
Jorapokhar,2018-08-21,204.0,141.0301323957134,Poor,Moderate
Visakhapatnam,2020-04-02,73.0,67.07073836449231,Satisfactory,Satisfactory
Delhi,2020-01-11,309.0,311.6499078927889,Very Poor,Very Poor
Thiruvananthapuram,2018-08-27,114.0,112.32961107665824,Moderate,Moderate
Thiruvananthapuram,2018-07-21,57.0,61.76421117980212,Satisfactory,Satisfactory
Jaipur,2019-11-17,123.0,114.73028417274692,Moderate,Moderate
Jorapokhar,2017-05-03,91.0,96.94258607980463,Satisfactory,Moderate
Gurugram,2016-04-23,250.0,236.08721937402603,Poor,Poor
Delhi,2020-02-09,310.0,319.04921526721535,Very Poor,Very Poor
Patna,2020-03-11,179.0,188.73190415469583,Moderate,Moderate
Delhi,2019-06-04,212.0,179.92424887956312,Poor,Poor
Bengaluru,2016-05-09,95.0,96.95412554230047,Satisfactory,Satisfactory
Bengaluru,2016-01-14,152.0,151.53802065394672,Moderate,Moderate
Lucknow,2016-07-14,175.0,182.7526801125896,Moderate,Moderate
Visakhapatnam,2017-11-27,153.0,156.64765391057512,Moderate,Moderate
Jorapokhar,2018-05-30,105.0,93.90028587277257,Moderate,Satisfactory
Lucknow,2016-06-02,330.0,265.84931690967716,Very Poor,Poor
Amaravati,2018-04-27,47.0,60.861008544718814,Good,Satisfactory
Visakhapatnam,2018-07-04,90.0,94.62681911138999,Satisfactory,Satisfactory
Mumbai,2015-08-14,54.0,53.86706800226065,Satisfactory,Satisfactory
Talcher,2018-01-21,304.0,302.3764465042917,Very Poor,Very Poor
Gurugram,2020-02-09,254.0,253.75691690014253,Poor,Poor
Bengaluru,2018-05-14,69.0,66.65922919734746,Satisfactory,Satisfactory
Mumbai,2016-06-09,48.0,47.77489144057765,Good,Good
Hyderabad,2017-08-08,83.0,77.04298218783964,Satisfactory,Satisfactory
Hyderabad,2015-04-05,94.0,97.87781934255186,Satisfactory,Satisfactory
Visakhapatnam,2019-04-20,71.0,81.63204591439352,Satisfactory,Satisfactory
Lucknow,2017-09-02,72.0,84.84755213036824,Satisfactory,Satisfactory
Kolkata,2019-04-19,166.0,170.34012558006648,Moderate,Moderate
Delhi,2019-09-09,107.0,114.30869489329514,Moderate,Moderate
Amritsar,2020-02-19,127.0,129.0369393728244,Moderate,Moderate
Bhopal,2020-03-24,118.0,110.80294928359872,Moderate,Moderate
Shillong,2019-12-05,24.0,26.33508733468221,Good,Good
Ernakulam,2020-06-06,103.0,101.17117091414302,Moderate,Moderate
Visakhapatnam,2017-02-22,144.0,125.29298664251763,Moderate,Moderate
Delhi,2018-07-17,105.0,90.43929459339701,Moderate,Satisfactory
Bengaluru,2019-12-20,91.0,90.98905414040401,Satisfactory,Satisfactory
Patna,2015-11-21,441.0,437.46920915475744,Severe,Severe
Jorapokhar,2017-04-21,148.0,129.03063519747425,Moderate,Moderate
Hyderabad,2017-02-26,165.0,156.0468494257745,Moderate,Moderate
Lucknow,2016-05-24,143.0,144.6671657519908,Moderate,Moderate
Amritsar,2020-05-15,52.0,84.94309700003888,Satisfactory,Satisfactory
Hyderabad,2017-09-14,60.0,51.93461598818651,Satisfactory,Satisfactory
Ahmedabad,2015-10-16,393.0,484.293578315838,Very Poor,Severe
Hyderabad,2019-09-21,61.0,59.606472193447225,Satisfactory,Satisfactory
Thiruvananthapuram,2019-12-08,76.0,79.95319508514268,Satisfactory,Satisfactory
Kolkata,2019-04-23,87.0,83.77782406077105,Satisfactory,Satisfactory
Bhopal,2019-11-05,146.0,138.7213233922374,Moderate,Moderate
Hyderabad,2019-09-26,53.0,46.66324062467831,Satisfactory,Good
Gurugram,2019-10-20,223.0,190.82561222634664,Poor,Moderate
Ahmedabad,2015-05-02,344.0,315.1210687782553,Very Poor,Poor
Delhi,2018-02-13,189.0,242.26379323877688,Moderate,Poor
Amaravati,2018-10-25,117.0,128.37588523851966,Moderate,Moderate
Ahmedabad,2017-06-09,200.0,200.74417823642537,Moderate,Moderate
Ahmedabad,2018-05-28,366.0,450.3318864175458,Very Poor,Very Poor
Talcher,2019-11-30,304.0,275.50184613217885,Very Poor,Poor
Lucknow,2016-03-30,186.0,171.48511403556856,Moderate,Moderate
Jaipur,2017-10-16,225.0,193.80726307712212,Poor,Moderate
Bengaluru,2016-08-29,47.0,58.66649537585308,Good,Satisfactory
Jorapokhar,2019-01-20,300.0,289.169062276652,Poor,Poor
Gurugram,2018-08-21,139.0,120.19595613894758,Moderate,Moderate
Bengaluru,2020-02-01,102.0,108.10189883484607,Moderate,Moderate
Kolkata,2018-06-07,101.0,46.593859264245864,Moderate,Good
Visakhapatnam,2016-12-14,107.0,127.51039275379144,Moderate,Moderate
Delhi,2018-05-30,272.0,250.90287338244144,Poor,Poor
Talcher,2019-03-18,141.0,141.82945257855795,Moderate,Moderate
Visakhapatnam,2016-12-13,117.0,130.87564574737746,Moderate,Moderate
Thiruvananthapuram,2018-10-14,61.0,66.93373719782657,Satisfactory,Satisfactory
Shillong,2020-05-07,39.0,27.721772290707005,Good,Good
Guwahati,2019-09-18,62.0,49.24121456213625,Satisfactory,Good
Ahmedabad,2016-12-03,259.0,262.1391162954144,Poor,Poor
Delhi,2017-11-22,348.0,346.396751373621,Very Poor,Very Poor
Kolkata,2018-07-25,59.0,64.00820182342541,Satisfactory,Satisfactory
Chennai,2017-06-24,93.0,82.871786348174,Satisfactory,Satisfactory
Patna,2019-10-14,187.0,161.9606910354254,Moderate,Moderate
Bengaluru,2016-06-04,30.0,33.63775911301825,Good,Good
Talcher,2020-06-08,102.0,105.99828855561131,Moderate,Moderate
Patna,2016-01-08,414.0,430.8478109888663,Severe,Severe
Mumbai,2018-03-26,129.0,108.51029987293771,Moderate,Moderate
Amaravati,2020-02-23,82.0,66.77821418151112,Satisfactory,Satisfactory
Lucknow,2018-07-30,73.0,89.10693576465648,Satisfactory,Satisfactory
Kochi,2020-02-20,191.0,187.1612478649677,Moderate,Moderate
Kolkata,2019-04-15,68.0,71.28742599217009,Satisfactory,Satisfactory
Delhi,2019-11-14,537.0,552.0650960006406,Severe,Severe
Gurugram,2018-03-27,182.0,173.38739243160526,Moderate,Moderate
Ahmedabad,2017-11-01,374.0,341.8678722996515,Very Poor,Very Poor
Talcher,2019-06-03,112.0,117.839487273398,Moderate,Moderate
Jorapokhar,2017-06-05,133.0,136.63343319338392,Moderate,Moderate
Ernakulam,2020-06-16,100.0,98.28519530398518,Satisfactory,Moderate
Chennai,2017-10-31,75.0,87.76724933656772,Satisfactory,Satisfactory
Hyderabad,2016-12-09,126.0,112.85403347734253,Moderate,Moderate
Delhi,2018-06-13,453.0,380.1662115041785,Severe,Very Poor
Visakhapatnam,2018-08-22,61.0,67.799543606523,Satisfactory,Satisfactory
Guwahati,2019-09-22,65.0,67.75044584291318,Satisfactory,Satisfactory
Patna,2018-03-10,286.0,281.6387491983624,Poor,Poor
Visakhapatnam,2017-06-04,96.0,92.92555052820403,Satisfactory,Satisfactory
Talcher,2020-06-01,93.0,87.81695597916377,Satisfactory,Satisfactory
Hyderabad,2015-02-05,108.0,108.75606927824504,Moderate,Moderate
Chennai,2016-01-13,129.0,124.5270514620904,Moderate,Moderate
Bhopal,2019-12-11,298.0,287.6791846274327,Poor,Poor
Visakhapatnam,2019-03-19,100.0,96.8528833616478,Satisfactory,Satisfactory
Hyderabad,2019-06-19,60.0,63.644135538355656,Satisfactory,Satisfactory
Patna,2020-06-01,110.0,91.26841679700671,Moderate,Satisfactory
Chennai,2015-03-09,199.0,203.24104251343965,Moderate,Moderate
Bengaluru,2018-10-25,110.0,123.83819930102487,Moderate,Moderate
Amritsar,2017-10-30,341.0,328.9120818734458,Very Poor,Very Poor
Visakhapatnam,2019-06-20,126.0,111.67331147450003,Moderate,Moderate
Kolkata,2018-09-05,86.0,79.19795416207248,Satisfactory,Satisfactory
Bengaluru,2019-07-19,66.0,65.0036327974946,Satisfactory,Satisfactory
Mumbai,2015-08-02,54.0,53.86706800226065,Satisfactory,Satisfactory
Guwahati,2019-07-01,71.0,63.95301585756083,Satisfactory,Satisfactory
Gurugram,2016-09-25,108.0,96.87240395268238,Moderate,Satisfactory
Hyderabad,2017-12-20,151.0,186.98901295013508,Moderate,Moderate
Chennai,2017-05-12,67.0,83.08491055258357,Satisfactory,Satisfactory
Patna,2017-09-24,102.0,102.47761340439338,Moderate,Moderate
Hyderabad,2016-02-17,95.0,119.40870325406183,Satisfactory,Moderate
Thiruvananthapuram,2018-05-31,59.0,60.955334755941045,Satisfactory,Satisfactory
Jorapokhar,2019-07-08,86.0,85.18358442175214,Satisfactory,Satisfactory
Talcher,2020-04-17,166.0,146.66129832521722,Moderate,Moderate
Amritsar,2017-05-27,35.0,52.195999106421226,Good,Satisfactory
Ahmedabad,2016-12-16,259.0,261.06605107828216,Poor,Poor
Mumbai,2016-04-19,72.0,70.88646738238639,Satisfactory,Satisfactory
Patna,2017-10-12,102.0,106.72660983287163,Moderate,Moderate
Patna,2018-04-01,143.0,168.53486828080975,Moderate,Moderate
Chennai,2019-11-27,80.0,80.21849250101049,Satisfactory,Satisfactory
Visakhapatnam,2018-07-17,89.0,73.06433604190262,Satisfactory,Satisfactory
Lucknow,2018-04-04,319.0,323.6701136634207,Very Poor,Very Poor
Bengaluru,2017-01-11,132.0,130.57037215391983,Moderate,Moderate
Amaravati,2020-05-21,105.0,99.44050649045201,Moderate,Satisfactory
Ahmedabad,2018-12-19,800.0,869.2732653596404,Severe,Severe
Chennai,2017-11-18,82.0,91.28339845073397,Satisfactory,Satisfactory
Ahmedabad,2016-02-06,322.0,319.09886435186536,Very Poor,Very Poor
Mumbai,2019-12-21,212.0,209.6763029331987,Poor,Poor
Mumbai,2019-04-12,96.0,95.03431342391454,Satisfactory,Satisfactory
Hyderabad,2018-03-31,110.0,114.64039615570181,Moderate,Moderate
Thiruvananthapuram,2017-08-15,82.0,69.73503882901821,Satisfactory,Satisfactory
Visakhapatnam,2019-02-03,205.0,205.56606649762722,Poor,Poor
Talcher,2020-02-12,314.0,289.1618718374113,Very Poor,Poor
Hyderabad,2017-08-27,52.0,50.86447144175865,Satisfactory,Satisfactory
Chennai,2016-10-05,78.0,66.0377337734232,Satisfactory,Satisfactory
Jorapokhar,2017-09-02,52.0,45.78216171855768,Satisfactory,Satisfactory
Bengaluru,2016-03-26,149.0,135.39505263842878,Moderate,Moderate
Mumbai,2019-03-18,137.0,136.79195778404127,Moderate,Moderate
Gurugram,2017-04-12,222.0,292.93085938991265,Poor,Poor
Mumbai,2020-02-16,147.0,145.64132598917132,Moderate,Moderate
Jorapokhar,2019-03-21,155.0,141.510665099798,Moderate,Moderate
Ernakulam,2020-02-29,94.0,95.95213449607189,Satisfactory,Satisfactory
Talcher,2019-07-05,102.0,95.71480965762198,Moderate,Moderate
Bengaluru,2015-04-30,117.0,77.39622195246825,Moderate,Satisfactory
Delhi,2017-09-02,88.0,73.65528066128289,Satisfactory,Satisfactory
Delhi,2017-09-20,137.0,126.07624651503909,Moderate,Moderate
Bhopal,2020-02-23,143.0,160.66325889844592,Moderate,Moderate
Delhi,2016-02-22,213.0,206.8315273720383,Poor,Poor
Amritsar,2018-07-18,55.0,52.4336244878112,Satisfactory,Satisfactory
Thiruvananthapuram,2018-03-21,78.0,78.59417526574727,Satisfactory,Satisfactory
Lucknow,2017-02-01,345.0,345.2474978910043,Very Poor,Very Poor
Gurugram,2020-04-26,113.0,117.62493963179942,Moderate,Moderate
Lucknow,2018-10-31,311.0,306.24308415845394,Very Poor,Very Poor
Bengaluru,2017-08-09,74.0,100.61476180845698,Satisfactory,Satisfactory
Brajrajnagar,2018-02-10,179.0,220.78294898447814,Moderate,Poor
Delhi,2016-09-04,262.0,231.01892785342366,Poor,Poor
Delhi,2017-08-30,73.0,90.36855400300415,Satisfactory,Satisfactory
Delhi,2017-04-22,291.0,301.127006392969,Poor,Very Poor
Coimbatore,2019-11-28,59.0,68.31532164888775,Satisfactory,Satisfactory
Delhi,2016-06-07,246.0,194.5201047140472,Poor,Poor
Amritsar,2017-03-31,91.0,83.63442048005533,Satisfactory,Satisfactory
Lucknow,2017-12-02,387.0,389.9217604791848,Very Poor,Very Poor
Lucknow,2016-08-26,91.0,82.2920253775536,Satisfactory,Satisfactory
Thiruvananthapuram,2018-03-31,130.0,113.24398104078642,Moderate,Moderate
Chennai,2016-12-07,78.0,97.49502148563272,Satisfactory,Satisfactory
Bengaluru,2015-08-29,174.0,154.61566666666664,Moderate,Satisfactory
Patna,2018-03-29,326.0,312.41860180644943,Very Poor,Very Poor
Jorapokhar,2019-02-22,250.0,248.20220717122456,Poor,Poor
Mumbai,2020-01-11,151.0,159.66945155379656,Moderate,Moderate
Brajrajnagar,2019-04-20,106.0,116.04696571222377,Moderate,Moderate
Delhi,2016-08-18,219.0,203.1278909495282,Poor,Poor
Ahmedabad,2019-02-19,502.0,449.23094491670486,Severe,Severe
Visakhapatnam,2016-11-11,114.0,124.60846188117922,Moderate,Moderate
Bengaluru,2018-03-29,120.0,117.15220691981156,Moderate,Moderate
Aizawl,2020-06-29,20.0,19.90964772442892,Good,Good
Bengaluru,2016-10-23,184.0,161.18540910721072,Moderate,Moderate
Ernakulam,2020-06-13,114.0,115.82719203967785,Moderate,Moderate
Patna,2018-07-19,102.0,105.24035338403725,Moderate,Satisfactory
Jaipur,2019-08-19,70.0,66.35177277379974,Satisfactory,Satisfactory
Visakhapatnam,2018-05-30,98.0,97.22020021733424,Satisfactory,Satisfactory
Lucknow,2018-09-28,132.0,143.5277675650348,Moderate,Moderate
Chennai,2016-11-14,57.0,93.08042910405848,Satisfactory,Satisfactory
Amritsar,2019-05-11,244.0,211.68332182277044,Poor,Poor
Ahmedabad,2015-07-19,67.0,103.22504194839003,Satisfactory,Moderate
Gurugram,2016-05-13,187.0,200.19853886470085,Moderate,Poor
Jorapokhar,2019-02-20,251.0,189.52211576367708,Poor,Moderate
Delhi,2016-12-29,524.0,511.4572401350784,Severe,Severe
Gurugram,2020-02-17,256.0,225.20205213737586,Poor,Poor
Jorapokhar,2020-03-05,101.0,109.08127421877882,Moderate,Moderate
Hyderabad,2017-09-22,58.0,53.877415288382124,Satisfactory,Satisfactory
Ahmedabad,2018-08-30,510.0,483.4778944296115,Severe,Severe
Delhi,2020-02-17,323.0,315.8004630758409,Very Poor,Very Poor
Gurugram,2020-04-15,138.0,136.84552904927514,Moderate,Moderate
Chennai,2018-10-31,78.0,91.97325728278994,Satisfactory,Satisfactory
Hyderabad,2016-06-07,131.0,102.44406518071175,Moderate,Moderate
Gurugram,2015-12-04,338.0,336.6396412814414,Very Poor,Very Poor
Jorapokhar,2017-11-28,174.0,181.72491768516164,Moderate,Moderate
Hyderabad,2019-05-17,109.0,109.23309506666985,Moderate,Moderate
Gurugram,2017-06-13,286.0,296.5654144339741,Poor,Very Poor
Brajrajnagar,2020-06-05,168.0,282.0964283370859,Moderate,Satisfactory
Thiruvananthapuram,2018-01-21,204.0,166.3486603912992,Poor,Moderate
Gurugram,2019-06-26,123.0,120.08027631395804,Moderate,Moderate
Ahmedabad,2020-04-29,122.0,110.18072192909486,Moderate,Moderate
Lucknow,2019-04-15,150.0,152.4210125746652,Moderate,Moderate
Thiruvananthapuram,2019-04-14,72.0,70.67375858644775,Satisfactory,Satisfactory
Amaravati,2019-12-09,61.0,71.25231331993861,Satisfactory,Satisfactory
Delhi,2016-11-08,542.0,558.850728809337,Severe,Severe
Hyderabad,2020-06-18,30.0,33.66693212404615,Good,Good
Mumbai,2016-10-29,72.0,75.18396276671906,Satisfactory,Satisfactory
Bengaluru,2015-12-14,85.0,92.15075276843156,Satisfactory,Satisfactory
Amritsar,2019-02-02,62.0,68.9612026677885,Satisfactory,Satisfactory
Gurugram,2016-11-01,447.0,433.3922844195627,Severe,Severe
Kolkata,2020-01-01,298.0,297.86533543657583,Poor,Poor
Ahmedabad,2018-11-15,688.0,662.5251767096188,Severe,Severe
Visakhapatnam,2017-03-23,97.0,114.60051807107868,Satisfactory,Moderate
Jorapokhar,2018-06-17,107.0,106.51293551657731,Moderate,Moderate
Jaipur,2017-10-24,142.0,173.94062845483998,Moderate,Moderate
Thiruvananthapuram,2017-11-22,80.0,68.64585068690398,Satisfactory,Satisfactory
Ahmedabad,2015-05-25,152.0,160.6536219188256,Moderate,Moderate
Jaipur,2018-04-10,129.0,130.73738069337065,Moderate,Moderate
Lucknow,2017-07-25,68.0,83.97524225250969,Satisfactory,Satisfactory
Ahmedabad,2017-11-16,195.0,438.4070237626474,Moderate,Poor
Hyderabad,2015-08-25,173.0,112.220058097781,Moderate,Moderate
Patna,2015-06-03,83.0,98.03740678844706,Satisfactory,Satisfactory
Bengaluru,2017-06-24,60.0,63.205020148031224,Satisfactory,Satisfactory
Brajrajnagar,2019-03-31,290.0,282.5477987710658,Poor,Poor
Ahmedabad,2019-02-21,826.0,291.95843235298673,Severe,Poor
Delhi,2020-03-15,124.0,126.67798322399376,Moderate,Moderate
Amritsar,2017-06-06,197.0,164.38253803292008,Moderate,Moderate
Delhi,2018-03-16,269.0,284.2658026347174,Poor,Poor
Mumbai,2015-06-12,48.0,47.77489144057765,Good,Good
Jorapokhar,2018-02-22,129.0,148.43906472425672,Moderate,Moderate
Amaravati,2020-03-24,47.0,49.291202412039496,Good,Good
Chennai,2015-09-11,79.0,99.85848054044845,Satisfactory,Satisfactory
Lucknow,2017-08-30,55.0,73.27487964626833,Satisfactory,Satisfactory
Coimbatore,2019-12-22,81.0,85.9377433818276,Satisfactory,Satisfactory
Chennai,2016-03-24,132.0,133.57939402392947,Moderate,Moderate
Delhi,2015-04-04,229.0,209.74269804686736,Poor,Poor
Mumbai,2018-12-17,128.0,136.7060709590267,Moderate,Moderate
Guwahati,2019-09-28,52.0,50.98414671194945,Satisfactory,Satisfactory
Mumbai,2016-02-26,135.0,135.08667624859163,Moderate,Moderate
Jorapokhar,2018-01-24,209.0,172.0099967722079,Poor,Moderate
Delhi,2020-01-27,365.0,369.2460394230912,Very Poor,Very Poor
Chennai,2019-03-05,87.0,88.02784819468705,Satisfactory,Satisfactory
Chennai,2020-02-17,72.0,75.36129614960714,Satisfactory,Satisfactory
Hyderabad,2015-10-07,246.0,273.9729551643921,Poor,Poor
Brajrajnagar,2020-05-17,120.0,113.43697792963654,Moderate,Moderate
Patna,2017-01-04,345.0,366.8457406158591,Very Poor,Very Poor
Gurugram,2016-09-11,55.0,65.34588038103745,Satisfactory,Satisfactory
Visakhapatnam,2018-05-28,56.0,59.31603951123161,Satisfactory,Satisfactory
Jorapokhar,2018-05-21,105.0,105.50506835029513,Moderate,Moderate
Thiruvananthapuram,2019-10-13,54.0,58.84026968486691,Satisfactory,Satisfactory
Guwahati,2019-12-12,224.0,295.22925274421067,Poor,Poor
Gurugram,2020-05-24,150.0,141.46782649109267,Moderate,Moderate
Amaravati,2018-04-26,67.0,72.6587431130407,Satisfactory,Satisfactory
Mumbai,2019-04-18,96.0,97.08578235384924,Satisfactory,Satisfactory
Delhi,2018-09-01,132.0,112.51679057229343,Moderate,Moderate
Bhopal,2020-01-11,115.0,127.66776607154092,Moderate,Moderate
Talcher,2019-03-11,141.0,142.56409865978736,Moderate,Moderate
Visakhapatnam,2019-04-12,97.0,86.96298060672285,Satisfactory,Satisfactory
Mumbai,2018-12-27,119.0,145.93544991775892,Moderate,Moderate
Lucknow,2018-05-02,108.0,138.46534883863887,Moderate,Moderate
Hyderabad,2016-11-13,163.0,149.0805306493645,Moderate,Moderate
Amritsar,2018-01-14,310.0,274.0108310992824,Very Poor,Poor
Chandigarh,2020-01-18,110.0,110.54995759773907,Moderate,Moderate
Chennai,2016-06-01,122.0,120.35593115268559,Moderate,Moderate
Patna,2019-05-07,210.0,187.36943517867945,Poor,Moderate
Mumbai,2016-01-08,147.0,147.2511854588853,Moderate,Moderate
Hyderabad,2015-08-21,316.0,290.10316097597865,Very Poor,Poor
Bengaluru,2019-06-20,67.0,66.3745414471472,Satisfactory,Satisfactory
Gurugram,2019-02-21,111.0,144.5544214657591,Moderate,Moderate
Gurugram,2019-01-14,275.0,200.66031853016273,Poor,Poor
Talcher,2018-03-17,141.0,141.39984145261514,Moderate,Moderate
Chandigarh,2019-10-09,108.0,111.4053678727704,Moderate,Moderate
Hyderabad,2015-08-13,89.0,76.37906270002482,Satisfactory,Satisfactory
Mumbai,2019-06-24,92.0,83.28659541445772,Satisfactory,Satisfactory
Thiruvananthapuram,2019-02-08,110.0,101.27062003040628,Moderate,Satisfactory
Mumbai,2020-04-18,70.0,65.93416076215314,Satisfactory,Satisfactory
Lucknow,2018-04-06,153.0,192.05829827327744,Moderate,Moderate
Talcher,2018-09-27,23.0,17.59469941514287,Good,Good
Lucknow,2020-03-14,74.0,99.39025616378011,Satisfactory,Moderate
Lucknow,2020-02-19,249.0,246.5508957256638,Poor,Poor
Delhi,2015-02-17,327.0,340.1587646194026,Very Poor,Very Poor
Shillong,2019-11-20,21.0,20.205046189866536,Good,Good
Visakhapatnam,2017-08-10,91.0,89.75475951298114,Satisfactory,Satisfactory
Hyderabad,2018-01-14,140.0,145.98199894662162,Moderate,Moderate
Shillong,2020-01-18,69.0,50.471532193228214,Satisfactory,Satisfactory
Hyderabad,2019-10-27,59.0,60.407369035835266,Satisfactory,Satisfactory
Jaipur,2018-07-02,151.0,110.14801821344281,Moderate,Moderate
Bhopal,2020-04-05,110.0,111.53227171896918,Moderate,Moderate
Hyderabad,2015-08-06,91.0,80.66530014598159,Satisfactory,Satisfactory
Patna,2019-07-17,108.0,95.47545332906463,Moderate,Satisfactory
Kolkata,2018-09-18,113.0,109.81352583055994,Moderate,Moderate
Lucknow,2018-12-12,362.0,368.33307399622964,Very Poor,Very Poor
Lucknow,2017-08-28,50.0,68.22049908599601,Good,Satisfactory
Amritsar,2018-11-10,114.0,133.19430061431078,Moderate,Moderate
Chennai,2016-03-12,136.0,139.71680554958047,Moderate,Moderate
Hyderabad,2018-09-22,62.0,78.69953341428551,Satisfactory,Satisfactory
Chennai,2018-12-22,82.0,82.93399004314155,Satisfactory,Satisfactory
Brajrajnagar,2018-03-28,334.0,336.94593484631383,Very Poor,Very Poor
Amaravati,2017-12-08,310.0,282.94662924270654,Very Poor,Poor
Lucknow,2017-02-21,356.0,314.8496668172638,Very Poor,Very Poor
Bengaluru,2019-02-14,89.0,96.09087615918605,Satisfactory,Satisfactory
Chennai,2018-01-14,207.0,188.15436784161977,Poor,Moderate
Chennai,2018-05-23,84.0,82.19559757984976,Satisfactory,Satisfactory
Mumbai,2018-07-29,62.0,63.68625802256139,Satisfactory,Satisfactory
Patna,2018-09-25,155.0,146.15060664853635,Moderate,Moderate
Lucknow,2015-03-07,222.0,225.6260282831564,Poor,Poor
Bengaluru,2016-02-10,191.0,198.12052511290258,Moderate,Moderate
Lucknow,2016-02-16,344.0,345.2624911318846,Very Poor,Very Poor
Bengaluru,2016-05-14,78.0,81.9041661242392,Satisfactory,Satisfactory
Hyderabad,2017-11-22,102.0,95.05854201106398,Moderate,Satisfactory
Chennai,2016-11-07,133.0,156.4300962311296,Moderate,Moderate
Delhi,2016-12-30,381.0,442.5620949864591,Very Poor,Severe
Patna,2015-10-12,257.0,255.7926700645412,Poor,Poor
Hyderabad,2016-12-19,102.0,104.51341063926787,Moderate,Moderate
Bhopal,2019-10-30,108.0,84.21411186026594,Moderate,Satisfactory
Bengaluru,2015-06-11,66.0,78.06968190316198,Satisfactory,Satisfactory
Patna,2017-07-18,66.0,69.15988907843632,Satisfactory,Satisfactory
Jorapokhar,2018-07-27,81.0,96.14794887986649,Satisfactory,Satisfactory
Jaipur,2018-11-08,250.0,223.30109071803042,Poor,Poor
Ahmedabad,2015-09-19,220.0,193.84387274815734,Poor,Moderate
Bengaluru,2017-11-09,70.0,62.504921084583906,Satisfactory,Satisfactory
Jaipur,2019-09-11,103.0,101.346311246807,Moderate,Moderate
Bengaluru,2016-10-17,85.0,107.38598664783144,Satisfactory,Moderate
Delhi,2017-12-30,421.0,433.2721265337181,Severe,Severe
Amritsar,2017-10-20,463.0,409.7869225701594,Severe,Very Poor
Chennai,2017-04-18,192.0,139.08208875132917,Moderate,Moderate
Chennai,2016-09-01,160.0,183.63933507364726,Moderate,Moderate
Thiruvananthapuram,2019-12-22,97.0,96.26542707091109,Satisfactory,Satisfactory
Chennai,2015-11-19,98.0,96.84828131970197,Satisfactory,Satisfactory
Delhi,2016-07-02,148.0,153.94646883064067,Moderate,Moderate
Bengaluru,2015-10-03,101.0,93.46209767823905,Moderate,Satisfactory
Coimbatore,2019-09-11,77.0,82.39558341239001,Satisfactory,Satisfactory
Jaipur,2020-04-18,125.0,126.98234056963037,Moderate,Moderate
Bengaluru,2015-08-08,97.0,117.03567196038938,Satisfactory,Satisfactory
Kolkata,2018-10-09,149.0,163.36704053923464,Moderate,Moderate
Kolkata,2020-02-25,237.0,184.08545475226828,Poor,Moderate
Kolkata,2018-09-17,105.0,121.9635203781771,Moderate,Moderate
Visakhapatnam,2018-03-03,118.0,122.50256683310836,Moderate,Moderate
Ahmedabad,2016-10-18,315.0,370.5644069277403,Very Poor,Poor
Guwahati,2020-01-16,402.0,373.4270617006317,Severe,Very Poor
Hyderabad,2017-02-15,123.0,133.98267710839434,Moderate,Moderate
Ernakulam,2020-04-17,72.0,69.11574502276247,Satisfactory,Satisfactory
Visakhapatnam,2017-03-29,94.0,94.52566837802175,Satisfactory,Satisfactory
Jorapokhar,2019-06-06,107.0,106.51293551657731,Moderate,Moderate
Lucknow,2016-08-10,97.0,92.08344893449045,Satisfactory,Satisfactory
Lucknow,2018-04-10,126.0,125.1521106955011,Moderate,Moderate
Hyderabad,2020-07-01,48.0,58.31514968996342,Good,Satisfactory
Hyderabad,2018-04-14,79.0,76.75047879046922,Satisfactory,Satisfactory
Amaravati,2020-03-09,42.0,37.686429881707156,Good,Good
Mumbai,2015-03-01,106.0,114.26889122308893,Moderate,Moderate
Bengaluru,2016-12-25,114.0,125.17880572594859,Moderate,Moderate
Chennai,2016-08-15,256.0,136.94819275695204,Poor,Moderate
Talcher,2018-11-24,360.0,311.9158755617689,Very Poor,Very Poor
Talcher,2019-07-02,83.0,74.01169539142552,Satisfactory,Satisfactory
Lucknow,2015-07-18,123.0,143.75087184850298,Moderate,Moderate
Ahmedabad,2018-12-15,191.0,245.7259398613305,Moderate,Poor
Brajrajnagar,2019-06-04,117.0,115.03160074771259,Moderate,Moderate
Coimbatore,2019-11-05,93.0,96.7322833877032,Satisfactory,Satisfactory
Hyderabad,2015-08-22,390.0,297.96598411605896,Very Poor,Poor
Mumbai,2017-02-08,135.0,135.18704513841558,Moderate,Moderate
Patna,2016-07-01,67.0,90.78655404775307,Satisfactory,Satisfactory
Mumbai,2016-04-30,72.0,70.88646738238639,Satisfactory,Satisfactory
Patna,2018-12-09,427.0,403.316086967615,Severe,Severe
Brajrajnagar,2018-09-04,95.0,94.8264573087395,Satisfactory,Satisfactory
Bengaluru,2018-11-18,91.0,85.20846957014477,Satisfactory,Satisfactory
Amritsar,2018-03-30,83.0,102.3460667321337,Satisfactory,Moderate
Lucknow,2018-01-31,295.0,322.9980514392068,Poor,Very Poor
Thiruvananthapuram,2017-07-01,49.0,48.5786977852147,Good,Good
Hyderabad,2016-02-07,121.0,124.23203184539175,Moderate,Moderate
Kolkata,2018-05-06,55.0,54.57087854405034,Satisfactory,Satisfactory
Hyderabad,2019-08-12,63.0,59.24791843272964,Satisfactory,Satisfactory
Chandigarh,2019-11-05,148.0,179.7758335742893,Moderate,Moderate
Patna,2016-01-24,454.0,402.1196933458269,Severe,Severe
Hyderabad,2019-12-11,125.0,125.55492622754922,Moderate,Moderate
Ahmedabad,2019-01-29,491.0,411.998183943266,Severe,Severe
Bengaluru,2015-02-17,97.0,98.6702757147319,Satisfactory,Satisfactory
Amritsar,2018-12-31,184.0,168.2581598772804,Moderate,Moderate
Visakhapatnam,2017-08-17,91.0,89.75475951298114,Satisfactory,Satisfactory
Mumbai,2018-01-22,147.0,148.23702118473372,Moderate,Moderate
Patna,2019-06-29,117.0,120.37652719461208,Moderate,Moderate
Gurugram,2016-09-03,44.0,75.89888401504516,Good,Satisfactory
Ahmedabad,2018-09-28,680.0,646.7861497447117,Severe,Severe
Jorapokhar,2018-06-05,143.0,133.62844371885708,Moderate,Moderate
Amaravati,2020-06-04,39.0,42.94047143327533,Good,Good
Mumbai,2019-10-24,87.0,73.80910902545138,Satisfactory,Satisfactory
Amaravati,2020-06-12,47.0,50.202224641995336,Good,Good
Jaipur,2019-09-10,108.0,102.14915784644805,Moderate,Moderate
Gurugram,2016-03-28,341.0,338.05432059033615,Very Poor,Very Poor
Hyderabad,2017-01-28,115.0,122.26277645437102,Moderate,Moderate
Talcher,2018-03-25,168.0,178.52523626020474,Moderate,Moderate
Jorapokhar,2019-12-06,209.0,222.07365721843937,Poor,Poor
Amaravati,2018-11-01,44.0,82.26356010726431,Good,Satisfactory
Lucknow,2020-01-22,356.0,314.96422890856115,Very Poor,Very Poor
Lucknow,2019-08-09,94.0,99.03426418091301,Satisfactory,Moderate
Visakhapatnam,2017-02-28,151.0,145.920905957428,Moderate,Moderate
Hyderabad,2015-05-30,120.0,109.8624674993699,Moderate,Moderate
Brajrajnagar,2020-04-12,206.0,197.85198887124733,Poor,Moderate
Hyderabad,2019-12-22,166.0,165.6769115050618,Moderate,Moderate
Delhi,2015-11-01,415.0,416.8504461318651,Severe,Severe
Ahmedabad,2017-03-22,272.0,270.72938873051595,Poor,Poor
Visakhapatnam,2017-05-04,81.0,81.06558376294224,Satisfactory,Satisfactory
Gurugram,2020-05-28,202.0,191.74551414351762,Poor,Moderate
Ahmedabad,2016-01-03,318.0,318.0074270732912,Very Poor,Very Poor
Amritsar,2019-10-29,309.0,312.24822845754204,Very Poor,Poor
Lucknow,2015-01-09,346.0,346.63178284012196,Very Poor,Very Poor
Gurugram,2016-07-26,91.0,96.34381635578258,Satisfactory,Satisfactory
Thiruvananthapuram,2018-03-05,95.0,98.5824737512134,Satisfactory,Satisfactory
Chennai,2018-03-18,89.0,86.31279606798513,Satisfactory,Satisfactory
Jorapokhar,2018-03-10,119.0,150.74732426286334,Moderate,Moderate
Ahmedabad,2015-05-08,177.0,183.55531577060125,Moderate,Moderate
Mumbai,2016-12-19,137.0,137.09044071609668,Moderate,Moderate
Ahmedabad,2017-05-23,185.0,183.30344321058791,Moderate,Moderate
Amaravati,2019-03-02,63.0,83.70571451017913,Satisfactory,Satisfactory
Hyderabad,2020-06-25,52.0,51.40169540822138,Satisfactory,Satisfactory
Patna,2016-05-11,215.0,145.57351967110225,Poor,Moderate
Brajrajnagar,2018-01-04,217.0,217.58436272728161,Poor,Poor
Brajrajnagar,2020-06-04,77.0,88.43315954032249,Satisfactory,Satisfactory
Patna,2015-06-20,78.0,80.2072777878971,Satisfactory,Satisfactory
Kolkata,2019-01-28,258.0,270.6941370660437,Poor,Poor
Chandigarh,2020-05-23,130.0,112.31183364758168,Moderate,Moderate
Hyderabad,2018-06-13,84.0,75.81834794514502,Satisfactory,Satisfactory
Gurugram,2017-09-23,226.0,224.64639053432083,Poor,Poor
Jaipur,2020-05-19,136.0,119.44200454493777,Moderate,Moderate
Bengaluru,2018-04-21,79.0,87.4253702674742,Satisfactory,Satisfactory
Guwahati,2019-06-15,38.0,47.019938415731616,Good,Good
Amaravati,2018-09-03,94.0,92.86596092515182,Satisfactory,Satisfactory
Lucknow,2016-07-30,64.0,59.60372692209099,Satisfactory,Satisfactory
Mumbai,2016-10-28,72.0,75.18396276671906,Satisfactory,Satisfactory
Gurugram,2018-02-22,252.0,248.13657270844743,Poor,Poor
Jorapokhar,2018-10-19,225.0,246.5650662094822,Poor,Poor
Talcher,2019-05-20,126.0,130.7537475699867,Moderate,Moderate
Chennai,2016-09-24,30.0,91.743824949548,Good,Satisfactory
Visakhapatnam,2018-04-12,59.0,73.06070671414399,Satisfactory,Satisfactory
Chennai,2018-11-07,128.0,96.98543828239421,Moderate,Satisfactory
Chandigarh,2020-06-09,63.0,64.97699424902052,Satisfactory,Satisfactory
Bengaluru,2018-09-30,70.0,71.55391950689913,Satisfactory,Satisfactory
Coimbatore,2019-12-21,86.0,97.3564713764396,Satisfactory,Satisfactory
Patna,2016-09-21,192.0,129.03191559381537,Moderate,Moderate
Thiruvananthapuram,2018-05-24,67.0,68.49999991506144,Satisfactory,Satisfactory
Visakhapatnam,2016-07-11,79.0,75.6360821581584,Satisfactory,Satisfactory
Ernakulam,2020-03-08,88.0,84.56884523438178,Satisfactory,Satisfactory
Talcher,2018-01-13,304.0,302.22671782673586,Very Poor,Very Poor
Mumbai,2017-01-07,147.0,147.67226551943156,Moderate,Moderate
Bengaluru,2016-11-22,101.0,169.92890534921997,Moderate,Moderate
Jaipur,2017-11-19,295.0,328.62240110791083,Poor,Very Poor
Lucknow,2015-06-27,167.0,175.51602833882757,Moderate,Moderate
Chennai,2019-03-10,83.0,82.79718516166868,Satisfactory,Satisfactory
Mumbai,2017-05-05,59.0,60.036250364705154,Satisfactory,Satisfactory
Jorapokhar,2017-12-25,194.0,180.63500949775278,Moderate,Moderate
Gurugram,2017-07-07,404.0,521.40500285205,Severe,Severe
Chennai,2018-09-26,93.0,109.45872202144979,Satisfactory,Moderate
Patna,2016-04-08,144.0,111.77098190763986,Moderate,Moderate
Mumbai,2015-07-27,53.0,53.679004495933334,Satisfactory,Satisfactory
Visakhapatnam,2017-11-19,52.0,53.61119998790502,Satisfactory,Satisfactory
Visakhapatnam,2019-10-29,60.0,129.06087900345116,Satisfactory,Satisfactory
Ahmedabad,2016-06-20,200.0,200.74417823642537,Moderate,Moderate
Hyderabad,2019-10-08,95.0,95.52178182942134,Satisfactory,Satisfactory
Jaipur,2018-01-14,171.0,213.27940909539967,Moderate,Moderate
Amritsar,2018-05-07,95.0,97.78290657812859,Satisfactory,Satisfactory
Bengaluru,2016-03-12,144.0,141.1979136839899,Moderate,Moderate
Lucknow,2017-03-26,230.0,253.10027140640614,Poor,Poor
Kochi,2020-02-08,118.0,123.50249180276899,Moderate,Moderate
Shillong,2020-06-10,33.0,36.17007646672212,Good,Good
Thiruvananthapuram,2018-02-10,71.0,82.5165874539125,Satisfactory,Satisfactory
Hyderabad,2016-07-08,99.0,101.94871274946213,Satisfactory,Moderate
Jorapokhar,2017-12-13,194.0,193.03349097411825,Moderate,Moderate
Jaipur,2019-12-18,136.0,124.72158265426813,Moderate,Moderate
Amaravati,2019-11-30,79.0,92.90658796022937,Satisfactory,Satisfactory
Bengaluru,2015-08-15,176.0,304.24726524842714,Moderate,Poor
Patna,2016-11-25,402.0,416.8014176477869,Severe,Severe
Chennai,2019-01-02,158.0,134.01292250925343,Moderate,Moderate
Hyderabad,2017-04-02,123.0,132.00675120982862,Moderate,Moderate
Visakhapatnam,2016-10-13,105.0,104.06827684065844,Moderate,Moderate
Delhi,2019-06-18,119.0,103.0178769265744,Moderate,Moderate
Kolkata,2018-10-23,255.0,236.63603822629085,Poor,Poor
Chennai,2018-08-28,62.0,64.88193458859108,Satisfactory,Satisfactory
Mumbai,2019-01-03,239.0,234.83931139890333,Poor,Poor
Jorapokhar,2019-11-27,306.0,308.6752721026098,Very Poor,Very Poor
Amaravati,2019-02-11,131.0,145.89211014482825,Moderate,Moderate
Jaipur,2018-03-24,117.0,106.77670963551222,Moderate,Moderate
Shillong,2020-05-12,37.0,63.8056116037052,Good,Good
Bengaluru,2019-05-09,106.0,93.5145261542886,Moderate,Satisfactory
Lucknow,2017-04-15,194.0,214.1658666671058,Moderate,Poor
Thiruvananthapuram,2020-01-14,82.0,90.07329011992495,Satisfactory,Satisfactory
Amritsar,2019-12-05,147.0,156.2057764267188,Moderate,Moderate
Shillong,2019-12-15,28.0,27.464712831867867,Good,Good
Mumbai,2017-10-17,72.0,75.18396276671906,Satisfactory,Satisfactory
Delhi,2019-04-15,163.0,160.23692231351617,Moderate,Moderate
Gurugram,2016-05-09,183.0,202.52231374949469,Moderate,Moderate
Chennai,2020-04-24,58.0,65.44173383407474,Satisfactory,Satisfactory
Chennai,2020-06-15,79.0,78.63674676004024,Satisfactory,Satisfactory
Bengaluru,2017-12-24,70.0,88.09405079231549,Satisfactory,Satisfactory
Visakhapatnam,2019-10-09,35.0,86.95869304348095,Good,Satisfactory
Bengaluru,2017-05-30,46.0,51.86944448100179,Good,Good
Chennai,2019-03-03,128.0,132.72356232133762,Moderate,Moderate
Bengaluru,2019-08-16,51.0,55.85270512398113,Satisfactory,Satisfactory
Chennai,2016-02-26,80.0,96.2479365709094,Satisfactory,Satisfactory
Thiruvananthapuram,2019-03-21,79.0,77.79688067705086,Satisfactory,Satisfactory
Chennai,2018-04-29,59.0,73.31985544609957,Satisfactory,Satisfactory
Talcher,2018-03-07,320.0,331.30894671283545,Very Poor,Very Poor
Kolkata,2020-01-28,278.0,274.28398058725935,Poor,Poor
Amritsar,2018-11-13,101.0,122.77458624151524,Moderate,Moderate
Lucknow,2018-02-26,317.0,271.7003869434877,Very Poor,Poor
Amaravati,2020-06-09,61.0,53.459816545821326,Satisfactory,Satisfactory
Mumbai,2016-12-10,137.0,137.09044071609668,Moderate,Moderate
Patna,2017-09-27,172.0,156.2608820746115,Moderate,Moderate
Delhi,2020-02-19,300.0,311.20774990458705,Poor,Very Poor
Chennai,2019-09-02,108.0,103.31818859067964,Moderate,Satisfactory
Amaravati,2019-04-27,78.0,73.98525166420607,Satisfactory,Satisfactory
Amritsar,2018-05-10,178.0,187.57339332497747,Moderate,Moderate
Patna,2019-06-04,128.0,109.26059903574574,Moderate,Moderate
Delhi,2018-10-30,456.0,431.59916680988056,Severe,Severe
Jaipur,2018-04-16,130.0,145.06883955539,Moderate,Moderate
Delhi,2018-10-14,237.0,223.89714299532264,Poor,Poor
Patna,2018-04-02,161.0,136.2047243758837,Moderate,Moderate
Ahmedabad,2017-08-29,312.0,313.32503437319485,Very Poor,Very Poor
Ahmedabad,2018-12-24,355.0,489.4194428640796,Very Poor,Very Poor
Ahmedabad,2017-05-30,185.0,183.30344321058791,Moderate,Moderate
Gurugram,2018-03-14,188.0,178.01090085901376,Moderate,Moderate
Chennai,2016-02-18,134.0,144.45671469154775,Moderate,Moderate
Amaravati,2018-10-31,98.0,94.51049245214682,Satisfactory,Satisfactory
Gurugram,2017-10-05,196.0,187.09457309284733,Moderate,Moderate
Chennai,2015-12-30,114.0,160.48378379494528,Moderate,Moderate
Hyderabad,2018-02-23,123.0,118.75252452629171,Moderate,Moderate
Jorapokhar,2019-02-07,280.0,265.0162635652039,Poor,Poor
Chennai,2019-03-22,102.0,103.29503174099433,Moderate,Satisfactory
Visakhapatnam,2019-01-15,281.0,250.2557206228546,Poor,Poor
Bhopal,2019-12-27,130.0,171.57669555114285,Moderate,Moderate
Mumbai,2020-05-05,51.0,47.258022068745206,Satisfactory,Good
Hyderabad,2019-04-11,87.0,88.61934745785564,Satisfactory,Satisfactory
Jaipur,2019-09-24,126.0,67.8057329444662,Moderate,Satisfactory
Delhi,2015-12-01,400.0,397.7746218745382,Very Poor,Very Poor
Thiruvananthapuram,2019-06-17,37.0,41.90919456324648,Good,Good
Gurugram,2017-01-01,385.0,418.16978234879645,Very Poor,Very Poor
Mumbai,2016-10-12,72.0,75.18396276671906,Satisfactory,Satisfactory
Chennai,2017-10-09,77.0,70.93690384529289,Satisfactory,Satisfactory
Hyderabad,2018-10-27,117.0,122.07216900972236,Moderate,Moderate
Ahmedabad,2019-10-08,659.0,795.5266666666668,Severe,Severe
Mumbai,2017-10-06,72.0,75.18396276671906,Satisfactory,Satisfactory
Chennai,2017-06-20,76.0,76.57205478727985,Satisfactory,Satisfactory
Lucknow,2019-03-30,315.0,313.9138686966864,Very Poor,Very Poor
Delhi,2015-08-28,247.0,220.92985063689812,Poor,Poor
Amaravati,2019-02-28,60.0,61.32374605545758,Satisfactory,Satisfactory
Hyderabad,2016-05-05,67.0,83.27426077412834,Satisfactory,Satisfactory
Bengaluru,2016-12-13,342.0,288.5987097560559,Very Poor,Moderate
Hyderabad,2020-03-06,100.0,92.49548118055452,Satisfactory,Satisfactory
Jaipur,2019-10-14,128.0,124.13928632643403,Moderate,Moderate
Delhi,2016-09-25,175.0,157.14373673224551,Moderate,Moderate
Patna,2017-05-13,97.0,99.31361926665076,Satisfactory,Satisfactory
Delhi,2018-01-03,405.0,382.51049650348335,Severe,Very Poor
Delhi,2019-08-30,110.0,105.32688925730743,Moderate,Moderate
Ahmedabad,2019-09-20,314.0,394.10958485429205,Very Poor,Severe
Delhi,2019-07-09,131.0,125.08360310714535,Moderate,Moderate
Ahmedabad,2015-12-13,259.0,261.09008509940713,Poor,Poor
Delhi,2015-02-01,358.0,370.82383533859365,Very Poor,Very Poor
Chennai,2017-01-10,332.0,329.3335280783218,Very Poor,Moderate
Lucknow,2019-11-24,292.0,287.31436397603613,Poor,Poor
Amritsar,2018-04-03,143.0,139.3982784003723,Moderate,Moderate
Amritsar,2017-08-29,67.0,83.43030158411375,Satisfactory,Satisfactory
Lucknow,2020-01-20,191.0,219.7153463046381,Moderate,Poor
Patna,2015-09-10,102.0,103.17227536095156,Moderate,Moderate
Lucknow,2015-10-08,183.0,163.2730530388141,Moderate,Moderate
Chandigarh,2020-05-19,66.0,61.75243750986604,Satisfactory,Satisfactory
Delhi,2017-04-19,412.0,369.32694810099616,Severe,Very Poor
Lucknow,2020-05-04,73.0,74.76364821672621,Satisfactory,Satisfactory
Jorapokhar,2018-01-04,119.0,133.6295828931165,Moderate,Moderate
Jaipur,2019-01-04,203.0,166.9229307809745,Poor,Moderate
Bengaluru,2018-02-05,81.0,88.53531474229761,Satisfactory,Satisfactory
Mumbai,2018-09-02,70.0,72.78723359153224,Satisfactory,Satisfactory
Hyderabad,2020-01-21,84.0,81.80143475098775,Satisfactory,Satisfactory
Jorapokhar,2019-05-10,166.0,161.95850573064294,Moderate,Moderate
Hyderabad,2016-01-16,148.0,135.1956659199554,Moderate,Moderate
Bengaluru,2018-03-05,86.0,88.05870540239535,Satisfactory,Satisfactory
Amritsar,2018-06-17,222.0,322.627551081471,Poor,Moderate
Amaravati,2019-07-19,46.0,52.78232311415011,Good,Satisfactory
Delhi,2016-08-17,295.0,269.4915524997756,Poor,Poor
Lucknow,2019-11-19,225.0,231.79593740042293,Poor,Poor
Chennai,2016-10-20,130.0,176.85555634507074,Moderate,Moderate
Delhi,2019-02-04,301.0,319.64393734519217,Very Poor,Very Poor
Chandigarh,2020-04-06,41.0,47.28976186520939,Good,Good
Chennai,2018-01-02,94.0,98.46905719653824,Satisfactory,Satisfactory
Amritsar,2018-10-20,96.0,107.97418409081763,Satisfactory,Moderate
Delhi,2016-04-16,296.0,298.3512998563528,Poor,Very Poor
Kolkata,2018-06-16,119.0,117.72021947418662,Moderate,Moderate
Patna,2015-09-27,102.0,102.56159279456843,Moderate,Moderate
Kochi,2020-02-23,90.0,102.64773792326781,Satisfactory,Moderate
Amaravati,2018-01-12,235.0,250.3822052665901,Poor,Poor
Patna,2017-11-19,310.0,327.6094059223986,Very Poor,Very Poor
Amritsar,2019-07-02,86.0,88.52896815249971,Satisfactory,Satisfactory
Jaipur,2018-04-12,100.0,104.34468853000601,Satisfactory,Moderate
Amaravati,2020-04-12,44.0,44.401567039921744,Good,Good
Visakhapatnam,2018-12-10,282.0,225.42682445940216,Poor,Moderate
Ahmedabad,2020-06-17,95.0,68.55522698348288,Satisfactory,Satisfactory
Chandigarh,2020-03-19,85.0,81.69062737248865,Satisfactory,Satisfactory
Patna,2018-12-25,389.0,398.30899351515865,Very Poor,Very Poor
Patna,2016-04-07,108.0,151.37947016275405,Moderate,Moderate
Ahmedabad,2016-04-30,180.0,181.0372090917094,Moderate,Moderate
Gurugram,2018-07-06,114.0,123.78247726716071,Moderate,Moderate
Gurugram,2017-11-11,460.0,469.89218072962905,Severe,Severe
Gurugram,2019-08-03,72.0,69.73151295302532,Satisfactory,Satisfactory
Talcher,2018-07-09,102.0,105.74943311289067,Moderate,Moderate
Patna,2017-06-25,78.0,79.30902113923415,Satisfactory,Satisfactory
Chennai,2017-01-11,244.0,166.86358460748863,Poor,Moderate
Amritsar,2017-08-03,63.0,87.39751388771109,Satisfactory,Satisfactory
Talcher,2018-08-07,78.0,81.33556010855163,Satisfactory,Satisfactory
Jaipur,2018-11-07,141.0,152.44416741395514,Moderate,Moderate
Visakhapatnam,2017-10-19,102.0,104.66324134087476,Moderate,Moderate
Talcher,2019-07-09,112.0,105.98155167464132,Moderate,Moderate
Bengaluru,2015-11-08,56.0,69.7191735322222,Satisfactory,Satisfactory
Hyderabad,2017-12-05,128.0,122.49689084987585,Moderate,Moderate
Visakhapatnam,2018-05-20,76.0,84.52980759393886,Satisfactory,Satisfactory
Lucknow,2017-09-12,163.0,163.02219825959168,Moderate,Moderate
Visakhapatnam,2019-07-23,49.0,49.552902435615216,Good,Satisfactory
Thiruvananthapuram,2017-07-22,37.0,41.9844416580069,Good,Good
Guwahati,2019-10-15,89.0,97.2082656330798,Satisfactory,Satisfactory
Lucknow,2018-05-05,126.0,154.58485515405638,Moderate,Moderate
Guwahati,2019-07-11,64.0,98.79868097239827,Satisfactory,Satisfactory
Hyderabad,2020-05-26,89.0,92.8029302988496,Satisfactory,Satisfactory
Amritsar,2020-03-11,107.0,101.94568266043953,Moderate,Moderate
Patna,2018-02-24,360.0,366.7655934294712,Very Poor,Very Poor
Jorapokhar,2020-05-22,129.0,131.07868852136858,Moderate,Moderate
Patna,2019-06-09,180.0,161.64519808720488,Moderate,Moderate
Jaipur,2018-10-18,149.0,148.20352098525112,Moderate,Moderate
Shillong,2020-01-06,48.0,50.65377931460856,Good,Good
Guwahati,2019-05-13,99.0,97.61965641454202,Satisfactory,Moderate
Talcher,2018-12-03,434.0,407.7738295103559,Severe,Very Poor
Amaravati,2019-05-05,146.0,140.04665385646123,Moderate,Moderate
Mumbai,2015-11-11,128.0,129.33002189897138,Moderate,Moderate
Lucknow,2016-11-30,421.0,383.37309300128385,Severe,Very Poor
Mumbai,2018-02-08,135.0,135.17845051082097,Moderate,Moderate
Amaravati,2019-02-24,131.0,118.80515582367647,Moderate,Moderate
Amaravati,2020-06-27,42.0,41.572134191606274,Good,Good
Patna,2017-07-08,66.0,69.15988907843632,Satisfactory,Satisfactory
Visakhapatnam,2017-07-03,86.0,85.2327383320565,Satisfactory,Satisfactory
Delhi,2017-07-20,116.0,98.08745057203065,Moderate,Satisfactory
Bengaluru,2019-05-05,132.0,117.47763073143363,Moderate,Moderate
Bengaluru,2018-06-08,50.0,66.69354768268799,Good,Satisfactory
Patna,2015-07-12,101.0,91.81225898210137,Moderate,Moderate
Amritsar,2018-11-06,74.0,95.86819092558095,Satisfactory,Satisfactory
Delhi,2016-07-15,123.0,185.8529362803488,Moderate,Moderate
Ahmedabad,2015-10-19,471.0,603.0226203278771,Severe,Severe
Shillong,2019-11-03,21.0,20.205046189866536,Good,Good
Jaipur,2019-09-09,75.0,72.90342531059214,Satisfactory,Satisfactory
Brajrajnagar,2019-01-13,329.0,322.1289881892564,Very Poor,Very Poor
Gurugram,2016-12-23,421.0,397.95662755464423,Severe,Very Poor
Chennai,2017-10-20,213.0,199.8919955787208,Poor,Moderate
Patna,2017-05-28,97.0,99.16177622035879,Satisfactory,Satisfactory
Delhi,2017-04-08,497.0,393.7386726995278,Severe,Very Poor
Visakhapatnam,2017-11-08,85.0,93.47554453551862,Satisfactory,Satisfactory
Gurugram,2017-03-28,226.0,195.34683503812877,Poor,Poor
Visakhapatnam,2017-01-16,136.0,141.17845600738144,Moderate,Moderate
Bengaluru,2020-05-05,91.0,82.75212432583672,Satisfactory,Satisfactory
Kochi,2020-06-16,89.0,81.87680407133506,Satisfactory,Satisfactory
Jorapokhar,2020-05-28,142.0,143.151300941139,Moderate,Moderate
Ahmedabad,2019-11-01,362.0,393.63708564572653,Very Poor,Poor
Jorapokhar,2018-03-03,106.0,147.24805465283063,Moderate,Moderate
Visakhapatnam,2016-09-05,101.0,85.2312031185433,Moderate,Satisfactory
Chandigarh,2020-03-21,76.0,77.05212895809196,Satisfactory,Satisfactory
Jorapokhar,2017-12-03,194.0,192.98104842092675,Moderate,Moderate
Thiruvananthapuram,2020-06-08,41.0,41.32831564816875,Good,Good
Gurugram,2017-12-10,346.0,341.6097279348399,Very Poor,Very Poor
Mumbai,2019-01-19,190.0,205.2160026700589,Moderate,Moderate
Gurugram,2019-10-19,165.0,208.76509764609335,Moderate,Poor
Bengaluru,2017-03-24,140.0,114.46559709504287,Moderate,Moderate
Gurugram,2018-11-17,260.0,291.48095916810155,Poor,Poor
Talcher,2018-02-04,241.0,241.07778252346617,Poor,Poor
Hyderabad,2018-04-09,95.0,89.4320625471427,Satisfactory,Satisfactory
Amritsar,2020-04-02,63.0,66.99302437449106,Satisfactory,Satisfactory
Gurugram,2019-08-22,107.0,114.10810489151325,Moderate,Moderate
Chennai,2018-11-13,231.0,221.61878959190182,Poor,Moderate
Patna,2019-05-02,133.0,130.74960925686145,Moderate,Moderate
Talcher,2018-11-15,311.0,355.3836154020774,Very Poor,Very Poor
Bengaluru,2019-04-27,150.0,139.83711983389819,Moderate,Moderate
Jaipur,2019-02-09,115.0,117.40583752893612,Moderate,Moderate
Amritsar,2018-04-28,156.0,135.61431946860182,Moderate,Moderate
Shillong,2019-12-12,22.0,29.669110682920373,Good,Good
Lucknow,2016-11-22,369.0,362.58790906731906,Very Poor,Very Poor
Visakhapatnam,2018-11-02,44.0,48.813908292975775,Good,Good
Patna,2019-02-08,344.0,319.28876840992444,Very Poor,Very Poor
Patna,2020-03-17,145.0,137.63922814390654,Moderate,Moderate
Mumbai,2018-07-12,68.0,69.50941404682129,Satisfactory,Satisfactory
Visakhapatnam,2017-02-24,138.0,116.19978597147879,Moderate,Moderate
Amaravati,2019-09-30,67.0,68.51722498946799,Satisfactory,Satisfactory
Visakhapatnam,2019-05-10,163.0,141.14294882797762,Moderate,Moderate
Chennai,2015-01-06,95.0,98.3258320818428,Satisfactory,Satisfactory
Jorapokhar,2017-05-23,131.0,130.61883919905725,Moderate,Moderate
Jorapokhar,2017-10-18,104.0,104.91620774884454,Moderate,Moderate
Patna,2016-12-18,472.0,488.3665684937741,Severe,Severe
Gurugram,2017-02-19,269.0,259.01304596171104,Poor,Poor
Bengaluru,2020-04-13,72.0,63.77629482020844,Satisfactory,Satisfactory
Amritsar,2020-03-08,70.0,67.91618191105691,Satisfactory,Satisfactory
Amritsar,2018-09-12,46.0,49.85688439007623,Good,Good
Delhi,2018-10-31,422.0,428.3932380850843,Severe,Severe
Hyderabad,2019-12-07,186.0,176.00402091379775,Moderate,Moderate
Mumbai,2018-04-04,72.0,71.5156553679039,Satisfactory,Satisfactory
Amaravati,2018-12-03,130.0,151.8591558381835,Moderate,Moderate
Lucknow,2017-12-16,325.0,298.7976521535249,Very Poor,Very Poor
Gurugram,2016-11-15,226.0,274.24240069291676,Poor,Poor
Jorapokhar,2020-05-25,144.0,142.8735483025082,Moderate,Moderate
Shillong,2019-09-15,51.0,41.31251270931043,Satisfactory,Good
Delhi,2017-12-06,330.0,326.30345412884367,Very Poor,Very Poor
Lucknow,2019-02-18,161.0,176.0347119375617,Moderate,Moderate
Delhi,2015-04-21,391.0,353.1903343460243,Very Poor,Very Poor
Chennai,2016-09-18,240.0,268.6172206100944,Poor,Moderate
Lucknow,2019-04-30,287.0,318.8691129671086,Poor,Very Poor
Patna,2020-01-14,343.0,301.35471253194373,Very Poor,Very Poor
Ahmedabad,2016-10-02,298.0,240.49000741787862,Poor,Poor
Gurugram,2019-11-13,502.0,492.09280483815365,Severe,Severe
Jorapokhar,2017-08-22,45.0,55.36768070177946,Good,Satisfactory
Hyderabad,2018-07-31,73.0,73.60661691614979,Satisfactory,Satisfactory
Thiruvananthapuram,2019-11-16,156.0,129.0170462924932,Moderate,Moderate
Patna,2015-09-21,106.0,106.39676585493045,Moderate,Moderate
Jorapokhar,2017-05-01,101.0,105.91316089014047,Moderate,Moderate
Mumbai,2019-04-22,98.0,97.8238783967845,Satisfactory,Satisfactory
Chennai,2016-09-09,228.0,168.44091212928717,Poor,Moderate
Talcher,2018-08-02,146.0,115.29846230809068,Moderate,Moderate
Ahmedabad,2017-08-11,312.0,313.32503437319485,Very Poor,Very Poor
Lucknow,2019-04-06,232.0,271.3086540963101,Poor,Poor
Amritsar,2019-06-05,104.0,124.79165129611229,Moderate,Moderate
Mumbai,2016-12-23,137.0,137.09044071609668,Moderate,Moderate
Delhi,2018-10-24,354.0,321.5148444574594,Very Poor,Very Poor
Lucknow,2019-05-18,167.0,147.83659094122996,Moderate,Moderate
Lucknow,2015-08-05,118.0,98.42567535043254,Moderate,Satisfactory
Lucknow,2015-04-17,103.0,105.82570937046397,Moderate,Moderate
Amritsar,2018-04-18,85.0,96.67430829896726,Satisfactory,Satisfactory
Bengaluru,2015-09-10,65.0,66.05822948625502,Satisfactory,Satisfactory
Gurugram,2016-11-30,387.0,368.02797243727963,Very Poor,Very Poor
Delhi,2020-05-27,156.0,147.10599284176422,Moderate,Moderate
Chennai,2017-08-31,93.0,83.49252156278278,Satisfactory,Satisfactory
Amaravati,2018-05-31,150.0,144.7729925739695,Moderate,Moderate
Thiruvananthapuram,2017-12-23,76.0,75.42362991214029,Satisfactory,Satisfactory
Delhi,2017-02-18,301.0,303.9094102079797,Very Poor,Very Poor
Jaipur,2017-09-30,190.0,180.65868564270917,Moderate,Moderate
Chandigarh,2020-04-26,51.0,54.6593549080935,Satisfactory,Good
Kolkata,2018-04-24,65.0,68.33393195227403,Satisfactory,Satisfactory
Mumbai,2019-07-02,61.0,53.28025910772347,Satisfactory,Satisfactory
Amritsar,2018-05-18,206.0,177.9280890996282,Poor,Moderate
Brajrajnagar,2019-03-23,116.0,131.71221031397081,Moderate,Moderate
Thiruvananthapuram,2018-12-20,149.0,158.85371198482127,Moderate,Moderate
Jorapokhar,2017-11-11,174.0,173.65727243052342,Moderate,Moderate
Ahmedabad,2018-04-17,616.0,614.5774347171725,Severe,Severe
Talcher,2018-02-28,368.0,398.4976069323044,Very Poor,Very Poor
Ahmedabad,2016-04-25,180.0,181.0372090917094,Moderate,Moderate
Mumbai,2020-04-26,63.0,55.7900853747963,Satisfactory,Satisfactory
Gurugram,2019-12-08,373.0,370.87732374938264,Very Poor,Very Poor
Bengaluru,2017-07-06,87.0,83.64605915637262,Satisfactory,Satisfactory
Chennai,2019-04-21,85.0,81.41751499042024,Satisfactory,Satisfactory
Guwahati,2019-10-30,86.0,149.67356737889241,Satisfactory,Moderate
Amritsar,2018-11-27,132.0,136.52752806616718,Moderate,Moderate
Ahmedabad,2018-08-15,459.0,457.9271494171675,Severe,Severe
Jorapokhar,2017-10-01,104.0,95.52746748751069,Moderate,Moderate
Coimbatore,2019-11-15,70.0,68.57027920614416,Satisfactory,Satisfactory
Patna,2019-06-03,97.0,113.80323270827449,Satisfactory,Moderate
Mumbai,2017-02-05,135.0,135.18704513841558,Moderate,Moderate
Delhi,2016-02-06,408.0,385.38861810448316,Severe,Very Poor
Kolkata,2020-05-29,55.0,47.167847951951316,Satisfactory,Good
Gurugram,2020-04-18,107.0,108.63024983500556,Moderate,Moderate
Jaipur,2019-12-30,182.0,167.7295098928189,Moderate,Moderate
Lucknow,2015-06-09,161.0,147.24169986937616,Moderate,Moderate
Thiruvananthapuram,2018-09-03,54.0,59.28304723310015,Satisfactory,Satisfactory
Chennai,2017-10-30,88.0,86.2270087769561,Satisfactory,Satisfactory
Gurugram,2018-05-06,251.0,202.65806339974358,Poor,Poor
Kolkata,2019-05-20,92.0,93.76642895178416,Satisfactory,Satisfactory
Hyderabad,2017-10-28,142.0,145.5513929273154,Moderate,Moderate
Chennai,2018-06-20,104.0,98.76676806811264,Moderate,Satisfactory
Chandigarh,2019-09-06,66.0,74.43966789978708,Satisfactory,Satisfactory
Guwahati,2019-03-20,118.0,184.88973206295586,Moderate,Moderate
Ahmedabad,2017-07-16,315.0,315.4305581285962,Very Poor,Very Poor
Chennai,2016-07-23,62.0,65.36472409798532,Satisfactory,Satisfactory
Hyderabad,2015-10-06,231.0,214.31770226476476,Poor,Moderate
Brajrajnagar,2018-05-22,118.0,134.924419535943,Moderate,Moderate
Chennai,2015-04-25,130.0,225.65897063364824,Moderate,Moderate
Lucknow,2019-09-08,63.0,74.89219336421957,Satisfactory,Satisfactory
Thiruvananthapuram,2017-08-10,61.0,63.86275192469208,Satisfactory,Satisfactory
Bengaluru,2017-07-10,102.0,101.31396978723846,Moderate,Moderate
Thiruvananthapuram,2017-10-13,31.0,31.683502434611015,Good,Good
Patna,2017-10-30,296.0,309.3110531827534,Poor,Very Poor
Lucknow,2019-06-06,205.0,226.68827337088987,Poor,Poor
Lucknow,2017-09-29,140.0,143.5728067617987,Moderate,Moderate
Talcher,2018-06-02,98.0,131.40087567358947,Satisfactory,Moderate
Kolkata,2018-05-10,55.0,54.57087854405034,Satisfactory,Satisfactory
Mumbai,2020-04-23,67.0,58.92628815821013,Satisfactory,Satisfactory
Hyderabad,2017-02-22,161.0,138.92555650598644,Moderate,Moderate
Mumbai,2019-04-19,99.0,96.34790014206511,Satisfactory,Satisfactory
Patna,2019-12-07,345.0,351.4380593432112,Very Poor,Very Poor
Amaravati,2018-03-03,80.0,85.13973982465905,Satisfactory,Satisfactory
Guwahati,2020-04-06,162.0,146.48856102196632,Moderate,Moderate
Gurugram,2019-03-24,103.0,117.45867658821993,Moderate,Moderate
Delhi,2019-04-19,151.0,136.88416060795944,Moderate,Moderate
Visakhapatnam,2017-05-29,81.0,81.2386042675703,Satisfactory,Satisfactory
Gurugram,2018-02-01,302.0,297.7680031591841,Very Poor,Very Poor
Jorapokhar,2019-06-11,107.0,106.51293551657731,Moderate,Moderate
Kochi,2020-05-28,110.0,98.54208415045042,Moderate,Moderate
Mumbai,2019-03-05,106.0,114.74273209729382,Moderate,Moderate
Gurugram,2016-10-30,345.0,350.132220506229,Very Poor,Very Poor
Delhi,2019-02-11,332.0,322.118877182568,Very Poor,Very Poor
Chennai,2019-11-21,56.0,61.07732939740075,Satisfactory,Satisfactory
Ahmedabad,2016-05-27,185.0,183.30344321058791,Moderate,Moderate
Amritsar,2018-04-22,78.0,76.90446441789553,Satisfactory,Satisfactory
Ernakulam,2020-03-25,61.0,69.34571188430215,Satisfactory,Satisfactory
Brajrajnagar,2020-06-07,285.0,249.69901662409436,Poor,Poor
Bengaluru,2017-05-13,156.0,164.78116015992583,Moderate,Satisfactory
Mumbai,2017-09-29,55.0,54.36338552105759,Satisfactory,Satisfactory
Delhi,2016-05-28,409.0,334.09220805001394,Severe,Poor
Patna,2017-12-13,378.0,356.4941658971747,Very Poor,Very Poor
Brajrajnagar,2018-01-12,217.0,218.11922856819422,Poor,Poor
Visakhapatnam,2016-10-31,89.0,96.68991694932105,Satisfactory,Satisfactory
Chennai,2015-11-03,122.0,108.34513103612005,Moderate,Moderate
Ahmedabad,2018-12-27,1084.0,1118.4687499999998,Severe,Severe
Jaipur,2019-03-14,108.0,104.62826075447681,Moderate,Moderate
Chennai,2020-01-26,87.0,97.2168813533284,Satisfactory,Satisfactory
Jorapokhar,2020-04-18,117.0,135.82175353759263,Moderate,Moderate
Patna,2017-10-24,322.0,308.4006746687965,Very Poor,Very Poor
Mumbai,2018-12-25,210.0,205.47779869560543,Poor,Poor
Delhi,2020-01-10,255.0,276.38527414018705,Poor,Poor
Delhi,2018-12-21,422.0,422.3365074083165,Severe,Severe
Amritsar,2017-09-05,90.0,96.43008113128975,Satisfactory,Satisfactory
Hyderabad,2019-05-30,119.0,116.38260925396361,Moderate,Moderate
Visakhapatnam,2017-12-15,125.0,128.38422083146781,Moderate,Moderate
Visakhapatnam,2017-11-25,174.0,161.55565820354087,Moderate,Moderate
Hyderabad,2015-01-08,122.0,125.29977315956103,Moderate,Moderate
Delhi,2015-05-22,338.0,310.57075710280645,Very Poor,Very Poor
Amritsar,2018-02-14,58.0,63.094730085255826,Satisfactory,Satisfactory
Chennai,2019-08-14,106.0,81.70879475276882,Moderate,Satisfactory
Chennai,2015-02-25,85.0,90.3874597582232,Satisfactory,Satisfactory
Talcher,2019-10-06,87.0,89.48636186744442,Satisfactory,Satisfactory
Bhopal,2020-05-02,103.0,103.09570083195666,Moderate,Moderate
Chennai,2016-09-15,228.0,138.61462940302567,Poor,Moderate
Hyderabad,2019-06-25,62.0,60.291426644813555,Satisfactory,Satisfactory
Bengaluru,2017-01-23,111.0,108.84145160152222,Moderate,Satisfactory
Chennai,2017-07-12,85.0,78.71909407625756,Satisfactory,Satisfactory
Jaipur,2020-01-30,88.0,86.92211081819421,Satisfactory,Satisfactory
Chennai,2015-11-10,117.0,153.08709160857615,Moderate,Moderate
Amaravati,2020-03-06,36.0,46.077422765042876,Good,Good
Delhi,2015-01-12,375.0,375.84792695599685,Very Poor,Very Poor
Chennai,2016-02-09,181.0,190.03190654856684,Moderate,Moderate
Thiruvananthapuram,2019-10-14,64.0,57.964161662281306,Satisfactory,Satisfactory
Amritsar,2017-05-25,270.0,88.72764362882421,Poor,Satisfactory
Thiruvananthapuram,2018-09-25,62.0,58.40801924534289,Satisfactory,Satisfactory
Ahmedabad,2015-08-19,180.0,181.51488433406394,Moderate,Moderate
Bengaluru,2016-02-17,105.0,113.3839940725782,Moderate,Moderate
Ernakulam,2020-06-28,106.0,105.93455060312097,Moderate,Moderate
Bengaluru,2016-11-26,113.0,133.03551930321424,Moderate,Moderate
Patna,2016-08-31,127.0,111.83150104391457,Moderate,Moderate
Hyderabad,2015-10-11,117.0,115.9786301836424,Moderate,Moderate
Jorapokhar,2019-05-25,114.0,101.8024647129991,Moderate,Moderate
Amaravati,2019-08-26,34.0,39.12653791129379,Good,Good
Amritsar,2017-07-26,102.0,101.0272587785794,Moderate,Moderate
Bengaluru,2019-02-19,116.0,107.72218040142154,Moderate,Moderate
Mumbai,2016-06-06,48.0,47.78058066363529,Good,Good
Lucknow,2019-07-04,94.0,99.82434691427402,Satisfactory,Moderate
Mumbai,2018-12-10,137.0,141.8611448421783,Moderate,Moderate
Visakhapatnam,2018-05-09,102.0,82.37910929387154,Moderate,Satisfactory
Visakhapatnam,2016-11-25,109.0,113.33414133958661,Moderate,Moderate
Ahmedabad,2019-04-03,688.0,851.6037330586081,Severe,Severe
Jorapokhar,2018-06-16,107.0,113.0674512212326,Moderate,Moderate
Patna,2016-12-08,356.0,355.8058471191317,Very Poor,Very Poor
Kochi,2020-02-26,113.0,128.73113571495588,Moderate,Moderate
Lucknow,2016-05-22,143.0,144.52615498512637,Moderate,Moderate
Brajrajnagar,2019-05-31,114.0,94.94027025018326,Moderate,Satisfactory
Hyderabad,2019-07-03,46.0,45.543417286788966,Good,Good
Jorapokhar,2019-11-13,134.0,159.7067372660941,Moderate,Moderate
Mumbai,2020-03-07,107.0,113.5386316101893,Moderate,Moderate
Jaipur,2018-10-30,219.0,187.65725498382255,Poor,Moderate
Jorapokhar,2019-09-08,103.0,95.43847905956596,Moderate,Satisfactory
Lucknow,2015-05-08,148.0,119.75991446272778,Moderate,Moderate
Hyderabad,2016-03-17,111.0,97.61198036256854,Moderate,Moderate
Hyderabad,2019-04-01,106.0,112.52164397017619,Moderate,Moderate
Hyderabad,2018-05-24,104.0,98.08209514058959,Moderate,Moderate
Bengaluru,2017-08-24,68.0,93.47906973033282,Satisfactory,Satisfactory
Gurugram,2015-11-30,332.0,332.60504752933,Very Poor,Very Poor
Amritsar,2018-06-16,695.0,473.7704241516583,Severe,Very Poor
Visakhapatnam,2018-07-20,63.0,70.1193000653066,Satisfactory,Satisfactory
Ahmedabad,2020-03-16,222.0,163.78617244951138,Poor,Moderate
Delhi,2015-05-20,282.0,258.4893731547319,Poor,Poor
Brajrajnagar,2019-07-16,102.0,99.18536653342177,Moderate,Moderate
Lucknow,2018-07-04,81.0,100.3519701954622,Satisfactory,Moderate
Ahmedabad,2018-08-29,460.0,458.8544220374715,Severe,Severe
Bengaluru,2020-02-15,128.0,117.32319492934525,Moderate,Moderate
Delhi,2016-03-11,213.0,221.58302272781646,Poor,Poor
Lucknow,2018-07-18,75.0,87.57987617771693,Satisfactory,Satisfactory
Hyderabad,2017-03-14,161.0,135.43753355478913,Moderate,Moderate
Lucknow,2018-04-15,113.0,117.78802464562314,Moderate,Moderate
Ahmedabad,2019-01-10,661.0,564.3796460244727,Severe,Severe
Lucknow,2016-12-15,364.0,380.74559370899243,Very Poor,Very Poor
Amaravati,2020-01-14,168.0,172.87191163773204,Moderate,Moderate
Delhi,2019-05-08,389.0,332.4936413898378,Very Poor,Very Poor
Chennai,2019-01-28,71.0,68.3748297815261,Satisfactory,Satisfactory
Hyderabad,2015-01-25,122.0,125.32035367984942,Moderate,Moderate
Ahmedabad,2019-07-01,486.0,472.89731303249175,Severe,Severe
Jaipur,2018-07-27,132.0,124.77021035885518,Moderate,Moderate
Mumbai,2018-07-25,61.0,62.727818972769285,Satisfactory,Satisfactory
Visakhapatnam,2016-12-06,113.0,116.50806728903197,Moderate,Moderate
Hyderabad,2016-01-26,120.0,140.3797223074696,Moderate,Moderate
Lucknow,2020-04-25,120.0,128.09759821123933,Moderate,Moderate
Jorapokhar,2019-03-06,177.0,174.59627989838683,Moderate,Moderate
Bengaluru,2015-05-06,141.0,166.52595708222074,Moderate,Moderate
Chandigarh,2020-06-26,68.0,55.89774308606623,Satisfactory,Satisfactory
Patna,2019-03-30,224.0,210.31541815429856,Poor,Poor
Thiruvananthapuram,2019-01-01,180.0,151.53188611190043,Moderate,Moderate
Gurugram,2019-02-20,213.0,150.2484582014115,Poor,Moderate
Bengaluru,2020-04-04,74.0,75.73042891722206,Satisfactory,Satisfactory
Hyderabad,2017-05-01,99.0,86.16479036329594,Satisfactory,Satisfactory
Brajrajnagar,2019-11-01,179.0,185.07516996896535,Moderate,Moderate
Amaravati,2017-12-05,198.0,192.94209909256656,Moderate,Moderate
Mumbai,2018-01-24,147.0,147.67226551943156,Moderate,Moderate
Visakhapatnam,2018-05-24,47.0,57.979193233562945,Good,Satisfactory
Mumbai,2020-06-13,54.0,49.11483931627886,Satisfactory,Satisfactory
Kolkata,2019-08-26,49.0,46.33261996997465,Good,Good
Talcher,2020-05-24,79.0,79.67724606303734,Satisfactory,Satisfactory
Chandigarh,2020-05-10,77.0,69.99397427989565,Satisfactory,Satisfactory
Patna,2018-11-28,326.0,352.95791377625363,Very Poor,Very Poor
Ahmedabad,2018-04-30,328.0,314.3066573034665,Very Poor,Very Poor
Mumbai,2018-08-24,65.0,69.11356684914067,Satisfactory,Satisfactory
Jaipur,2017-08-02,116.0,111.15211286609745,Moderate,Moderate
Gurugram,2016-11-20,258.0,286.966216382261,Poor,Poor
Jaipur,2018-11-22,201.0,155.21076781465445,Poor,Moderate
Kolkata,2020-06-17,50.0,46.88813115705522,Good,Good
Chennai,2019-01-01,212.0,231.58550982600096,Poor,Moderate
Visakhapatnam,2017-01-14,144.0,141.07520372231684,Moderate,Moderate
Thiruvananthapuram,2017-08-03,63.0,62.22005981086741,Satisfactory,Satisfactory
Kochi,2020-03-03,98.0,100.43887671855938,Satisfactory,Moderate
Ahmedabad,2019-09-12,499.0,582.8827597777541,Severe,Severe
Chandigarh,2020-06-24,38.0,50.38395532759763,Good,Satisfactory
Kolkata,2020-04-30,54.0,51.86403920948605,Satisfactory,Good
Gurugram,2018-02-18,348.0,346.88207516637283,Very Poor,Very Poor
Hyderabad,2016-08-23,45.0,47.07625813773875,Good,Good
Mumbai,2017-11-02,128.0,129.01308183742907,Moderate,Moderate
Bengaluru,2016-02-18,111.0,122.18804706432779,Moderate,Moderate
Chennai,2019-11-23,64.0,72.30679094072184,Satisfactory,Satisfactory
Gurugram,2019-09-29,49.0,56.62594210714812,Good,Satisfactory
Gurugram,2020-03-06,95.0,92.26502722320943,Satisfactory,Moderate
Lucknow,2015-12-21,362.0,372.7467759344062,Very Poor,Very Poor
Bengaluru,2019-04-15,111.0,105.64298464522327,Moderate,Moderate
Delhi,2017-08-22,96.0,73.72079140444863,Satisfactory,Satisfactory
Gurugram,2017-10-29,335.0,328.72160117163037,Very Poor,Very Poor
Jorapokhar,2017-07-10,86.0,85.02389557962678,Satisfactory,Satisfactory
Coimbatore,2019-07-09,60.0,61.5829396692889,Satisfactory,Satisfactory
Kolkata,2019-04-29,78.0,90.34045570330441,Satisfactory,Satisfactory
Visakhapatnam,2018-09-13,121.0,116.67829325761457,Moderate,Moderate
Bengaluru,2016-01-01,101.0,118.96305055999552,Moderate,Moderate
Lucknow,2016-02-21,238.0,207.90001932930625,Poor,Poor
Thiruvananthapuram,2020-03-12,74.0,70.92652479575621,Satisfactory,Satisfactory
Amaravati,2019-11-23,97.0,108.34129399207268,Satisfactory,Moderate
Ahmedabad,2020-03-04,246.0,276.1549775566733,Poor,Poor
Jorapokhar,2020-04-06,115.0,132.98331303086638,Moderate,Moderate
Talcher,2019-05-06,140.0,139.62732149544547,Moderate,Moderate
Lucknow,2020-03-11,165.0,149.49261086194383,Moderate,Moderate
Bengaluru,2020-05-01,74.0,65.99554744557838,Satisfactory,Satisfactory
Talcher,2020-04-29,113.0,110.92484567577054,Moderate,Moderate
Thiruvananthapuram,2018-11-08,95.0,98.23532073995221,Satisfactory,Satisfactory
Shillong,2019-10-23,73.0,79.60882208662676,Satisfactory,Satisfactory
Bengaluru,2018-08-09,58.0,60.76157603005049,Satisfactory,Satisfactory
Visakhapatnam,2020-06-22,95.0,100.5899099862663,Satisfactory,Moderate
Talcher,2018-07-13,108.0,108.82002512622672,Moderate,Moderate
Chennai,2017-08-03,120.0,95.81309084190326,Moderate,Satisfactory
Amritsar,2019-04-23,129.0,138.36426674422432,Moderate,Moderate
Delhi,2015-05-30,366.0,318.01539984448505,Very Poor,Very Poor
Amaravati,2020-01-29,59.0,63.96984485408182,Satisfactory,Satisfactory
Brajrajnagar,2019-08-05,49.0,81.86845301251236,Good,Satisfactory
Mumbai,2018-07-13,72.0,76.55814590653249,Satisfactory,Satisfactory
Amritsar,2019-01-31,83.0,87.19237494344253,Satisfactory,Satisfactory
Ahmedabad,2017-07-25,315.0,315.4305581285962,Very Poor,Very Poor
Talcher,2020-02-07,136.0,106.94931849740424,Moderate,Satisfactory
Chennai,2017-08-02,144.0,108.49279190522155,Moderate,Moderate
Thiruvananthapuram,2017-08-05,59.0,60.91744970965267,Satisfactory,Satisfactory
Ahmedabad,2017-01-22,318.0,318.35616988786813,Very Poor,Very Poor
Gurugram,2020-04-09,101.0,93.29186318751609,Moderate,Satisfactory
Delhi,2016-07-04,160.0,128.71129523576755,Moderate,Moderate
Chennai,2016-06-05,77.0,80.2206215907035,Satisfactory,Satisfactory
Shillong,2020-04-12,66.0,68.19267069687689,Satisfactory,Satisfactory
Patna,2018-06-19,151.0,164.15792351664953,Moderate,Moderate
Delhi,2018-08-30,97.0,90.9844590804208,Satisfactory,Satisfactory
Mumbai,2019-02-13,190.0,192.02864350502944,Moderate,Moderate
Guwahati,2019-11-08,114.0,103.58400144072252,Moderate,Moderate
Mumbai,2017-04-22,72.0,70.88646738238639,Satisfactory,Satisfactory
Coimbatore,2019-10-18,101.0,101.23469340354528,Moderate,Moderate
Guwahati,2019-10-18,101.0,106.81237197946425,Moderate,Moderate
Thiruvananthapuram,2020-04-04,66.0,63.080058512639354,Satisfactory,Satisfactory
Brajrajnagar,2020-02-11,155.0,168.70409327292495,Moderate,Moderate
Ahmedabad,2018-02-21,1215.0,1118.4013571428573,Severe,Severe
Chennai,2020-01-17,62.0,70.68116319436078,Satisfactory,Satisfactory
Talcher,2019-08-25,108.0,108.60997002665735,Moderate,Moderate
Bhopal,2020-01-16,307.0,278.83962699684633,Very Poor,Poor
Patna,2020-06-23,74.0,64.21880553565605,Satisfactory,Satisfactory
Kolkata,2019-09-10,49.0,47.92371406556694,Good,Good
Amritsar,2020-05-04,61.0,81.13720791135619,Satisfactory,Satisfactory
Visakhapatnam,2020-02-13,150.0,146.92494397064604,Moderate,Moderate
Jorapokhar,2020-03-01,220.0,217.3050793963841,Poor,Poor
Chandigarh,2019-10-07,94.0,99.98984836324827,Satisfactory,Moderate
Bengaluru,2015-07-10,160.0,193.51322943105518,Moderate,Moderate
Chennai,2019-01-23,92.0,104.87169886872366,Satisfactory,Moderate
Bengaluru,2017-01-29,214.0,189.6932523096097,Poor,Moderate
Talcher,2020-02-04,150.0,183.10799493211508,Moderate,Moderate
Visakhapatnam,2019-06-17,109.0,106.24839117248756,Moderate,Moderate
Chennai,2019-10-31,141.0,131.47415025674567,Moderate,Moderate
Delhi,2020-06-09,138.0,128.91764155715677,Moderate,Moderate
Ernakulam,2020-06-19,111.0,109.52927361001284,Moderate,Moderate
Kolkata,2018-08-17,72.0,67.40332100453139,Satisfactory,Satisfactory
Visakhapatnam,2017-06-10,96.0,93.26838578936672,Satisfactory,Satisfactory
Hyderabad,2017-01-27,100.0,118.30569030361474,Satisfactory,Moderate
Chennai,2016-09-12,120.0,78.03859674048036,Moderate,Satisfactory
Kolkata,2018-06-28,34.0,50.77838839017942,Good,Satisfactory
Talcher,2018-01-23,304.0,302.8843283243542,Very Poor,Very Poor
Visakhapatnam,2018-04-30,67.0,65.1880695756776,Satisfactory,Satisfactory
Chennai,2020-01-28,85.0,88.29526922157761,Satisfactory,Satisfactory
Delhi,2018-02-01,293.0,314.5579565580337,Poor,Very Poor
Lucknow,2015-12-09,532.0,528.3540833760106,Severe,Severe
Patna,2019-03-08,199.0,199.25579045738522,Moderate,Moderate
Brajrajnagar,2019-11-08,141.0,144.91440104670778,Moderate,Moderate
Ahmedabad,2017-11-11,1141.0,895.6846657509159,Severe,Severe
Mumbai,2017-07-03,53.0,53.56552562042305,Satisfactory,Satisfactory
Bengaluru,2019-06-24,65.0,63.66214901144026,Satisfactory,Satisfactory
Kolkata,2018-12-19,133.0,166.4809536273161,Moderate,Moderate
Chennai,2017-02-15,95.0,104.16791017192767,Satisfactory,Moderate
Chennai,2018-05-19,81.0,77.59751392292075,Satisfactory,Satisfactory
Hyderabad,2017-05-30,82.0,79.03491696911244,Satisfactory,Satisfactory
Chandigarh,2020-05-13,66.0,74.49681929007488,Satisfactory,Satisfactory
Delhi,2018-01-01,462.0,452.4197791014513,Severe,Severe
Gurugram,2016-05-29,107.0,201.87113925574405,Moderate,Moderate
Delhi,2016-03-20,267.0,238.54598414884128,Poor,Poor
Mumbai,2018-05-19,83.0,87.95766901748799,Satisfactory,Satisfactory
Hyderabad,2018-04-20,117.0,112.04264780825815,Moderate,Moderate
Patna,2019-11-09,328.0,318.5149244625182,Very Poor,Very Poor
Gurugram,2017-04-27,360.0,361.6641458921108,Very Poor,Very Poor
Bengaluru,2020-04-29,62.0,63.71266567007091,Satisfactory,Satisfactory
Chennai,2019-10-27,306.0,217.20810644872213,Very Poor,Moderate
Patna,2018-10-20,284.0,285.799036909323,Poor,Poor
Jorapokhar,2017-12-08,194.0,193.03349097411825,Moderate,Moderate
Amritsar,2018-11-14,129.0,111.2122192235577,Moderate,Moderate
Delhi,2015-06-18,313.0,302.6348103433895,Very Poor,Very Poor
Patna,2018-03-02,349.0,338.2288362192827,Very Poor,Very Poor
Patna,2018-02-12,348.0,334.1664440250629,Very Poor,Very Poor
Hyderabad,2019-02-21,82.0,87.23653118730083,Satisfactory,Satisfactory
Jorapokhar,2017-07-30,86.0,84.83803760380447,Satisfactory,Satisfactory
Delhi,2018-12-19,370.0,374.7255450014974,Very Poor,Very Poor
Bhopal,2020-03-16,133.0,128.4890032367906,Moderate,Moderate
Talcher,2018-01-12,304.0,302.22671782673586,Very Poor,Very Poor
Amritsar,2019-02-22,92.0,68.04525565669637,Satisfactory,Satisfactory
Talcher,2018-04-25,196.0,256.0439382783614,Moderate,Poor
Lucknow,2017-02-08,178.0,231.13356339404862,Moderate,Poor
Talcher,2018-10-29,107.0,110.25843828422443,Moderate,Moderate
Mumbai,2016-01-12,147.0,147.30983106125043,Moderate,Moderate
Chandigarh,2020-05-14,81.0,72.79250601367691,Satisfactory,Satisfactory
Gurugram,2016-08-10,69.0,71.90965535007827,Satisfactory,Satisfactory
Kolkata,2019-03-25,226.0,213.5470288576571,Poor,Poor
Visakhapatnam,2017-06-06,96.0,93.03313078676796,Satisfactory,Satisfactory
Delhi,2018-07-02,111.0,111.54343062384066,Moderate,Moderate
Lucknow,2016-10-25,292.0,302.0237055199821,Poor,Very Poor
Chennai,2018-06-19,90.0,97.31005285632165,Satisfactory,Satisfactory
Jaipur,2018-06-03,265.0,225.4419894207274,Poor,Moderate
Coimbatore,2019-08-28,73.0,88.17907750416698,Satisfactory,Satisfactory
Jaipur,2017-12-26,242.0,279.8251471888465,Poor,Poor
Chennai,2015-06-29,157.0,163.09668436534568,Moderate,Moderate
Chennai,2017-05-20,165.0,187.04005772241155,Moderate,Moderate
Brajrajnagar,2018-09-20,95.0,96.26954806045694,Satisfactory,Satisfactory
Jaipur,2019-12-19,118.0,120.96565273965847,Moderate,Moderate
Delhi,2018-06-24,194.0,168.82100234095415,Moderate,Moderate
Gurugram,2019-04-17,76.0,148.66592410093702,Satisfactory,Moderate
Talcher,2019-01-18,431.0,408.3182074757439,Severe,Very Poor
Mumbai,2020-06-29,54.0,56.273245069920975,Satisfactory,Satisfactory
Delhi,2016-01-28,451.0,459.48202213918665,Severe,Severe
Delhi,2020-01-20,282.0,305.5470755210538,Poor,Very Poor
Mumbai,2016-02-07,135.0,135.08667624859163,Moderate,Moderate
Ahmedabad,2020-05-01,128.0,107.32490303987004,Moderate,Moderate
Patna,2017-11-20,360.0,338.47100827967387,Very Poor,Very Poor
Ahmedabad,2016-06-16,200.0,200.74417823642537,Moderate,Moderate
Lucknow,2019-02-02,316.0,334.57545743717253,Very Poor,Very Poor
Hyderabad,2016-09-19,38.0,50.24961204752878,Good,Satisfactory
Mumbai,2015-05-10,59.0,59.9847879170474,Satisfactory,Satisfactory
Mumbai,2017-01-22,147.0,147.67226551943156,Moderate,Moderate
Patna,2019-01-04,501.0,505.9609995710219,Severe,Severe
Delhi,2017-06-11,80.0,139.98581617063152,Satisfactory,Moderate
Lucknow,2017-06-14,112.0,175.91968960435904,Moderate,Moderate
Mumbai,2018-04-17,72.0,74.31167808978043,Satisfactory,Satisfactory
Chennai,2018-03-15,69.0,70.5148457094887,Satisfactory,Satisfactory
Patna,2015-06-15,78.0,81.92864360903714,Satisfactory,Satisfactory
Hyderabad,2017-09-10,60.0,63.782141522451504,Satisfactory,Satisfactory
Ahmedabad,2020-05-13,117.0,111.63667007525233,Moderate,Moderate
Patna,2015-08-31,102.0,102.32569949308501,Moderate,Moderate
Visakhapatnam,2017-11-17,63.0,60.964392063763135,Satisfactory,Satisfactory
Gurugram,2018-01-05,371.0,381.2191993803067,Very Poor,Very Poor
Hyderabad,2016-05-18,84.0,80.88108538659284,Satisfactory,Satisfactory
Jaipur,2017-12-16,89.0,90.17230993360475,Satisfactory,Satisfactory
Delhi,2019-12-13,322.0,337.30002110228793,Very Poor,Poor
Gurugram,2016-07-12,92.0,92.86789980989664,Satisfactory,Satisfactory
Jaipur,2017-08-09,116.0,114.97730930367062,Moderate,Moderate
Visakhapatnam,2019-04-28,102.0,104.76306561930974,Moderate,Moderate
Chennai,2016-10-15,124.0,143.12451671241027,Moderate,Moderate
Bengaluru,2015-01-03,303.0,154.51866068574608,Very Poor,Moderate
Patna,2015-07-03,66.0,70.0059557487995,Satisfactory,Satisfactory
Jorapokhar,2018-07-22,55.0,86.60991689070313,Satisfactory,Satisfactory
Shillong,2020-01-24,78.0,68.24760007022644,Satisfactory,Satisfactory
Amritsar,2019-01-07,69.0,65.08027687859871,Satisfactory,Satisfactory
Bengaluru,2016-09-11,64.0,73.53475340177795,Satisfactory,Satisfactory
Amritsar,2017-09-28,199.0,203.4747712992981,Moderate,Poor
Ahmedabad,2018-01-18,656.0,632.7249041927467,Severe,Severe
Ahmedabad,2015-02-05,149.0,183.91267543317983,Moderate,Moderate
Ahmedabad,2019-09-27,466.0,407.6915427283171,Severe,Severe
Mumbai,2019-06-28,59.0,55.173104684415684,Satisfactory,Satisfactory
Patna,2017-11-29,431.0,430.1019930793272,Severe,Severe
Ahmedabad,2019-01-11,711.0,783.8224736929737,Severe,Severe
Shillong,2020-03-28,72.0,73.24081070793596,Satisfactory,Satisfactory
Gurugram,2017-06-16,295.0,324.4771765881097,Poor,Poor
Chennai,2015-03-24,333.0,218.23968956651356,Very Poor,Very Poor
Bengaluru,2018-01-25,101.0,110.84528890901376,Moderate,Moderate
Lucknow,2018-10-10,233.0,270.11068630711776,Poor,Poor
Mumbai,2016-02-09,135.0,135.08667624859163,Moderate,Moderate
Mumbai,2018-02-19,135.0,135.18704513841558,Moderate,Moderate
Ahmedabad,2018-11-23,530.0,799.08686417968,Severe,Severe
Mumbai,2015-07-11,53.0,53.679004495933334,Satisfactory,Satisfactory
Brajrajnagar,2019-11-30,201.0,184.17109452125973,Poor,Moderate
Jaipur,2019-02-18,112.0,113.34936239363071,Moderate,Moderate
Aizawl,2020-04-26,18.0,19.723821061670037,Good,Good
Visakhapatnam,2016-09-21,49.0,45.77894411554046,Good,Good
Visakhapatnam,2017-04-17,74.0,73.07471349148653,Satisfactory,Satisfactory
Amritsar,2018-09-20,84.0,81.92536135143484,Satisfactory,Satisfactory
Chandigarh,2019-09-30,87.0,64.67787840606455,Satisfactory,Satisfactory
Patna,2017-04-03,272.0,259.54183040767,Poor,Poor
Gurugram,2016-10-02,91.0,162.39239064745573,Satisfactory,Moderate
Delhi,2016-04-06,208.0,223.87721636217887,Poor,Poor
Gurugram,2020-04-03,95.0,81.68153248030254,Satisfactory,Satisfactory
Amritsar,2020-02-08,152.0,175.41878613239922,Moderate,Moderate
Guwahati,2020-01-14,326.0,345.51925279945283,Very Poor,Very Poor
Talcher,2018-11-08,167.0,174.29892363015784,Moderate,Moderate
Ahmedabad,2019-06-24,440.0,444.79216035353534,Severe,Very Poor
Jaipur,2018-02-23,311.0,309.9104734265268,Very Poor,Poor
Lucknow,2016-06-04,97.0,242.98167241647124,Satisfactory,Moderate
Lucknow,2020-06-25,116.0,95.48989547556603,Moderate,Satisfactory
Chennai,2020-02-11,69.0,65.26997358740415,Satisfactory,Satisfactory
Ernakulam,2020-03-07,86.0,93.50108859242799,Satisfactory,Satisfactory
Mumbai,2015-05-22,59.0,59.9847879170474,Satisfactory,Satisfactory
Amritsar,2018-10-07,133.0,118.18637347408512,Moderate,Moderate
Lucknow,2020-01-15,354.0,344.6812219287219,Very Poor,Very Poor
Thiruvananthapuram,2018-02-26,60.0,81.42465285214911,Satisfactory,Satisfactory
Bhopal,2019-12-18,217.0,178.00939642091402,Poor,Moderate
Ahmedabad,2016-01-18,318.0,318.35616988786813,Very Poor,Very Poor
Amritsar,2017-06-03,107.0,107.52007502761244,Moderate,Moderate
Visakhapatnam,2020-03-06,51.0,63.55247633344392,Satisfactory,Satisfactory
Amritsar,2020-06-20,120.0,114.46443708834832,Moderate,Moderate
Hyderabad,2016-05-28,80.0,75.40525716232374,Satisfactory,Satisfactory
Patna,2017-09-01,102.0,102.4561717377267,Moderate,Moderate
Hyderabad,2018-03-14,103.0,97.67685844877671,Moderate,Moderate
Kolkata,2019-09-24,31.0,42.61333474793612,Good,Good
Visakhapatnam,2019-02-14,182.0,193.89180332404197,Moderate,Moderate
Bhopal,2020-01-14,147.0,175.55834701621802,Moderate,Moderate
Lucknow,2017-02-18,388.0,381.5132156087953,Very Poor,Very Poor
Hyderabad,2019-12-01,127.0,122.82302864398906,Moderate,Moderate
Hyderabad,2016-04-17,151.0,122.34971152630565,Moderate,Moderate
Visakhapatnam,2019-10-15,75.0,117.8587670105926,Satisfactory,Satisfactory
Amritsar,2020-01-10,103.0,91.18389802776832,Moderate,Satisfactory
Talcher,2018-12-11,212.0,244.36019158121334,Poor,Poor
Aizawl,2020-03-11,54.0,48.935042028343744,Satisfactory,Good
Gurugram,2016-07-23,131.0,173.65077571133742,Moderate,Moderate
Jorapokhar,2019-02-19,171.0,193.81216950672658,Moderate,Moderate
Lucknow,2015-03-18,198.0,204.2343246437664,Moderate,Moderate
Gurugram,2020-03-21,154.0,146.43177583355254,Moderate,Moderate
Delhi,2017-03-22,390.0,386.75818630361096,Very Poor,Very Poor
Chennai,2017-09-17,77.0,68.50948511942669,Satisfactory,Satisfactory
Thiruvananthapuram,2017-08-08,63.0,61.23147009356034,Satisfactory,Satisfactory
Jaipur,2018-11-21,161.0,188.93494791405558,Moderate,Moderate
Bengaluru,2015-02-20,162.0,178.18129251657567,Moderate,Moderate
Mumbai,2018-05-24,92.0,84.74903880345106,Satisfactory,Satisfactory
Bengaluru,2015-03-23,154.0,196.1978488066751,Moderate,Moderate
Gurugram,2017-10-09,154.0,181.32262365995874,Moderate,Moderate
Chennai,2015-11-08,154.0,111.72616703228321,Moderate,Moderate
Ahmedabad,2016-12-19,259.0,261.06605107828216,Poor,Poor
Ahmedabad,2019-11-07,358.0,490.9519507395768,Very Poor,Severe
Talcher,2020-04-08,111.0,131.62998696256523,Moderate,Moderate
Guwahati,2020-06-24,36.0,45.811942410781995,Good,Good
Amaravati,2018-09-02,99.0,92.92332847369505,Satisfactory,Satisfactory
Patna,2015-08-24,102.0,102.37690501231992,Moderate,Moderate
Thiruvananthapuram,2018-12-15,108.0,111.32140599286342,Moderate,Moderate
Brajrajnagar,2020-04-08,93.0,136.230342328023,Satisfactory,Moderate
Amritsar,2019-07-13,142.0,112.48915923529995,Moderate,Moderate
Kolkata,2019-10-07,77.0,82.24181431521687,Satisfactory,Satisfactory
Bengaluru,2017-07-09,112.0,104.7596522985283,Moderate,Moderate
Ahmedabad,2020-06-27,92.0,117.33619198437484,Satisfactory,Moderate
Amritsar,2018-01-30,142.0,128.48709763900604,Moderate,Moderate
Hyderabad,2017-06-10,68.0,60.481089712614946,Satisfactory,Satisfactory
Jaipur,2019-07-22,80.0,76.07321025362053,Satisfactory,Satisfactory
Lucknow,2018-04-01,106.0,159.33917617903435,Moderate,Moderate
Gurugram,2017-11-06,332.0,337.0387436574836,Very Poor,Very Poor
Amaravati,2018-09-06,96.0,96.10353531776626,Satisfactory,Satisfactory
Talcher,2019-06-22,86.0,84.24338612513282,Satisfactory,Satisfactory
Amaravati,2017-12-14,115.0,138.49562924016686,Moderate,Moderate
Thiruvananthapuram,2018-09-15,73.0,72.28681120547722,Satisfactory,Satisfactory
Mumbai,2018-02-16,135.0,135.18704513841558,Moderate,Moderate
Thiruvananthapuram,2018-05-10,54.0,64.37089020018342,Satisfactory,Satisfactory
Hyderabad,2017-12-08,145.0,144.66826270993343,Moderate,Moderate
Thiruvananthapuram,2019-09-18,57.0,57.37231761776902,Satisfactory,Satisfactory
Gurugram,2018-03-28,191.0,190.11020682950056,Moderate,Moderate
Lucknow,2015-06-05,203.0,181.97543746973665,Poor,Moderate
Bengaluru,2017-12-21,131.0,142.53756201732648,Moderate,Moderate
Visakhapatnam,2017-11-22,95.0,94.86780322945152,Satisfactory,Moderate
Coimbatore,2020-03-27,70.0,62.48636654736116,Satisfactory,Satisfactory
Chennai,2018-10-12,90.0,116.33289439299679,Satisfactory,Satisfactory
Kolkata,2018-11-30,274.0,277.4123382081482,Poor,Poor
Visakhapatnam,2018-04-28,49.0,66.9239572400009,Good,Satisfactory
Bengaluru,2016-03-21,264.0,280.4045235340445,Poor,Poor
Brajrajnagar,2019-09-07,101.0,99.9930164360044,Moderate,Moderate
Mumbai,2015-10-19,72.0,75.18396276671906,Satisfactory,Satisfactory
Jorapokhar,2017-05-20,100.0,99.45925152320916,Satisfactory,Moderate
Delhi,2020-05-18,222.0,226.75174374373918,Poor,Poor
Amaravati,2020-02-27,73.0,75.04857108801225,Satisfactory,Satisfactory
Hyderabad,2016-04-20,105.0,101.05334814275407,Moderate,Moderate
Talcher,2019-01-27,177.0,173.4844534923567,Moderate,Moderate
Hyderabad,2015-06-19,93.0,86.61173636073092,Satisfactory,Satisfactory
Hyderabad,2020-05-10,65.0,63.7169174456711,Satisfactory,Satisfactory
Delhi,2019-03-22,141.0,158.74903589283775,Moderate,Moderate
Patna,2015-07-22,112.0,117.0395682483283,Moderate,Moderate
Chandigarh,2020-05-22,116.0,101.71861069821915,Moderate,Satisfactory
Bengaluru,2018-03-13,76.0,83.29698882717959,Satisfactory,Satisfactory
Visakhapatnam,2018-04-06,89.0,84.6768251120935,Satisfactory,Satisfactory
Chennai,2015-09-18,116.0,96.07369438780842,Moderate,Moderate
Kolkata,2019-01-03,363.0,392.2466584344243,Very Poor,Very Poor
Thiruvananthapuram,2019-05-06,105.0,101.93520804767587,Moderate,Satisfactory
Mumbai,2017-12-16,137.0,137.09044071609668,Moderate,Moderate
Coimbatore,2019-07-30,80.0,78.29371721764755,Satisfactory,Satisfactory
Thiruvananthapuram,2019-03-28,74.0,85.44294975277758,Satisfactory,Satisfactory
Mumbai,2017-12-02,137.0,137.09044071609668,Moderate,Moderate
Brajrajnagar,2018-09-13,95.0,96.26954806045694,Satisfactory,Satisfactory
Lucknow,2016-12-10,423.0,423.51547738277776,Severe,Severe
Jorapokhar,2017-11-24,187.0,176.61087730069423,Moderate,Moderate
Delhi,2017-11-28,360.0,353.62321631455785,Very Poor,Very Poor
Chennai,2018-04-03,68.0,73.39841211337767,Satisfactory,Satisfactory
Amaravati,2019-08-16,49.0,49.290284640254775,Good,Good
Chennai,2015-05-16,209.0,196.46168503747026,Poor,Moderate
Patna,2016-08-11,123.0,110.86393331274537,Moderate,Moderate
Thiruvananthapuram,2019-06-07,60.0,48.04462190506855,Satisfactory,Good
Hyderabad,2019-05-04,110.0,118.04248689517995,Moderate,Moderate
Amritsar,2019-03-16,71.0,77.2791161453275,Satisfactory,Satisfactory
Ahmedabad,2019-07-25,502.0,534.495511714292,Severe,Severe
Delhi,2019-03-10,157.0,174.67608821229555,Moderate,Moderate
Hyderabad,2017-09-05,79.0,61.16705353076876,Satisfactory,Satisfactory
Delhi,2019-01-08,340.0,321.60135155907574,Very Poor,Very Poor
Gurugram,2018-02-10,339.0,333.08329162317716,Very Poor,Very Poor
Mumbai,2017-10-23,72.0,75.18396276671906,Satisfactory,Satisfactory
Gurugram,2016-12-07,468.0,474.7173267274668,Severe,Severe
Amritsar,2017-09-12,125.0,128.33015237641786,Moderate,Moderate
Lucknow,2019-06-25,151.0,119.58687355951832,Moderate,Moderate
Chandigarh,2020-04-11,42.0,45.321075735568094,Good,Good
Shillong,2019-11-29,49.0,31.969892678021488,Good,Good
Ahmedabad,2017-09-20,300.0,304.3930813009233,Poor,Poor
Guwahati,2020-04-10,104.0,121.09999631642509,Moderate,Moderate
Delhi,2017-12-11,406.0,379.86786684159125,Severe,Very Poor
Mumbai,2016-03-07,106.0,106.18021398589495,Moderate,Moderate
Jaipur,2018-12-01,180.0,161.5700471426801,Moderate,Moderate
Mumbai,2016-04-04,72.0,70.88646738238639,Satisfactory,Satisfactory
Mumbai,2018-01-06,147.0,147.82489724606816,Moderate,Moderate
Bengaluru,2018-12-06,87.0,91.70312243017435,Satisfactory,Satisfactory
Gurugram,2018-03-11,173.0,164.00858162422495,Moderate,Moderate
Talcher,2018-12-28,254.0,238.18798745353703,Poor,Poor
Chennai,2015-08-27,127.0,107.26216598988395,Moderate,Moderate
Visakhapatnam,2016-09-08,98.0,99.93764176838886,Satisfactory,Moderate
Thiruvananthapuram,2020-05-30,54.0,50.66837977830594,Satisfactory,Good
Delhi,2019-12-27,372.0,379.18788157616285,Very Poor,Very Poor
Mumbai,2017-07-29,53.0,53.679004495933334,Satisfactory,Satisfactory
Jorapokhar,2017-06-27,107.0,106.21770564537407,Moderate,Moderate
Kolkata,2019-02-27,76.0,101.26182472884156,Satisfactory,Moderate
Ahmedabad,2017-03-13,272.0,270.72938873051595,Poor,Poor
Talcher,2019-12-05,192.0,219.44625599189476,Moderate,Poor
Patna,2016-10-01,146.0,131.30858593212847,Moderate,Moderate
Visakhapatnam,2018-04-29,60.0,61.62561363902192,Satisfactory,Satisfactory
Delhi,2017-10-23,327.0,331.62147740665597,Very Poor,Very Poor
Jorapokhar,2018-01-15,136.0,156.16220624172578,Moderate,Moderate
Guwahati,2020-01-05,284.0,213.78657034023524,Poor,Poor
Patna,2016-07-04,84.0,102.23316671130657,Satisfactory,Moderate
Gurugram,2018-07-29,68.0,82.3454275203969,Satisfactory,Satisfactory
Hyderabad,2019-04-16,104.0,103.72894856375954,Moderate,Moderate
Chennai,2019-10-04,72.0,99.75087036648216,Satisfactory,Satisfactory
Mumbai,2019-12-14,110.0,136.03056078990505,Moderate,Moderate
Bengaluru,2015-02-12,97.0,96.17542121118584,Satisfactory,Satisfactory
Delhi,2019-04-12,202.0,198.15151711724155,Poor,Moderate
Delhi,2016-12-08,422.0,428.57870499390833,Severe,Severe
Patna,2016-03-04,327.0,347.4573388351429,Very Poor,Very Poor
Mumbai,2018-08-22,64.0,87.07237997237345,Satisfactory,Satisfactory
Bengaluru,2015-04-10,129.0,145.54024399726134,Moderate,Moderate
Chennai,2018-12-30,211.0,220.25311344705244,Poor,Poor
Gurugram,2017-05-12,409.0,415.69323114259646,Severe,Severe
Ahmedabad,2017-01-06,318.0,318.0074270732912,Very Poor,Very Poor
Chennai,2019-12-30,83.0,81.30636287581117,Satisfactory,Satisfactory
Lucknow,2020-03-19,183.0,219.9940002033905,Moderate,Poor
Mumbai,2016-11-27,128.0,129.33002189897138,Moderate,Moderate
Guwahati,2020-05-04,51.0,54.87470497719815,Satisfactory,Satisfactory
Ahmedabad,2015-10-11,227.0,287.9518892476409,Poor,Very Poor
Jaipur,2019-09-27,53.0,55.09158782378681,Satisfactory,Satisfactory
Talcher,2019-05-24,102.0,99.4480785373827,Moderate,Moderate
Gurugram,2019-07-14,199.0,228.76253809227535,Moderate,Poor
Delhi,2015-11-13,454.0,443.6053418193935,Severe,Severe
Amaravati,2018-04-01,52.0,54.47090308004903,Satisfactory,Satisfactory
Amaravati,2018-04-10,59.0,72.26331047376766,Satisfactory,Satisfactory
Amritsar,2018-03-12,128.0,124.37567294995559,Moderate,Moderate
Chennai,2016-11-22,132.0,146.3661442516643,Moderate,Moderate
Guwahati,2020-03-20,273.0,255.02755334575448,Poor,Poor
Bengaluru,2018-11-12,113.0,116.70075434181334,Moderate,Moderate
Thiruvananthapuram,2020-03-14,85.0,80.51834906931532,Satisfactory,Satisfactory
Chennai,2018-07-06,128.0,136.4173756207548,Moderate,Moderate
Chennai,2015-01-09,95.0,100.60993678509982,Satisfactory,Satisfactory
Jaipur,2018-03-06,98.0,100.58773861319568,Satisfactory,Moderate
Mumbai,2015-04-29,72.0,70.88646738238639,Satisfactory,Satisfactory
Mumbai,2015-01-13,147.0,147.67226551943156,Moderate,Moderate
Patna,2020-02-17,197.0,178.90118537417132,Moderate,Moderate
Bengaluru,2018-06-05,61.0,61.64369470411495,Satisfactory,Satisfactory
Hyderabad,2015-11-24,102.0,95.76856874761069,Moderate,Satisfactory
Patna,2018-07-09,103.0,102.69193734214099,Moderate,Moderate
Bengaluru,2018-06-16,106.0,76.58473811952109,Moderate,Satisfactory
Brajrajnagar,2018-08-08,31.0,66.8021518018067,Good,Satisfactory
Gurugram,2018-12-11,377.0,353.85680541271273,Very Poor,Very Poor
Hyderabad,2016-08-07,82.0,52.653452901366954,Satisfactory,Good
Amritsar,2018-07-24,74.0,52.48545102020561,Satisfactory,Satisfactory
Visakhapatnam,2018-06-07,82.0,98.23646704958145,Satisfactory,Satisfactory
Brajrajnagar,2018-01-09,217.0,217.9623291971251,Poor,Poor
Jaipur,2018-05-23,199.0,164.15173336753884,Moderate,Moderate
Kolkata,2019-03-13,150.0,160.85961894380225,Moderate,Moderate
Lucknow,2018-06-23,229.0,271.245403764832,Poor,Poor
Hyderabad,2019-10-30,82.0,89.40822599169549,Satisfactory,Satisfactory
Hyderabad,2019-08-22,67.0,68.76037317641136,Satisfactory,Satisfactory
Chennai,2016-02-19,170.0,159.16836803247196,Moderate,Moderate
Ahmedabad,2019-12-11,538.0,517.2535572715075,Severe,Severe
Chandigarh,2019-09-25,102.0,84.48215699438623,Moderate,Satisfactory
Thiruvananthapuram,2017-10-06,13.0,24.188894996529164,Good,Good
Hyderabad,2018-07-11,54.0,47.856209765871284,Satisfactory,Good
Bengaluru,2015-06-17,67.0,111.00651352773608,Satisfactory,Moderate
Chennai,2019-02-22,104.0,74.15952502654324,Moderate,Satisfactory
Amaravati,2018-06-06,87.0,102.66487281807174,Satisfactory,Moderate
Jorapokhar,2019-01-14,352.0,335.444282752071,Very Poor,Very Poor
Mumbai,2015-07-09,53.0,53.679004495933334,Satisfactory,Satisfactory
Mumbai,2018-07-22,62.0,67.10124430661662,Satisfactory,Satisfactory
Brajrajnagar,2018-09-09,95.0,96.26954806045694,Satisfactory,Satisfactory
Gurugram,2017-02-02,418.0,419.1557920154297,Severe,Severe
Chandigarh,2020-02-22,50.0,67.80334084475113,Good,Satisfactory
Kochi,2020-01-26,197.0,151.52031808154936,Moderate,Moderate
Visakhapatnam,2018-08-01,193.0,174.00933685395202,Moderate,Moderate
Hyderabad,2017-04-15,152.0,148.26467096613428,Moderate,Moderate
Aizawl,2020-05-25,20.0,21.93286216509634,Good,Good
Thiruvananthapuram,2018-02-08,66.0,75.57491546887758,Satisfactory,Satisfactory
Amritsar,2017-11-10,295.0,302.05352909500476,Poor,Very Poor
Guwahati,2019-07-05,46.0,44.35979391991614,Good,Good
Hyderabad,2016-05-16,92.0,89.39872021256802,Satisfactory,Satisfactory
Thiruvananthapuram,2018-10-25,85.0,79.31776953075727,Satisfactory,Satisfactory
Brajrajnagar,2020-02-28,94.0,119.35608032753603,Satisfactory,Moderate
Gurugram,2016-09-17,150.0,148.5037098800674,Moderate,Moderate
Amaravati,2019-12-16,76.0,79.84440701684436,Satisfactory,Satisfactory
Bhopal,2020-03-14,126.0,117.37650396768335,Moderate,Moderate
Mumbai,2016-09-28,55.0,54.36338552105759,Satisfactory,Satisfactory
Gurugram,2017-10-26,350.0,324.9086902235794,Very Poor,Very Poor
Amritsar,2019-03-25,89.0,85.56944459184159,Satisfactory,Satisfactory
Visakhapatnam,2017-09-08,87.0,85.73454743356126,Satisfactory,Satisfactory
Talcher,2019-02-16,274.0,290.17030821056693,Poor,Poor
Lucknow,2017-05-11,125.0,139.88041070253155,Moderate,Moderate
Bengaluru,2017-02-26,73.0,81.7284606918414,Satisfactory,Satisfactory
Mumbai,2015-02-18,135.0,135.18704513841558,Moderate,Moderate
Patna,2016-04-28,329.0,248.37612280432654,Very Poor,Poor
Lucknow,2016-09-05,85.0,91.89778291809795,Satisfactory,Satisfactory
Bengaluru,2015-07-06,309.0,266.29588807974625,Very Poor,Moderate
Delhi,2019-06-01,300.0,269.71814859514956,Poor,Poor
Jorapokhar,2019-09-22,54.0,98.54937758985872,Satisfactory,Satisfactory
Chennai,2016-06-22,83.0,89.98565028436765,Satisfactory,Satisfactory
Brajrajnagar,2018-10-27,103.0,108.17056856946856,Moderate,Moderate
Delhi,2016-12-02,474.0,424.05174539146464,Severe,Severe
Delhi,2015-05-08,361.0,329.799812283618,Very Poor,Very Poor
Mumbai,2016-09-07,55.0,54.32512730296039,Satisfactory,Satisfactory
Visakhapatnam,2018-12-03,124.0,128.85681135991308,Moderate,Moderate
Patna,2020-01-16,346.0,312.43151287262634,Very Poor,Very Poor
Mumbai,2019-06-10,87.0,80.18747404020499,Satisfactory,Satisfactory
Ahmedabad,2015-10-08,517.0,467.86947409982537,Severe,Severe
Lucknow,2019-11-07,369.0,371.76708432008957,Very Poor,Very Poor
Thiruvananthapuram,2018-04-06,73.0,77.27067634596631,Satisfactory,Satisfactory
Delhi,2017-04-18,415.0,389.98717658589857,Severe,Very Poor
Bengaluru,2019-12-03,76.0,68.85302641361099,Satisfactory,Satisfactory
Visakhapatnam,2018-03-22,110.0,106.06904539429202,Moderate,Moderate
Hyderabad,2020-03-20,79.0,82.5433122123446,Satisfactory,Satisfactory
Amritsar,2019-05-09,147.0,162.07327591201846,Moderate,Moderate
Chennai,2017-02-27,90.0,88.44851984865518,Satisfactory,Satisfactory
Shillong,2020-06-11,20.0,30.550270027924174,Good,Good
Bengaluru,2016-02-13,160.0,182.83314300544663,Moderate,Moderate
Talcher,2018-07-20,110.0,115.46504842983794,Moderate,Moderate
Patna,2020-05-14,176.0,142.92895130588084,Moderate,Moderate
Amritsar,2019-03-02,76.0,83.9122698680926,Satisfactory,Satisfactory
Gurugram,2016-05-19,193.0,182.6436194302335,Moderate,Moderate
Hyderabad,2018-05-14,100.0,97.44923325012884,Satisfactory,Satisfactory
Patna,2015-12-03,309.0,351.63204451428896,Very Poor,Very Poor
Hyderabad,2016-09-02,87.0,72.52526543471166,Satisfactory,Satisfactory
Chennai,2016-04-11,141.0,136.8625912768996,Moderate,Moderate
Chennai,2020-02-08,64.0,70.22751972452156,Satisfactory,Satisfactory
Brajrajnagar,2018-11-24,163.0,165.87948851011697,Moderate,Moderate
Gurugram,2019-08-20,85.0,77.61802089235785,Satisfactory,Satisfactory
Ahmedabad,2018-03-25,889.0,732.7866886507768,Severe,Severe
Chennai,2019-03-09,90.0,79.07169108001214,Satisfactory,Satisfactory
Coimbatore,2020-03-19,98.0,72.88152037659887,Satisfactory,Satisfactory
Coimbatore,2019-12-09,63.0,63.68124218926428,Satisfactory,Satisfactory
Lucknow,2016-08-19,53.0,75.0837914901583,Satisfactory,Satisfactory
Bengaluru,2019-10-02,92.0,75.81422624317732,Satisfactory,Satisfactory
Kolkata,2020-01-21,172.0,154.360709873902,Moderate,Moderate
Lucknow,2016-03-02,314.0,334.4074604807119,Very Poor,Very Poor
Lucknow,2019-10-04,91.0,84.6273517795996,Satisfactory,Satisfactory
Gurugram,2018-07-20,92.0,110.41302331320371,Satisfactory,Moderate
Chennai,2019-01-05,116.0,170.8895074577009,Moderate,Moderate
Talcher,2018-09-01,38.0,90.9060502109948,Good,Satisfactory
Talcher,2019-07-04,81.0,82.6142613268953,Satisfactory,Satisfactory
Mumbai,2019-10-16,121.0,115.99889403726188,Moderate,Moderate
Hyderabad,2016-11-23,124.0,110.51904736258035,Moderate,Moderate
Kolkata,2019-06-22,46.0,51.59379122816565,Good,Satisfactory
Bengaluru,2017-07-20,61.0,72.31041285725907,Satisfactory,Satisfactory
Lucknow,2016-04-28,211.0,223.93766673065585,Poor,Poor
Kolkata,2019-07-24,44.0,46.01291304218097,Good,Good
Amritsar,2019-05-20,102.0,96.52278571028988,Moderate,Satisfactory
Jorapokhar,2017-11-19,174.0,173.49241610868432,Moderate,Moderate
Amritsar,2019-02-04,113.0,121.84685534054306,Moderate,Moderate
Ahmedabad,2018-01-26,1367.0,1139.5222627372627,Severe,Severe
Patna,2017-07-01,66.0,76.77789924623508,Satisfactory,Satisfactory
Delhi,2016-09-03,216.0,192.08180394445156,Poor,Moderate
Kolkata,2019-05-12,107.0,113.9165762910908,Moderate,Moderate
Ahmedabad,2017-08-17,312.0,313.32503437319485,Very Poor,Very Poor
Amaravati,2018-07-22,59.0,62.726750042851734,Satisfactory,Satisfactory
Mumbai,2020-01-12,211.0,209.73115041205074,Poor,Poor
Thiruvananthapuram,2018-08-02,62.0,65.40524741379542,Satisfactory,Satisfactory
Jaipur,2020-06-10,85.0,92.4989580084146,Satisfactory,Satisfactory
Gurugram,2017-06-17,218.0,217.63346540189534,Poor,Poor
Bengaluru,2016-01-09,143.0,150.8694475816938,Moderate,Moderate
Thiruvananthapuram,2018-09-09,63.0,57.35443041534555,Satisfactory,Satisfactory
Talcher,2019-09-18,53.0,63.6928887804521,Satisfactory,Satisfactory
Jaipur,2019-05-11,138.0,136.21803248678785,Moderate,Moderate
Chennai,2019-09-22,126.0,105.76171214568772,Moderate,Moderate
Jorapokhar,2019-09-11,110.0,34.934053469327644,Moderate,Satisfactory
Amritsar,2019-12-01,89.0,95.77241113033833,Satisfactory,Satisfactory
Mumbai,2018-02-07,135.0,135.17845051082097,Moderate,Moderate
Delhi,2015-07-13,148.0,120.75730124874845,Moderate,Moderate
Patna,2018-03-11,234.0,222.03473690798634,Poor,Poor
Lucknow,2016-01-06,327.0,330.45609794240113,Very Poor,Very Poor
Mumbai,2018-06-04,82.0,93.3324980610057,Satisfactory,Satisfactory
Patna,2018-01-02,440.0,381.5001595450384,Severe,Very Poor
Lucknow,2016-04-17,321.0,316.0892712621101,Very Poor,Very Poor
Chennai,2019-04-30,78.0,80.45466394281333,Satisfactory,Satisfactory
Chennai,2018-12-10,222.0,221.07664118189976,Poor,Poor
Visakhapatnam,2018-10-04,117.0,125.55704989154418,Moderate,Moderate
Delhi,2015-10-14,204.0,212.18784296315053,Poor,Poor
Jorapokhar,2020-01-12,127.0,127.74495352707008,Moderate,Moderate
Gurugram,2018-07-15,84.0,78.43501135770634,Satisfactory,Satisfactory
Shillong,2020-05-28,23.0,31.043130429043753,Good,Good
Talcher,2018-09-26,16.0,17.730702432843767,Good,Good
Kolkata,2019-03-16,130.0,139.2442128744514,Moderate,Moderate
Gurugram,2017-05-27,550.0,362.576947194343,Severe,Very Poor
Mumbai,2016-03-17,106.0,106.18021398589495,Moderate,Moderate
Ahmedabad,2018-03-09,1171.0,816.6491176184927,Severe,Severe
Ahmedabad,2018-03-21,414.0,488.6737702517964,Severe,Severe
Thiruvananthapuram,2018-07-12,60.0,56.538889672520206,Satisfactory,Satisfactory
Ernakulam,2020-03-06,104.0,96.85844193153791,Moderate,Satisfactory
Amritsar,2018-11-26,135.0,129.33757679806658,Moderate,Moderate
Chennai,2018-07-22,87.0,94.54689087221537,Satisfactory,Satisfactory
Shillong,2019-09-27,40.0,41.0043522060695,Good,Good
Chennai,2016-10-10,79.0,75.91235729166937,Satisfactory,Satisfactory
Guwahati,2019-07-12,36.0,58.58651277448726,Good,Satisfactory
Thiruvananthapuram,2017-12-21,78.0,74.73720360166867,Satisfactory,Satisfactory
Delhi,2018-07-27,68.0,79.925265198063,Satisfactory,Satisfactory
Amaravati,2018-04-28,51.0,47.93779830372402,Satisfactory,Good
Amritsar,2017-06-23,86.0,82.96063527101406,Satisfactory,Satisfactory
Talcher,2018-05-23,124.0,103.83270898206302,Moderate,Moderate
Jaipur,2018-01-07,183.0,174.32199391132184,Moderate,Moderate
Bengaluru,2016-07-03,238.0,192.71291334032492,Poor,Moderate
Delhi,2018-07-16,95.0,88.24256414284868,Satisfactory,Satisfactory
Delhi,2020-01-14,314.0,316.2233536753555,Very Poor,Poor
Lucknow,2017-08-08,80.0,100.37667474532199,Satisfactory,Moderate
Mumbai,2017-05-28,59.0,59.9847879170474,Satisfactory,Satisfactory
Visakhapatnam,2020-05-07,51.0,48.90209305569934,Satisfactory,Satisfactory
Delhi,2018-07-21,114.0,94.61574757234467,Moderate,Satisfactory
Lucknow,2018-11-17,274.0,319.84918513901226,Poor,Very Poor
Hyderabad,2016-05-31,100.0,104.94237752851093,Satisfactory,Moderate
Mumbai,2017-02-16,135.0,135.18704513841558,Moderate,Moderate
Lucknow,2016-07-03,122.0,120.6246799784994,Moderate,Moderate
Ahmedabad,2015-05-28,106.0,177.2301470286919,Moderate,Moderate
Gurugram,2016-08-07,69.0,63.427460005923,Satisfactory,Satisfactory
Amritsar,2019-10-10,77.0,74.84650517440386,Satisfactory,Satisfactory
Delhi,2018-01-02,439.0,446.13936692439404,Severe,Severe
Delhi,2019-11-16,438.0,456.0150338687423,Severe,Severe
Thiruvananthapuram,2017-10-04,22.0,24.802724664509327,Good,Good
Kochi,2020-03-13,122.0,112.9890378003525,Moderate,Moderate
Bengaluru,2018-04-17,70.0,68.66349383744658,Satisfactory,Satisfactory
Guwahati,2019-04-23,95.0,98.58156365066901,Satisfactory,Satisfactory
Ahmedabad,2015-02-13,510.0,344.55521625558174,Severe,Very Poor
Jorapokhar,2018-01-22,176.0,163.76753886785033,Moderate,Moderate
Chennai,2015-10-31,195.0,122.70471869127744,Moderate,Moderate
Gurugram,2018-01-25,275.0,295.63599154807656,Poor,Very Poor
Jorapokhar,2018-10-06,292.0,261.5629341331742,Poor,Poor
Visakhapatnam,2019-02-17,109.0,113.07274246495379,Moderate,Moderate
Hyderabad,2017-12-15,126.0,133.79282484352987,Moderate,Moderate
Chennai,2018-04-01,86.0,88.26162623792823,Satisfactory,Satisfactory
Thiruvananthapuram,2018-01-11,123.0,120.08424130044632,Moderate,Moderate
Thiruvananthapuram,2018-12-25,114.0,117.56791846112127,Moderate,Moderate
Talcher,2019-03-26,292.0,232.93452509312078,Poor,Poor
Guwahati,2020-07-01,36.0,52.952165187430964,Good,Satisfactory
Chennai,2016-02-17,145.0,148.09094240595093,Moderate,Moderate
Delhi,2016-07-08,172.0,127.99836744202845,Moderate,Moderate
Kochi,2020-03-29,122.0,104.70878431265069,Moderate,Moderate
Kolkata,2019-08-06,65.0,64.623737296047,Satisfactory,Satisfactory
Hyderabad,2016-11-27,106.0,109.59805373272293,Moderate,Moderate
Kochi,2020-05-27,104.0,98.15691643724294,Moderate,Moderate
Gurugram,2017-09-30,238.0,230.49893076068318,Poor,Poor
Patna,2017-08-19,102.0,102.28736043867653,Moderate,Moderate
Lucknow,2016-06-29,47.0,83.38310511409351,Good,Satisfactory
Amritsar,2018-12-11,94.0,105.79353196440208,Satisfactory,Moderate
Ernakulam,2020-06-21,103.0,102.62580540742879,Moderate,Moderate
Amritsar,2017-10-28,338.0,321.3887599675576,Very Poor,Very Poor
Delhi,2018-10-18,330.0,324.6140067659275,Very Poor,Very Poor
Lucknow,2016-02-01,337.0,345.00687405864153,Very Poor,Very Poor
Visakhapatnam,2017-01-15,148.0,157.97216308865202,Moderate,Moderate
Visakhapatnam,2019-06-16,135.0,127.67411306596223,Moderate,Moderate
Delhi,2018-05-22,207.0,213.81189094189077,Poor,Poor
Amritsar,2020-01-05,156.0,156.295420850981,Moderate,Moderate
Delhi,2016-08-08,141.0,127.67924677201749,Moderate,Moderate
Bengaluru,2015-10-13,77.0,72.88977128698369,Satisfactory,Satisfactory
Patna,2018-09-19,191.0,204.51159304176855,Moderate,Moderate
Gurugram,2018-05-10,176.0,192.8011674023568,Moderate,Moderate
Bengaluru,2016-11-14,44.0,89.42829282188694,Good,Satisfactory
Thiruvananthapuram,2018-06-23,53.0,62.95420156909499,Satisfactory,Satisfactory
Mumbai,2020-06-18,50.0,45.43868849029228,Good,Good
Bengaluru,2015-05-25,111.0,133.14304769660882,Moderate,Moderate
Talcher,2018-06-26,113.0,137.49338601277287,Moderate,Moderate
Delhi,2020-03-03,226.0,193.93745245946462,Poor,Moderate
Amritsar,2018-08-03,67.0,81.25430510430934,Satisfactory,Satisfactory
Amaravati,2019-06-19,77.0,68.66561829171637,Satisfactory,Satisfactory
Ahmedabad,2017-09-23,300.0,304.3930813009233,Poor,Poor
Amritsar,2017-07-14,100.0,95.84328560747728,Satisfactory,Satisfactory
Bengaluru,2019-11-11,124.0,113.4680485757217,Moderate,Moderate
Guwahati,2019-05-29,72.0,79.78923452754185,Satisfactory,Satisfactory
Chennai,2015-12-03,85.0,118.69904818597608,Satisfactory,Moderate
Chennai,2015-12-27,165.0,143.04068482541615,Moderate,Moderate
Jaipur,2018-08-14,100.0,98.71552094049459,Satisfactory,Satisfactory
Mumbai,2019-05-07,95.0,95.28484658041054,Satisfactory,Satisfactory
Gurugram,2016-09-30,123.0,126.4139748562845,Moderate,Moderate
Patna,2016-10-05,241.0,246.30905883509965,Poor,Poor
Mumbai,2019-03-31,87.0,96.56084859099606,Satisfactory,Satisfactory
Mumbai,2018-10-03,122.0,117.42372128770101,Moderate,Moderate
Kolkata,2019-05-02,36.0,75.6848650149616,Good,Satisfactory
Shillong,2019-11-09,21.0,20.205046189866536,Good,Good
Thiruvananthapuram,2018-07-04,56.0,56.72245831957294,Satisfactory,Satisfactory
Bengaluru,2015-06-04,74.0,84.83874695335454,Satisfactory,Satisfactory
Ernakulam,2020-04-25,55.0,65.37000829675247,Satisfactory,Satisfactory
Thiruvananthapuram,2019-03-20,69.0,76.86577039708398,Satisfactory,Satisfactory
Kolkata,2019-03-23,114.0,121.15087150361296,Moderate,Moderate
Gurugram,2017-08-11,82.0,83.22917628912987,Satisfactory,Satisfactory
Thiruvananthapuram,2019-07-04,88.0,48.07519738338994,Satisfactory,Good
Mumbai,2019-02-16,125.0,126.15093092667237,Moderate,Moderate
Ahmedabad,2019-01-22,547.0,613.5380487115775,Severe,Severe
Amaravati,2018-10-13,109.0,117.35660872576429,Moderate,Moderate
Thiruvananthapuram,2018-07-29,61.0,62.502159075664466,Satisfactory,Satisfactory
Visakhapatnam,2016-09-04,67.0,69.68103839210316,Satisfactory,Satisfactory
Visakhapatnam,2019-01-08,296.0,314.6559617820946,Poor,Very Poor
Lucknow,2015-06-02,116.0,113.84017103282486,Moderate,Moderate
Bengaluru,2020-05-13,66.0,69.14078240846358,Satisfactory,Satisfactory
Amritsar,2017-03-28,96.0,95.28076273556383,Satisfactory,Satisfactory
Chandigarh,2020-01-22,112.0,106.23835865653724,Moderate,Satisfactory
Lucknow,2018-11-20,378.0,397.2756143604584,Very Poor,Very Poor
Chennai,2017-11-02,70.0,87.12798660579789,Satisfactory,Satisfactory
Ahmedabad,2017-06-15,200.0,200.74417823642537,Moderate,Moderate
Hyderabad,2019-01-29,136.0,126.8599595055466,Moderate,Moderate
Lucknow,2015-02-22,307.0,305.71719572318386,Very Poor,Very Poor
Jaipur,2019-02-27,85.0,99.68556221572271,Satisfactory,Moderate
Delhi,2016-09-24,197.0,124.01541437281553,Moderate,Moderate
Kolkata,2018-11-09,350.0,372.70867262338294,Very Poor,Very Poor
Jaipur,2017-08-22,95.0,96.03985468321423,Satisfactory,Satisfactory
Delhi,2015-10-18,298.0,345.4801437604957,Poor,Very Poor
Patna,2017-11-01,75.0,263.09030439556807,Satisfactory,Poor
Gurugram,2019-03-01,137.0,131.95593563275077,Moderate,Moderate
Gurugram,2016-12-14,319.0,306.2032054146099,Very Poor,Very Poor
Bengaluru,2018-02-16,70.0,69.01999033125551,Satisfactory,Satisfactory
Hyderabad,2015-02-12,108.0,108.55943157541718,Moderate,Moderate
Patna,2019-08-12,148.0,111.12042830634715,Moderate,Moderate
Gurugram,2017-06-18,359.0,354.01350078386656,Very Poor,Very Poor
Chennai,2020-01-09,79.0,77.3506350154037,Satisfactory,Satisfactory
Patna,2017-01-18,520.0,495.7919756035725,Severe,Severe
Patna,2017-09-02,102.0,102.47761340439338,Moderate,Moderate
Jorapokhar,2017-09-06,52.0,55.59863575952961,Satisfactory,Satisfactory
Ahmedabad,2019-12-24,113.0,109.2363521172014,Moderate,Moderate
Chennai,2016-09-07,257.0,142.97557485226105,Poor,Moderate
Amritsar,2018-02-15,77.0,71.82562088057487,Satisfactory,Satisfactory
Thiruvananthapuram,2018-08-16,106.0,66.66330138599886,Moderate,Satisfactory
Jorapokhar,2019-06-15,107.0,106.51293551657731,Moderate,Moderate
Mumbai,2019-04-28,103.0,99.69237585632223,Moderate,Satisfactory
Bengaluru,2017-11-15,66.0,69.00916570164355,Satisfactory,Satisfactory
Kolkata,2019-08-03,64.0,48.5912610549064,Satisfactory,Satisfactory
Guwahati,2020-03-10,168.0,213.34023909794047,Moderate,Poor
Gurugram,2020-05-18,160.0,141.4628038337227,Moderate,Moderate
Bengaluru,2016-03-24,119.0,134.78407020495547,Moderate,Moderate
Jorapokhar,2018-06-04,116.0,116.97823204671208,Moderate,Moderate
Chennai,2015-10-30,113.0,111.40865652781486,Moderate,Moderate
Talcher,2019-06-01,136.0,129.69033875510317,Moderate,Moderate
Visakhapatnam,2017-05-05,81.0,81.12320541355191,Satisfactory,Satisfactory
Kolkata,2019-03-01,141.0,111.7518700510515,Moderate,Moderate
Gurugram,2017-11-25,339.0,324.0777503999271,Very Poor,Very Poor
Mumbai,2017-06-14,48.0,47.77489144057765,Good,Good
Bengaluru,2016-08-31,49.0,61.80481263442398,Good,Satisfactory
Visakhapatnam,2016-08-25,87.0,88.96516475354667,Satisfactory,Satisfactory
Jaipur,2020-05-14,124.0,111.81057818113666,Moderate,Moderate
Delhi,2018-09-14,113.0,107.71830447395087,Moderate,Moderate
Gurugram,2016-05-24,148.0,147.92581222512405,Moderate,Moderate
Patna,2016-02-26,306.0,286.29979998265134,Very Poor,Poor
Bengaluru,2019-03-30,137.0,132.72896024835427,Moderate,Moderate
Visakhapatnam,2020-03-23,72.0,62.22170633984628,Satisfactory,Satisfactory
Chennai,2017-09-27,104.0,105.48564642400007,Moderate,Moderate
Coimbatore,2020-03-17,68.0,72.70051673251646,Satisfactory,Satisfactory
Jorapokhar,2017-07-25,34.0,32.06973003262037,Good,Good
Gurugram,2016-05-30,62.0,126.46552689969039,Satisfactory,Moderate
Bengaluru,2017-03-17,98.0,69.39864306400055,Satisfactory,Satisfactory
Ahmedabad,2016-06-22,200.0,200.74417823642537,Moderate,Moderate
Talcher,2018-01-05,304.0,303.11470737385696,Very Poor,Very Poor
Jorapokhar,2020-02-01,139.0,149.9275355801379,Moderate,Moderate
Chennai,2015-07-09,207.0,154.54902991547468,Poor,Moderate
Brajrajnagar,2018-12-01,174.0,176.56619093983386,Moderate,Moderate
Gurugram,2016-02-10,252.0,252.05766136184334,Poor,Poor
Patna,2017-07-19,66.0,69.15988907843632,Satisfactory,Satisfactory
Patna,2015-12-09,344.0,342.71448593172767,Very Poor,Very Poor
Jaipur,2019-03-07,112.0,97.04622333514577,Moderate,Satisfactory
Talcher,2019-05-27,116.0,129.3732402334667,Moderate,Moderate
Patna,2016-12-20,364.0,409.3498771436493,Very Poor,Severe
Talcher,2018-12-10,291.0,236.56013716629425,Poor,Poor
Brajrajnagar,2019-03-09,157.0,181.7426616810793,Moderate,Moderate
Ahmedabad,2018-08-16,342.0,365.79498397421116,Very Poor,Very Poor
Gurugram,2016-03-23,145.0,147.37225776129227,Moderate,Moderate
Amaravati,2019-12-27,77.0,93.26356095415117,Satisfactory,Satisfactory
Mumbai,2019-03-07,113.0,114.07712667611754,Moderate,Moderate
Jorapokhar,2019-09-18,32.0,92.60221935203754,Good,Satisfactory
Brajrajnagar,2020-03-22,206.0,208.0941027856342,Poor,Poor
Hyderabad,2016-04-25,90.0,97.24869402927793,Satisfactory,Satisfactory
Visakhapatnam,2017-11-23,120.0,120.50947016977203,Moderate,Moderate
Talcher,2018-07-23,108.0,106.77009707557264,Moderate,Moderate
Shillong,2020-02-21,120.0,130.10241346362244,Moderate,Moderate
Kolkata,2018-12-28,387.0,383.6304703172147,Very Poor,Very Poor
Brajrajnagar,2018-04-14,165.0,147.10622458125601,Moderate,Moderate
Hyderabad,2019-10-29,94.0,97.40562427863824,Satisfactory,Satisfactory
Bengaluru,2018-06-21,64.0,72.19720385223593,Satisfactory,Satisfactory
Jaipur,2018-04-05,151.0,146.6998578689612,Moderate,Moderate
Chennai,2018-12-16,155.0,122.9227452286269,Moderate,Moderate
Delhi,2019-05-23,228.0,196.49575051250613,Poor,Poor
Patna,2017-08-16,102.0,102.28736043867653,Moderate,Moderate
Jorapokhar,2017-10-13,104.0,104.82475852065512,Moderate,Moderate
Chennai,2016-10-22,183.0,173.36188346108509,Moderate,Moderate
Patna,2016-05-18,132.0,103.87720105051663,Moderate,Moderate
Delhi,2017-11-19,297.0,299.61622134189804,Poor,Very Poor
Talcher,2019-06-19,136.0,141.99479855564,Moderate,Moderate
Ahmedabad,2016-05-18,185.0,183.30344321058791,Moderate,Moderate
Delhi,2020-04-25,121.0,112.68564533198118,Moderate,Moderate
Delhi,2019-05-09,390.0,386.5321401602134,Very Poor,Very Poor
Brajrajnagar,2019-08-27,102.0,102.39955084223669,Moderate,Moderate
Brajrajnagar,2018-04-05,124.0,152.55682038671839,Moderate,Moderate
Thiruvananthapuram,2019-02-16,96.0,95.06403340417934,Satisfactory,Satisfactory
Patna,2020-02-22,201.0,177.77744655064274,Poor,Moderate
Talcher,2019-03-27,156.0,146.014952859231,Moderate,Moderate
Jorapokhar,2019-10-29,100.0,110.3231664754689,Satisfactory,Moderate
Talcher,2019-12-23,345.0,350.0352250798943,Very Poor,Very Poor
Patna,2017-03-15,216.0,224.8212581829536,Poor,Poor
Lucknow,2016-10-18,326.0,324.90853672963584,Very Poor,Very Poor
Shillong,2020-05-18,52.0,43.316220544444384,Satisfactory,Good
Thiruvananthapuram,2018-05-26,78.0,79.3408202064795,Satisfactory,Satisfactory
Visakhapatnam,2017-08-29,91.0,89.75475951298114,Satisfactory,Satisfactory
Mumbai,2019-02-28,106.0,123.27945542171787,Moderate,Moderate
Brajrajnagar,2018-08-02,73.0,88.18455064630213,Satisfactory,Satisfactory
Kochi,2020-04-29,51.0,57.92989482493604,Satisfactory,Satisfactory
Chennai,2018-05-12,74.0,74.5499422779071,Satisfactory,Satisfactory
Kolkata,2018-11-04,92.0,94.99289404023465,Satisfactory,Satisfactory
Jorapokhar,2018-06-22,107.0,106.51293551657731,Moderate,Moderate
Talcher,2019-04-06,168.0,134.17348836480483,Moderate,Moderate
Lucknow,2016-09-13,102.0,116.20076003832033,Moderate,Moderate
Chennai,2018-09-27,111.0,86.01520939976484,Moderate,Satisfactory
Chennai,2017-07-18,78.0,72.9453678641301,Satisfactory,Satisfactory
Chandigarh,2020-03-29,30.0,40.57694998126763,Good,Good
Gurugram,2017-03-09,123.0,159.40237501795863,Moderate,Moderate
Patna,2020-06-24,84.0,68.02472060757492,Satisfactory,Satisfactory
Thiruvananthapuram,2018-06-04,58.0,51.48349532154721,Satisfactory,Satisfactory
Visakhapatnam,2018-04-03,62.0,80.03730056380181,Satisfactory,Satisfactory
Chennai,2018-05-20,66.0,82.08436734897667,Satisfactory,Satisfactory
Mumbai,2015-05-07,59.0,60.11934484395508,Satisfactory,Satisfactory
Chennai,2019-07-14,80.0,92.22119962102092,Satisfactory,Satisfactory
Lucknow,2019-03-05,228.0,218.9694162370019,Poor,Poor
Delhi,2015-10-05,375.0,367.10915573620804,Very Poor,Very Poor
Jorapokhar,2019-11-23,174.0,173.7504499912766,Moderate,Moderate
Hyderabad,2016-03-15,109.0,110.63769947411384,Moderate,Moderate
Talcher,2019-02-23,521.0,499.78173785237936,Severe,Severe
Mumbai,2017-02-13,135.0,135.18704513841558,Moderate,Moderate
Mumbai,2016-08-02,54.0,53.86706800226065,Satisfactory,Satisfactory
Mumbai,2017-05-27,59.0,59.9847879170474,Satisfactory,Satisfactory
Hyderabad,2015-05-07,157.0,112.6943541333134,Moderate,Moderate
Thiruvananthapuram,2020-01-11,89.0,78.62913373733208,Satisfactory,Satisfactory
Patna,2020-03-29,92.0,95.52603931545853,Satisfactory,Satisfactory
Hyderabad,2017-05-15,85.0,93.8909046129649,Satisfactory,Satisfactory
Jorapokhar,2019-04-22,87.0,94.48586130890692,Satisfactory,Satisfactory
Delhi,2019-12-10,377.0,395.7095788529952,Very Poor,Very Poor
Patna,2017-09-19,102.0,101.51756904707769,Moderate,Moderate
Amritsar,2019-12-14,59.0,72.76879603377526,Satisfactory,Satisfactory
Chennai,2017-08-01,82.0,116.6387395940148,Satisfactory,Moderate
Thiruvananthapuram,2018-06-07,64.0,62.042571366398036,Satisfactory,Satisfactory
Mumbai,2016-09-08,55.0,54.36338552105759,Satisfactory,Satisfactory
Mumbai,2017-01-14,147.0,147.67226551943156,Moderate,Moderate
Visakhapatnam,2018-09-01,108.0,97.53544003732422,Moderate,Satisfactory
Ahmedabad,2019-06-01,467.0,472.4763516678178,Severe,Severe
Bengaluru,2020-05-12,82.0,71.52544256748955,Satisfactory,Satisfactory
Chennai,2016-05-25,102.0,98.62885975990723,Moderate,Satisfactory
Patna,2018-05-12,156.0,152.0250404685353,Moderate,Moderate
Visakhapatnam,2017-04-10,108.0,115.73364066097392,Moderate,Moderate
Bengaluru,2017-09-19,44.0,53.694094496667475,Good,Good
Ahmedabad,2019-03-11,310.0,341.4647771151564,Very Poor,Very Poor
Bengaluru,2015-12-18,103.0,114.79211619730717,Moderate,Moderate
Bengaluru,2019-06-10,54.0,63.05204972457231,Satisfactory,Satisfactory
Jorapokhar,2020-06-26,242.0,142.62022229098397,Poor,Moderate
Jorapokhar,2018-12-28,271.0,319.72914536671004,Poor,Very Poor
Chennai,2015-08-02,194.0,159.61290003086154,Moderate,Moderate
Ahmedabad,2017-10-30,311.0,507.2168659085827,Very Poor,Severe
Talcher,2018-02-23,452.0,432.3949981967451,Severe,Severe
Kochi,2020-04-17,97.0,86.07762216117577,Satisfactory,Satisfactory
Bengaluru,2016-06-22,77.0,61.423009182490375,Satisfactory,Satisfactory
Amritsar,2017-08-15,92.0,115.02353171614938,Satisfactory,Moderate
Gurugram,2016-03-26,134.0,127.6899894868121,Moderate,Moderate
Gurugram,2017-03-26,134.0,122.99706991962971,Moderate,Moderate
Guwahati,2019-04-07,103.0,79.11489974965124,Moderate,Satisfactory
Lucknow,2016-06-11,113.0,131.61266277360275,Moderate,Moderate
Chennai,2017-04-11,117.0,109.73033772647061,Moderate,Satisfactory
Ahmedabad,2020-05-16,136.0,112.05997315561322,Moderate,Moderate
Kolkata,2018-06-01,44.0,54.13227391884516,Good,Satisfactory
Ahmedabad,2018-09-08,524.0,587.2588204121329,Severe,Severe
Delhi,2016-08-23,107.0,97.34691638680592,Moderate,Satisfactory
Kochi,2020-06-25,91.0,94.1675894215881,Satisfactory,Satisfactory
Amritsar,2019-04-09,122.0,123.44044532134907,Moderate,Moderate
Brajrajnagar,2020-03-21,206.0,170.83629886339637,Poor,Moderate
Mumbai,2015-05-15,59.0,59.9847879170474,Satisfactory,Satisfactory
Chennai,2015-08-04,120.0,119.4253508694549,Moderate,Moderate
Jorapokhar,2020-01-30,183.0,184.2866064625301,Moderate,Moderate
Jorapokhar,2018-04-30,371.0,248.12828746607113,Very Poor,Moderate
Mumbai,2015-06-23,48.0,47.77489144057765,Good,Good
Bengaluru,2017-07-14,72.0,76.6378870679092,Satisfactory,Satisfactory
Talcher,2018-06-11,98.0,97.92650518476941,Satisfactory,Satisfactory
Jorapokhar,2019-09-02,122.0,112.44015200413955,Moderate,Moderate
Lucknow,2016-07-11,192.0,135.88802889302,Moderate,Moderate
Chennai,2017-05-02,64.0,80.500133994918,Satisfactory,Satisfactory
Mumbai,2017-03-10,106.0,106.18021398589495,Moderate,Moderate
Amritsar,2020-04-08,86.0,84.28319922484779,Satisfactory,Satisfactory
Bengaluru,2019-12-24,89.0,86.73157973280173,Satisfactory,Satisfactory
Lucknow,2015-09-02,86.0,91.16345753891008,Satisfactory,Satisfactory
Jaipur,2018-01-30,219.0,211.8056144229079,Poor,Poor
Chennai,2015-06-26,147.0,152.98837479764452,Moderate,Moderate
Delhi,2015-06-08,282.0,314.8641217823535,Poor,Very Poor
Gurugram,2018-03-19,122.0,155.55590493787295,Moderate,Moderate
Ahmedabad,2017-11-22,463.0,466.0030636507358,Severe,Very Poor
Jaipur,2017-09-09,127.0,126.32917492530693,Moderate,Moderate
Jaipur,2019-12-11,172.0,164.12241684386026,Moderate,Moderate
Hyderabad,2017-01-29,199.0,159.55489694798757,Moderate,Moderate
Gurugram,2019-06-13,186.0,225.59416046708535,Moderate,Poor
Delhi,2020-02-26,303.0,301.5906302864893,Very Poor,Poor
Ahmedabad,2018-03-29,308.0,1164.9116482683983,Very Poor,Severe
Patna,2016-01-09,383.0,377.52652293633116,Very Poor,Very Poor
Talcher,2020-03-20,159.0,142.8386973374044,Moderate,Moderate
Chennai,2015-12-29,241.0,159.24401027883258,Poor,Moderate
Delhi,2017-10-11,208.0,253.16171063042046,Poor,Poor
Bengaluru,2019-01-17,121.0,123.8813089876119,Moderate,Moderate
Lucknow,2015-01-10,346.0,346.63178284012196,Very Poor,Very Poor
Bengaluru,2018-09-22,77.0,83.09855630850669,Satisfactory,Satisfactory
Jaipur,2018-07-28,117.0,118.81985577526244,Moderate,Moderate
Mumbai,2015-02-28,135.0,135.31138187310947,Moderate,Moderate
Delhi,2020-06-29,233.0,164.4980262444107,Poor,Moderate
Mumbai,2017-02-12,135.0,135.18704513841558,Moderate,Moderate
Chandigarh,2019-10-15,138.0,144.1712136974714,Moderate,Moderate
Ahmedabad,2018-09-09,576.0,680.4346176046176,Severe,Severe
Mumbai,2016-11-21,128.0,129.33002189897138,Moderate,Moderate
Hyderabad,2017-02-25,165.0,178.86359544043754,Moderate,Moderate
Coimbatore,2019-08-12,69.0,77.41900554954879,Satisfactory,Satisfactory
Hyderabad,2015-03-31,120.0,102.4048900978756,Moderate,Moderate
Jorapokhar,2017-10-16,157.0,139.17791634658445,Moderate,Moderate
Ahmedabad,2020-01-09,129.0,136.75073344060738,Moderate,Moderate
Patna,2015-11-17,407.0,379.5248300835643,Severe,Very Poor
Delhi,2020-03-25,92.0,95.51039641011634,Satisfactory,Moderate
Ahmedabad,2015-09-21,199.0,237.91437602006795,Moderate,Poor
Hyderabad,2020-01-11,149.0,142.6707979473593,Moderate,Moderate
Mumbai,2015-07-30,53.0,53.679004495933334,Satisfactory,Satisfactory
Mumbai,2018-05-20,90.0,89.34560561862179,Satisfactory,Satisfactory
Guwahati,2020-02-05,317.0,319.4198755633839,Very Poor,Very Poor
Hyderabad,2018-08-22,39.0,36.93395915046049,Good,Good
Delhi,2015-04-19,406.0,356.5726536329598,Severe,Very Poor
Hyderabad,2017-08-24,72.0,64.43819377195126,Satisfactory,Satisfactory
Visakhapatnam,2019-12-12,106.0,104.29958812847805,Moderate,Moderate
Delhi,2019-05-04,182.0,188.01058991974517,Moderate,Moderate
Lucknow,2015-06-23,157.0,150.4159938924641,Moderate,Moderate
Delhi,2016-03-22,176.0,151.3429090806723,Moderate,Moderate
Gurugram,2016-10-21,208.0,207.14140360483194,Poor,Moderate
Ernakulam,2020-03-16,93.0,88.26797629488746,Satisfactory,Satisfactory
Mumbai,2017-10-21,72.0,75.18396276671906,Satisfactory,Satisfactory
Lucknow,2015-04-12,134.0,117.5291903584424,Moderate,Moderate
Chennai,2017-12-27,186.0,147.1335899910964,Moderate,Moderate
Hyderabad,2018-06-27,44.0,46.95849594506837,Good,Good
Bengaluru,2017-12-30,77.0,79.745511907741,Satisfactory,Satisfactory
Mumbai,2015-06-29,48.0,47.77489144057765,Good,Good
Chennai,2018-06-18,99.0,85.0508148996918,Satisfactory,Satisfactory
Jorapokhar,2018-02-23,144.0,152.83846097370804,Moderate,Moderate
Guwahati,2020-04-11,104.0,108.24679409989449,Moderate,Moderate
Delhi,2016-08-15,166.0,157.22750678383238,Moderate,Moderate
Delhi,2018-12-28,413.0,426.60226488369887,Severe,Severe
Ahmedabad,2015-05-31,174.0,195.8658184777443,Moderate,Poor
Amaravati,2019-07-10,75.0,43.330789305961,Satisfactory,Good
Amritsar,2017-08-02,104.0,87.48769567702601,Moderate,Satisfactory
Mumbai,2018-04-08,72.0,74.04207405889417,Satisfactory,Satisfactory
Chennai,2020-03-09,65.0,55.87861503166434,Satisfactory,Satisfactory
Ernakulam,2020-05-17,100.0,99.20216506014005,Satisfactory,Moderate
Lucknow,2015-08-10,150.0,111.9006891674429,Moderate,Moderate
Visakhapatnam,2019-07-08,128.0,99.70670397254987,Moderate,Moderate
Lucknow,2018-06-07,127.0,177.5673552909559,Moderate,Moderate
Talcher,2020-03-31,146.0,121.52870582447939,Moderate,Moderate
Bhopal,2019-12-02,274.0,237.9951762230261,Poor,Poor
Bhopal,2019-11-30,225.0,233.77098784566897,Poor,Poor
Visakhapatnam,2018-08-12,76.0,78.63317166101092,Satisfactory,Satisfactory
Guwahati,2019-02-21,105.0,157.80253122966883,Moderate,Moderate
Delhi,2019-09-27,78.0,72.5832455670752,Satisfactory,Satisfactory
Gurugram,2017-01-21,381.0,357.30543887543047,Very Poor,Very Poor
Ahmedabad,2019-08-18,539.0,575.4360880224945,Severe,Severe
Patna,2015-06-24,113.0,127.51648110338824,Moderate,Moderate
Chandigarh,2019-10-18,122.0,131.30220462149717,Moderate,Moderate
Amritsar,2020-04-05,60.0,67.45370446573264,Satisfactory,Satisfactory
Delhi,2016-12-19,443.0,421.4777488658289,Severe,Severe
Chennai,2020-04-17,65.0,70.1608640954848,Satisfactory,Satisfactory
Bengaluru,2015-10-18,140.0,152.28097416511545,Moderate,Moderate
Mumbai,2019-08-25,66.0,61.101089021290306,Satisfactory,Satisfactory
Visakhapatnam,2019-11-26,226.0,213.6896351202885,Poor,Poor
Mumbai,2016-01-16,147.0,147.67226551943156,Moderate,Moderate
Delhi,2019-05-07,310.0,318.870943143725,Very Poor,Poor
Kolkata,2019-02-16,307.0,301.4381712309456,Very Poor,Poor
Hyderabad,2019-11-13,123.0,114.77135113696362,Moderate,Moderate
Mumbai,2015-07-04,53.0,53.56552562042305,Satisfactory,Satisfactory
Delhi,2019-04-11,196.0,213.428311535881,Moderate,Poor
Kolkata,2019-05-05,86.0,96.00832792809695,Satisfactory,Satisfactory
Hyderabad,2019-04-27,124.0,117.03770683534387,Moderate,Moderate
Delhi,2015-08-05,228.0,163.96316680798998,Poor,Moderate
Delhi,2020-04-18,102.0,106.42745356439701,Moderate,Moderate
Jorapokhar,2017-12-29,194.0,157.70286336709418,Moderate,Moderate
Delhi,2019-04-04,260.0,264.42948350984176,Poor,Poor
Hyderabad,2016-06-18,67.0,134.67878868164695,Satisfactory,Moderate
Mumbai,2015-06-30,48.0,47.77489144057765,Good,Good
Gurugram,2020-04-21,105.0,97.41826106960252,Moderate,Satisfactory
Chennai,2016-05-26,112.0,133.26769773566465,Moderate,Moderate
Delhi,2016-01-22,399.0,438.7358516446364,Very Poor,Severe
Chennai,2015-11-27,103.0,99.91563723988165,Moderate,Moderate
Bengaluru,2015-02-19,102.0,114.730104895521,Moderate,Moderate
Visakhapatnam,2019-10-22,62.0,49.74736869905801,Satisfactory,Satisfactory
Visakhapatnam,2019-01-21,313.0,316.7193703901104,Very Poor,Very Poor
Visakhapatnam,2018-09-14,100.0,121.4446991756863,Satisfactory,Moderate
Chandigarh,2020-01-15,77.0,87.14598871216869,Satisfactory,Satisfactory
Thiruvananthapuram,2019-07-05,52.0,74.9012748349656,Satisfactory,Satisfactory
Brajrajnagar,2018-10-10,90.0,91.86000707726389,Satisfactory,Satisfactory
Kolkata,2019-07-20,44.0,53.18756558838836,Good,Satisfactory
Amaravati,2019-04-21,41.0,46.054659957108896,Good,Good
Jaipur,2018-11-01,195.0,170.63569664817697,Moderate,Moderate
Guwahati,2019-07-20,103.0,107.03090902595821,Moderate,Satisfactory
Delhi,2015-03-29,360.0,391.500295862648,Very Poor,Very Poor
Mumbai,2016-02-16,135.0,135.18704513841558,Moderate,Moderate
Kolkata,2018-09-11,74.0,73.81869506429238,Satisfactory,Satisfactory
Kolkata,2020-06-14,32.0,38.07359409162536,Good,Good
Bengaluru,2019-07-18,73.0,68.20157903185438,Satisfactory,Satisfactory
Mumbai,2017-10-31,72.0,75.18396276671906,Satisfactory,Satisfactory
Jorapokhar,2020-04-19,110.0,109.24879108338578,Moderate,Moderate
Mumbai,2018-07-02,77.0,83.61446450865553,Satisfactory,Satisfactory
Bengaluru,2017-03-11,56.0,72.06313725214983,Satisfactory,Satisfactory
Lucknow,2020-05-23,164.0,125.09134709786915,Moderate,Moderate
Lucknow,2019-08-04,108.0,97.5207776003898,Moderate,Satisfactory
Mumbai,2016-08-05,54.0,53.86706800226065,Satisfactory,Satisfactory
Hyderabad,2015-05-26,113.0,118.86335054935788,Moderate,Moderate
Lucknow,2017-04-17,198.0,189.50185081195795,Moderate,Moderate
Lucknow,2020-04-20,91.0,109.80772383636975,Satisfactory,Moderate
Thiruvananthapuram,2018-04-15,58.0,60.88710594618114,Satisfactory,Satisfactory
Talcher,2019-07-31,74.0,74.32509482009908,Satisfactory,Satisfactory
Visakhapatnam,2019-06-05,88.0,113.76894625969595,Satisfactory,Moderate
Lucknow,2016-04-24,219.0,197.75319723807286,Poor,Poor
Chennai,2019-02-25,105.0,131.00682088496552,Moderate,Moderate
Lucknow,2018-10-25,355.0,347.56295421644705,Very Poor,Very Poor
Chennai,2015-07-06,164.0,159.92348262447192,Moderate,Moderate
Delhi,2015-05-25,344.0,323.99498973476494,Very Poor,Very Poor
Patna,2015-12-30,507.0,564.1297693353662,Severe,Severe
Talcher,2020-03-17,141.0,142.64759237514764,Moderate,Moderate
Brajrajnagar,2018-03-14,325.0,333.60050800126425,Very Poor,Very Poor
Lucknow,2017-04-13,246.0,255.94079207864317,Poor,Poor
Mumbai,2019-06-14,69.0,62.564398356288144,Satisfactory,Satisfactory
Chennai,2018-08-08,57.0,86.25019185432122,Satisfactory,Satisfactory
Thiruvananthapuram,2019-01-09,137.0,119.49948690132702,Moderate,Moderate
Ahmedabad,2015-11-12,374.0,383.75234878940347,Very Poor,Very Poor
Gurugram,2016-01-21,323.0,320.7353096045956,Very Poor,Very Poor
Amaravati,2020-03-31,69.0,61.18379081374374,Satisfactory,Satisfactory
Lucknow,2015-07-05,152.0,137.5600305264097,Moderate,Moderate
Kolkata,2020-02-14,254.0,251.26694750827465,Poor,Poor
Ahmedabad,2020-03-30,140.0,147.45280241081872,Moderate,Moderate
Patna,2018-07-12,101.0,97.87182004962246,Moderate,Satisfactory
Bengaluru,2017-09-17,40.0,52.22402841282432,Good,Satisfactory
Bengaluru,2018-10-16,90.0,89.12537823173201,Satisfactory,Satisfactory
Ahmedabad,2019-07-23,587.0,358.752880084482,Severe,Very Poor
Brajrajnagar,2018-04-06,123.0,129.1076004329873,Moderate,Moderate
Mumbai,2016-01-01,147.0,144.28539947726347,Moderate,Moderate
Hyderabad,2016-07-11,307.0,372.0479689527125,Very Poor,Moderate
Chennai,2015-08-06,189.0,127.33714284170135,Moderate,Moderate
Amritsar,2018-03-31,151.0,114.18841464623793,Moderate,Moderate
Jaipur,2019-04-01,109.0,109.6960575798441,Moderate,Moderate
Mumbai,2019-07-24,51.0,51.28347122106948,Satisfactory,Satisfactory
Ahmedabad,2017-10-20,311.0,337.1875976193289,Very Poor,Very Poor
Amaravati,2018-04-17,32.0,45.92538816038336,Good,Good
Mumbai,2018-09-22,80.0,98.21626324247893,Satisfactory,Satisfactory
Thiruvananthapuram,2018-10-28,119.0,103.43117062602562,Moderate,Moderate
Chennai,2020-01-22,93.0,85.46174652565377,Satisfactory,Satisfactory
Patna,2020-03-12,163.0,160.36261289990455,Moderate,Moderate
Talcher,2019-03-24,219.0,221.4835036641675,Poor,Moderate
Patna,2015-09-30,102.0,102.56159279456843,Moderate,Moderate
Chandigarh,2020-01-13,170.0,123.18246312106393,Moderate,Moderate
Hyderabad,2015-12-31,213.0,305.09256465344464,Poor,Poor
Talcher,2019-04-11,119.0,145.80857725911082,Moderate,Moderate
Lucknow,2018-11-29,326.0,349.3473030046859,Very Poor,Very Poor
Mumbai,2017-01-26,147.0,147.67226551943156,Moderate,Moderate
Chennai,2015-08-12,106.0,99.99040391869968,Moderate,Satisfactory
Aizawl,2020-06-27,19.0,19.602831981433077,Good,Good
Jaipur,2019-06-15,100.0,95.60287309705927,Satisfactory,Satisfactory
Hyderabad,2019-01-28,124.0,119.07590313944021,Moderate,Moderate
Amaravati,2019-10-16,72.0,69.09574414404237,Satisfactory,Satisfactory
Bengaluru,2017-11-20,62.0,68.41274563754068,Satisfactory,Satisfactory
Amaravati,2020-02-29,65.0,71.4104156368658,Satisfactory,Satisfactory
Amaravati,2019-03-12,74.0,82.03482651091218,Satisfactory,Satisfactory
Amritsar,2020-02-27,127.0,130.9651785258571,Moderate,Moderate
Delhi,2015-07-15,218.0,199.1517642321694,Poor,Moderate
Mumbai,2016-12-16,137.0,137.09044071609668,Moderate,Moderate
Thiruvananthapuram,2017-10-28,31.0,37.8690348309938,Good,Good
Jorapokhar,2018-07-31,112.0,116.6949370474123,Moderate,Satisfactory
Hyderabad,2017-07-08,66.0,61.497952631903935,Satisfactory,Satisfactory
Ahmedabad,2015-10-18,969.0,807.7085714285714,Severe,Severe
Bengaluru,2017-11-26,69.0,70.08740011899073,Satisfactory,Satisfactory
Mumbai,2018-03-09,106.0,106.28387778224193,Moderate,Moderate
Lucknow,2017-05-01,226.0,257.5318363097586,Poor,Poor
Mumbai,2015-02-14,135.0,135.18704513841558,Moderate,Moderate
Bengaluru,2017-07-16,61.0,86.78071020046983,Satisfactory,Satisfactory
Amaravati,2019-07-21,45.0,45.01884666565638,Good,Good
Chennai,2017-02-07,166.0,171.98829725119478,Moderate,Moderate
Ahmedabad,2019-05-23,323.0,313.4551293070155,Very Poor,Very Poor
Bengaluru,2018-04-22,74.0,80.65340033322313,Satisfactory,Satisfactory
Mumbai,2018-09-24,104.0,90.02354527115915,Moderate,Satisfactory
Jorapokhar,2019-01-28,135.0,157.30943552259433,Moderate,Moderate
Amaravati,2018-02-24,116.0,120.1235087594479,Moderate,Moderate
Lucknow,2020-06-28,77.0,80.75224846264649,Satisfactory,Satisfactory
Gurugram,2018-04-05,288.0,262.5931137087584,Poor,Poor
Ahmedabad,2017-05-25,185.0,183.30344321058791,Moderate,Moderate
Brajrajnagar,2020-05-20,107.0,107.08009370694683,Moderate,Moderate
Amritsar,2019-09-05,64.0,91.53447538032107,Satisfactory,Satisfactory
Guwahati,2019-04-05,61.0,95.24743052641307,Satisfactory,Satisfactory
Brajrajnagar,2020-03-14,206.0,207.24223419642692,Poor,Poor
Lucknow,2016-08-11,97.0,87.69711859937024,Satisfactory,Satisfactory
Chennai,2017-09-21,71.0,65.46016994191052,Satisfactory,Satisfactory
Kochi,2020-06-24,104.0,101.11358513040365,Moderate,Moderate
Chennai,2016-04-30,169.0,139.33333673478762,Moderate,Moderate
Chennai,2018-08-13,60.0,67.11562727819467,Satisfactory,Satisfactory
Lucknow,2015-03-27,104.0,128.49802617197497,Moderate,Moderate
Lucknow,2015-06-28,59.0,103.83889246032511,Satisfactory,Moderate
Thiruvananthapuram,2020-02-15,82.0,84.06501939524178,Satisfactory,Satisfactory
Visakhapatnam,2017-12-12,159.0,156.87410704356105,Moderate,Moderate
Amaravati,2019-03-05,61.0,69.58716623536128,Satisfactory,Satisfactory
Mumbai,2019-03-30,101.0,95.32447546080076,Moderate,Satisfactory
Coimbatore,2019-08-26,78.0,75.16414132111923,Satisfactory,Satisfactory
Talcher,2019-10-26,95.0,88.09519147588118,Satisfactory,Satisfactory
Bhopal,2020-02-03,94.0,98.24583527028284,Satisfactory,Satisfactory
Jorapokhar,2018-06-07,161.0,133.0257202929956,Moderate,Moderate
Ahmedabad,2019-09-26,427.0,499.75173448948755,Severe,Severe
Mumbai,2017-01-23,147.0,147.67226551943156,Moderate,Moderate
Bengaluru,2017-06-23,54.0,57.07636175423022,Satisfactory,Satisfactory
Patna,2016-08-12,63.0,106.85631343759756,Satisfactory,Moderate
Ahmedabad,2018-10-19,453.0,478.4795001759974,Severe,Severe
Chennai,2016-08-02,78.0,73.44687451888124,Satisfactory,Satisfactory
Lucknow,2019-10-01,65.0,63.305020436643474,Satisfactory,Satisfactory
Visakhapatnam,2018-02-13,144.0,140.42198563251023,Moderate,Moderate
Amaravati,2018-08-04,71.0,68.84302797664905,Satisfactory,Satisfactory
Brajrajnagar,2018-09-26,95.0,96.26954806045694,Satisfactory,Satisfactory
Ahmedabad,2018-02-07,856.0,616.5117545098433,Severe,Severe
Talcher,2018-09-11,38.0,41.93175810726991,Good,Good
Bhopal,2020-05-21,135.0,150.06193387186474,Moderate,Moderate
Amaravati,2019-03-09,86.0,75.4130618925514,Satisfactory,Satisfactory
Patna,2015-07-09,66.0,75.8041863437531,Satisfactory,Satisfactory
Jorapokhar,2018-07-16,65.0,79.07923963627717,Satisfactory,Satisfactory
Jaipur,2019-09-08,72.0,66.92626117980194,Satisfactory,Satisfactory
Lucknow,2015-01-07,346.0,346.1158224885302,Very Poor,Very Poor
Amaravati,2018-05-21,81.0,85.02997347559106,Satisfactory,Satisfactory
Bengaluru,2015-12-07,65.0,83.11724387500344,Satisfactory,Satisfactory
Lucknow,2019-08-11,100.0,91.56962103442501,Satisfactory,Satisfactory
Jorapokhar,2018-10-18,245.0,250.94325397801526,Poor,Poor
Hyderabad,2017-05-24,156.0,134.42326010539523,Moderate,Moderate
Gurugram,2017-04-18,405.0,421.6508569680189,Severe,Severe
Hyderabad,2016-03-03,110.0,102.16569647113009,Moderate,Moderate
Ernakulam,2020-04-19,78.0,77.16725347533084,Satisfactory,Satisfactory
Thiruvananthapuram,2018-05-05,82.0,75.65764271328548,Satisfactory,Satisfactory
Jorapokhar,2018-12-15,325.0,397.21406552261413,Very Poor,Poor
Patna,2016-11-05,476.0,497.10540909090906,Severe,Very Poor
Lucknow,2018-09-19,172.0,149.53298104468706,Moderate,Moderate
Talcher,2018-08-16,104.0,111.46709339069145,Moderate,Moderate
Jorapokhar,2019-06-09,107.0,106.51293551657731,Moderate,Moderate
Amaravati,2018-12-08,256.0,236.06191187156728,Poor,Poor
Talcher,2019-02-24,437.0,405.29712025692913,Severe,Severe
Lucknow,2019-07-27,67.0,81.59961753471114,Satisfactory,Satisfactory
Talcher,2019-10-21,80.0,88.9339788346407,Satisfactory,Satisfactory
Talcher,2019-03-29,166.0,166.28298711557596,Moderate,Moderate
Chennai,2018-06-04,83.0,98.9256117865848,Satisfactory,Satisfactory
Mumbai,2019-11-26,193.0,185.2958827418743,Moderate,Moderate
Bhopal,2020-04-06,110.0,111.53227171896918,Moderate,Moderate
Patna,2018-02-01,390.0,381.00054005899415,Very Poor,Very Poor
Mumbai,2020-04-13,79.0,80.01916437436822,Satisfactory,Satisfactory
Ahmedabad,2015-06-17,195.0,196.60954892803497,Moderate,Moderate
Chennai,2020-01-24,123.0,114.02771419504862,Moderate,Moderate
Gurugram,2020-02-15,130.0,116.76754659012686,Moderate,Moderate
Gurugram,2019-01-31,309.0,285.9259938744097,Very Poor,Poor
Ahmedabad,2019-07-03,426.0,452.36733312012416,Severe,Severe
Gurugram,2020-06-19,148.0,150.29660094468247,Moderate,Moderate
Amaravati,2018-09-12,103.0,86.46215673739789,Moderate,Satisfactory
Hyderabad,2019-07-19,89.0,72.98135829399469,Satisfactory,Satisfactory
Hyderabad,2015-12-20,104.0,99.29506170800653,Moderate,Moderate
Delhi,2015-01-01,472.0,437.8568330120172,Severe,Very Poor
Chennai,2015-07-14,188.0,143.42234847170255,Moderate,Moderate
Lucknow,2019-05-20,196.0,176.93502254831435,Moderate,Moderate
Bengaluru,2017-10-15,73.0,71.02799248915018,Satisfactory,Satisfactory
Chennai,2016-08-31,189.0,135.2876496979895,Moderate,Moderate
Amaravati,2019-08-24,34.0,38.82356532391232,Good,Good
Gurugram,2017-05-02,168.0,203.5670596396107,Moderate,Poor
Mumbai,2018-02-01,135.0,142.2488616862837,Moderate,Moderate
Visakhapatnam,2020-01-25,140.0,139.55327638292252,Moderate,Moderate
Chennai,2019-04-23,74.0,80.93623662375404,Satisfactory,Satisfactory
Amritsar,2018-05-03,120.0,104.85550514189768,Moderate,Moderate
Ahmedabad,2015-09-05,301.0,304.17546572592414,Very Poor,Very Poor
Gurugram,2018-08-08,93.0,96.66497443012787,Satisfactory,Moderate
Bengaluru,2019-05-06,131.0,121.01454956468454,Moderate,Moderate
Kolkata,2019-02-22,247.0,232.9398351946018,Poor,Poor
Jaipur,2019-06-30,98.0,108.55069137920198,Satisfactory,Moderate
Ahmedabad,2016-03-26,272.0,270.730912870218,Poor,Poor
Ahmedabad,2016-05-02,185.0,182.98765928700496,Moderate,Moderate
Ernakulam,2020-02-26,96.0,97.84559442061776,Satisfactory,Satisfactory
Kolkata,2019-03-30,96.0,115.42608766533829,Satisfactory,Moderate
Bengaluru,2015-06-25,107.0,132.97154717684663,Moderate,Moderate
Delhi,2017-10-10,253.0,254.33801893688062,Poor,Poor
Gurugram,2017-10-23,235.0,289.3523119815279,Poor,Poor
Hyderabad,2019-08-15,58.0,67.67033823856626,Satisfactory,Satisfactory
Gurugram,2017-09-01,58.0,134.13147931802925,Satisfactory,Moderate
Jorapokhar,2020-06-19,98.0,93.26477343454148,Satisfactory,Satisfactory
Patna,2017-11-11,429.0,418.79232675091754,Severe,Severe
Gurugram,2019-03-31,193.0,175.9494719970167,Moderate,Moderate
Kolkata,2019-07-09,64.0,62.71523311623735,Satisfactory,Satisfactory
Thiruvananthapuram,2018-12-24,115.0,138.27171102578438,Moderate,Moderate
Ahmedabad,2017-11-29,765.0,639.5093415974302,Severe,Severe
Delhi,2016-10-12,405.0,340.1079760340931,Severe,Very Poor
Coimbatore,2019-12-25,68.0,76.2952634740922,Satisfactory,Satisfactory
Ahmedabad,2018-01-19,1201.0,1048.4653472360972,Severe,Severe
Talcher,2018-04-15,154.0,137.2216218462681,Moderate,Moderate
Bengaluru,2017-07-15,82.0,76.09624331274466,Satisfactory,Satisfactory
Jorapokhar,2018-02-15,71.0,151.36657281586085,Satisfactory,Moderate
Hyderabad,2018-12-15,157.0,148.29686798389946,Moderate,Moderate
Kolkata,2019-02-19,295.0,304.69890166693335,Poor,Very Poor
Thiruvananthapuram,2018-03-06,94.0,98.43502242706097,Satisfactory,Satisfactory
Amaravati,2020-04-21,26.0,35.599536612288965,Good,Good
Brajrajnagar,2019-12-10,151.0,166.95255770848274,Moderate,Moderate
Talcher,2019-05-08,177.0,171.0975274817048,Moderate,Moderate
Bengaluru,2019-10-08,92.0,78.29526023249826,Satisfactory,Satisfactory
Gurugram,2016-07-27,67.0,87.68340694701749,Satisfactory,Satisfactory
Delhi,2020-01-31,203.0,206.07856339659654,Poor,Poor
Hyderabad,2020-05-12,74.0,75.83675679632859,Satisfactory,Satisfactory
Bengaluru,2016-04-02,112.0,129.82704598967976,Moderate,Moderate
Ahmedabad,2019-07-21,385.0,446.00077182814096,Very Poor,Severe
Thiruvananthapuram,2019-03-23,81.0,93.17774124674581,Satisfactory,Satisfactory
Visakhapatnam,2017-01-11,102.0,107.72515493258838,Moderate,Moderate
Delhi,2019-10-11,243.0,229.15861028959006,Poor,Poor
Visakhapatnam,2019-02-06,272.0,253.2141054282522,Poor,Poor
Lucknow,2016-09-18,62.0,101.60835210509993,Satisfactory,Moderate
Lucknow,2016-07-09,160.0,118.68721750524338,Moderate,Moderate
Talcher,2018-03-28,354.0,334.01039268434425,Very Poor,Very Poor
Delhi,2017-12-27,379.0,378.44911059804565,Very Poor,Very Poor
Patna,2017-09-23,102.0,101.51756904707769,Moderate,Moderate
Thiruvananthapuram,2017-11-16,91.0,95.59034763261205,Satisfactory,Satisfactory
Delhi,2015-05-11,388.0,355.39305847253587,Very Poor,Very Poor
Mumbai,2017-08-01,54.0,53.71842961912122,Satisfactory,Satisfactory
Lucknow,2019-01-05,390.0,401.97313967675336,Very Poor,Very Poor
Lucknow,2015-06-14,101.0,106.17297952930372,Moderate,Moderate
Chennai,2017-05-29,90.0,127.46006396521766,Satisfactory,Moderate
Chandigarh,2020-04-18,55.0,53.82338458034958,Satisfactory,Good
Mumbai,2016-07-27,53.0,53.679004495933334,Satisfactory,Satisfactory
Mumbai,2018-12-13,117.0,130.02760501279548,Moderate,Moderate
Amritsar,2017-07-01,92.0,84.93417921833102,Satisfactory,Satisfactory
Patna,2015-10-27,313.0,305.59800478736724,Very Poor,Very Poor
Lucknow,2015-12-27,332.0,311.9430069317808,Very Poor,Very Poor
Visakhapatnam,2017-03-24,144.0,112.49527921761376,Moderate,Moderate
Chennai,2019-09-24,114.0,101.80011781812496,Moderate,Satisfactory
Lucknow,2018-03-06,250.0,277.15581265245726,Poor,Poor
Chandigarh,2020-03-03,82.0,77.03118705709059,Satisfactory,Satisfactory
Talcher,2019-02-21,351.0,389.3705058367678,Very Poor,Very Poor
Ahmedabad,2018-10-03,483.0,498.7554468424832,Severe,Severe
Visakhapatnam,2018-02-10,99.0,114.3077880138465,Satisfactory,Moderate
Jaipur,2018-08-24,87.0,69.90443699327727,Satisfactory,Satisfactory
Ahmedabad,2018-01-11,586.0,653.9171783993218,Severe,Severe
Gurugram,2018-04-04,204.0,213.03785239208653,Poor,Poor
Chennai,2015-09-06,82.0,92.03481437636734,Satisfactory,Satisfactory
Chennai,2015-03-08,197.0,204.31249160893847,Moderate,Moderate
Visakhapatnam,2018-08-10,107.0,104.87974806768634,Moderate,Moderate
Thiruvananthapuram,2019-10-19,61.0,59.71282829209833,Satisfactory,Satisfactory
Kolkata,2020-05-15,44.0,49.25792540602184,Good,Good
Gurugram,2018-05-05,105.0,123.1948824310978,Moderate,Moderate
Talcher,2019-06-14,102.0,105.37857808498217,Moderate,Moderate
Bengaluru,2017-05-16,56.0,57.88093378860259,Satisfactory,Satisfactory
Ahmedabad,2017-12-22,216.0,234.78586074036124,Poor,Poor
Hyderabad,2016-02-27,100.0,93.02800700267018,Satisfactory,Moderate
Hyderabad,2018-04-26,94.0,100.07664506941954,Satisfactory,Satisfactory
Thiruvananthapuram,2020-06-09,41.0,48.23470632481858,Good,Good
Delhi,2017-08-05,88.0,107.80107130214232,Satisfactory,Satisfactory
Patna,2015-11-30,365.0,366.5013115027625,Very Poor,Very Poor
Delhi,2016-11-19,494.0,472.80370669871877,Severe,Severe
Brajrajnagar,2019-10-23,105.0,106.91468369151912,Moderate,Moderate
Gurugram,2019-10-08,95.0,85.93514134567096,Satisfactory,Satisfactory
Mumbai,2019-09-14,60.0,53.5826259000107,Satisfactory,Satisfactory
Guwahati,2019-05-24,71.0,75.65304486692726,Satisfactory,Satisfactory
Gurugram,2016-10-22,143.0,200.5385899009244,Moderate,Moderate
Bengaluru,2018-04-26,83.0,82.64828230479537,Satisfactory,Satisfactory
Jorapokhar,2018-12-18,196.0,216.51116390141215,Moderate,Poor
Thiruvananthapuram,2019-08-25,50.0,45.87614858922592,Good,Good
Delhi,2020-02-22,104.0,151.06294455926448,Moderate,Moderate
Amaravati,2017-12-17,225.0,233.7486653600614,Poor,Poor
Patna,2017-04-26,110.0,112.55617305923607,Moderate,Moderate
Patna,2017-10-14,214.0,195.57798728013015,Poor,Moderate
Hyderabad,2018-01-11,160.0,166.64064874268612,Moderate,Moderate
Lucknow,2015-12-17,344.0,353.1239162508368,Very Poor,Very Poor
Jaipur,2018-06-04,190.0,232.29105099903663,Moderate,Moderate
Visakhapatnam,2018-10-09,112.0,112.19838558397045,Moderate,Moderate
Chandigarh,2020-03-11,74.0,69.26529285891603,Satisfactory,Satisfactory
Ahmedabad,2018-08-04,424.0,446.1782973453392,Severe,Severe
Chennai,2015-05-25,177.0,247.3532754287558,Moderate,Poor
Chennai,2016-06-04,77.0,88.66895810516138,Satisfactory,Satisfactory
Amritsar,2018-08-16,61.0,60.43829093796344,Satisfactory,Satisfactory
Thiruvananthapuram,2019-05-23,59.0,64.47887510593024,Satisfactory,Satisfactory
Chennai,2018-01-12,156.0,177.79779619462207,Moderate,Moderate
Jorapokhar,2019-03-13,254.0,243.02311175716304,Poor,Poor
Amritsar,2020-01-18,153.0,124.45677754711038,Moderate,Moderate
Talcher,2020-04-05,136.0,130.1108041156857,Moderate,Moderate
Amaravati,2019-04-25,71.0,77.95961603282535,Satisfactory,Satisfactory
Amritsar,2019-10-18,94.0,86.36897579711622,Satisfactory,Satisfactory
Kolkata,2020-06-28,43.0,39.51994616204343,Good,Good
Jorapokhar,2017-12-11,194.0,193.03349097411825,Moderate,Moderate
Visakhapatnam,2019-03-01,46.0,88.97512487029124,Good,Satisfactory
Jaipur,2019-11-25,165.0,143.60484065552066,Moderate,Moderate
Lucknow,2019-06-19,160.0,154.3146544190871,Moderate,Moderate
Amaravati,2020-05-25,57.0,65.65309632396101,Satisfactory,Satisfactory
Ahmedabad,2016-08-24,204.0,197.83308014010856,Poor,Poor
Chandigarh,2019-10-20,105.0,109.13360565825984,Moderate,Moderate
Visakhapatnam,2019-02-13,122.0,123.95571998870624,Moderate,Moderate
Bhopal,2020-04-03,110.0,111.22223425851584,Moderate,Moderate
Patna,2019-03-07,189.0,173.94492185917204,Moderate,Moderate
Hyderabad,2015-06-01,165.0,285.72162335135584,Moderate,Moderate
Delhi,2018-10-10,263.0,245.59262415948714,Poor,Poor
Patna,2018-02-17,316.0,317.1187772727996,Very Poor,Very Poor
Chennai,2015-07-28,143.0,112.83470570688885,Moderate,Moderate
Visakhapatnam,2016-07-21,58.0,102.45736697403055,Satisfactory,Satisfactory
Delhi,2017-07-07,77.0,89.21007652518752,Satisfactory,Satisfactory
Ahmedabad,2016-02-14,322.0,319.09886435186536,Very Poor,Very Poor
Patna,2018-12-26,404.0,401.99201162456353,Severe,Severe
Hyderabad,2018-10-06,109.0,109.73252259599155,Moderate,Moderate
Hyderabad,2016-06-10,108.0,89.86927372941975,Moderate,Satisfactory
Amritsar,2017-12-01,324.0,323.33661415047084,Very Poor,Very Poor
Brajrajnagar,2019-05-30,96.0,89.86343722114542,Satisfactory,Satisfactory
Chennai,2015-03-01,82.0,87.67714052424816,Satisfactory,Satisfactory
Hyderabad,2018-02-12,102.0,106.16634756954303,Moderate,Satisfactory
Bengaluru,2016-08-06,59.0,48.41633254131333,Satisfactory,Satisfactory
Mumbai,2017-11-28,128.0,129.27746162704298,Moderate,Moderate
Gurugram,2017-12-19,222.0,275.00183477332376,Poor,Poor
Bengaluru,2017-07-31,89.0,92.50198759455543,Satisfactory,Satisfactory
Hyderabad,2019-10-06,82.0,74.39398199048364,Satisfactory,Satisfactory
Mumbai,2015-07-14,53.0,53.679004495933334,Satisfactory,Satisfactory
Hyderabad,2017-08-30,56.0,52.40151994129068,Satisfactory,Satisfactory
Hyderabad,2015-04-30,176.0,124.6551226298888,Moderate,Moderate
Patna,2020-02-07,235.0,225.19624767746788,Poor,Poor
Ahmedabad,2015-08-10,174.0,182.55774507864658,Moderate,Moderate
Visakhapatnam,2018-09-11,105.0,109.88057070007639,Moderate,Moderate
Lucknow,2018-12-16,252.0,270.1433758855508,Poor,Poor
Chennai,2016-06-23,70.0,81.22997642363028,Satisfactory,Satisfactory
Bengaluru,2016-08-23,66.0,67.43283670255938,Satisfactory,Satisfactory
Chennai,2016-01-02,123.0,99.46054576546533,Moderate,Moderate
Patna,2020-05-08,171.0,131.93079070921712,Moderate,Moderate
Patna,2016-12-06,415.0,395.51311928714705,Severe,Very Poor
Coimbatore,2020-02-16,119.0,109.05991321383006,Moderate,Satisfactory
Ahmedabad,2016-01-16,318.0,318.35616988786813,Very Poor,Very Poor
Visakhapatnam,2017-06-17,96.0,93.26838578936672,Satisfactory,Satisfactory
Ahmedabad,2016-10-11,229.0,236.16269567849184,Poor,Poor
Patna,2016-11-08,381.0,384.4243238546454,Very Poor,Very Poor
Brajrajnagar,2018-07-06,103.0,105.53481527052985,Moderate,Moderate
Brajrajnagar,2018-11-05,141.0,130.9643688410149,Moderate,Moderate
Mumbai,2018-06-03,98.0,93.79997277261296,Satisfactory,Satisfactory
Ahmedabad,2019-12-28,288.0,362.54742169074467,Poor,Very Poor
Thiruvananthapuram,2017-06-28,45.0,47.093825085785554,Good,Good
Gurugram,2017-04-06,102.0,216.73462152949284,Moderate,Poor
Delhi,2018-01-18,411.0,415.12564275793636,Severe,Severe
Lucknow,2017-08-13,81.0,90.80346727709832,Satisfactory,Satisfactory
Amaravati,2017-12-24,232.0,209.7151402905886,Poor,Poor
Delhi,2019-04-03,208.0,195.8177705799277,Poor,Moderate
Ahmedabad,2016-08-30,235.0,235.31254480314098,Poor,Poor
Amritsar,2018-07-28,25.0,34.98171650187912,Good,Good
Guwahati,2020-02-17,367.0,364.9693212302871,Very Poor,Very Poor
Patna,2017-04-07,198.0,191.45282657322187,Moderate,Poor
Gurugram,2017-03-05,162.0,175.10905981648574,Moderate,Moderate
Chandigarh,2019-09-27,80.0,82.70994500058349,Satisfactory,Satisfactory
Delhi,2018-12-12,443.0,395.17669853349906,Severe,Severe
Mumbai,2019-04-16,101.0,104.65881314199189,Moderate,Moderate
Bengaluru,2019-02-18,116.0,110.71420372892462,Moderate,Moderate
Lucknow,2016-04-10,274.0,242.2676047707224,Poor,Poor
Jorapokhar,2019-05-24,112.0,100.7421571864213,Moderate,Moderate
Brajrajnagar,2019-09-25,91.0,76.68474437464238,Satisfactory,Satisfactory
Hyderabad,2020-02-09,82.0,75.22804528812459,Satisfactory,Satisfactory
Patna,2020-05-16,141.0,117.03018171461554,Moderate,Moderate
Thiruvananthapuram,2019-09-28,64.0,70.95080788937993,Satisfactory,Satisfactory
Lucknow,2019-05-31,230.0,214.39742191714816,Poor,Poor
Amritsar,2018-02-10,145.0,144.60168208861242,Moderate,Moderate
Coimbatore,2020-01-11,72.0,77.15249127900272,Satisfactory,Satisfactory
Brajrajnagar,2019-03-06,133.0,154.58669144668553,Moderate,Moderate
Visakhapatnam,2019-08-08,63.0,68.03909442797533,Satisfactory,Satisfactory
Amritsar,2020-05-21,80.0,86.5398156703049,Satisfactory,Satisfactory
Shillong,2019-09-07,31.0,30.613252602436223,Good,Good
Delhi,2017-04-21,357.0,387.71592347027575,Very Poor,Very Poor
Mumbai,2017-12-17,137.0,137.09044071609668,Moderate,Moderate
Jorapokhar,2019-12-17,106.0,117.36972019091408,Moderate,Moderate
Delhi,2018-10-01,148.0,162.17584549948901,Moderate,Moderate
Mumbai,2015-09-09,55.0,54.36338552105759,Satisfactory,Satisfactory
Talcher,2019-03-22,148.0,134.56121778804211,Moderate,Moderate
Hyderabad,2015-02-24,108.0,108.41386410044048,Moderate,Moderate
Thiruvananthapuram,2019-01-08,108.0,109.4284967957473,Moderate,Moderate
Visakhapatnam,2017-04-05,136.0,106.65000796184593,Moderate,Moderate
Hyderabad,2018-07-21,41.0,48.20832232130234,Good,Good
Visakhapatnam,2020-02-29,119.0,112.58061927259529,Moderate,Moderate
Bhopal,2019-10-09,123.0,126.11502567574253,Moderate,Moderate
Mumbai,2018-08-07,66.0,66.25897040514565,Satisfactory,Satisfactory
Chennai,2016-06-15,92.0,112.35525799907738,Satisfactory,Moderate
Delhi,2018-05-18,254.0,244.41521470447077,Poor,Poor
Patna,2018-11-08,449.0,424.6603626121781,Severe,Severe
Ahmedabad,2015-08-20,274.0,212.54749910437695,Poor,Moderate
Amritsar,2017-09-14,161.0,152.07645957305883,Moderate,Moderate
Thiruvananthapuram,2019-12-27,103.0,95.1903309871821,Moderate,Satisfactory
Hyderabad,2019-05-27,114.0,119.58557782288361,Moderate,Moderate
Delhi,2019-03-21,272.0,255.72020946023062,Poor,Poor
Chennai,2018-12-24,137.0,123.219845187098,Moderate,Moderate
Chennai,2016-12-05,68.0,82.60083182031393,Satisfactory,Satisfactory
Brajrajnagar,2018-04-08,120.0,128.27946263410269,Moderate,Moderate
Kolkata,2019-09-09,49.0,40.78244208556359,Good,Good
Bengaluru,2016-04-07,179.0,142.374277333146,Moderate,Moderate
Ahmedabad,2015-03-17,231.0,159.61373623602105,Poor,Moderate
Thiruvananthapuram,2019-01-21,176.0,166.23489841896372,Moderate,Moderate
Bengaluru,2019-01-21,101.0,108.81600926961008,Moderate,Moderate
Ahmedabad,2018-01-13,421.0,619.337601558838,Severe,Severe
Delhi,2017-03-19,342.0,313.03631997000974,Very Poor,Poor
Delhi,2017-11-27,382.0,369.2954160478608,Very Poor,Very Poor
Amaravati,2018-02-19,89.0,93.16256402381441,Satisfactory,Satisfactory
Chandigarh,2019-11-11,198.0,201.20428791282004,Moderate,Poor
Amaravati,2018-08-15,52.0,59.64116838913095,Satisfactory,Satisfactory
Ahmedabad,2017-01-18,318.0,318.35616988786813,Very Poor,Very Poor
Bengaluru,2020-05-27,75.0,66.26705264052552,Satisfactory,Satisfactory
Hyderabad,2017-03-24,148.0,147.40782819129348,Moderate,Moderate
Brajrajnagar,2018-10-17,143.0,114.15269577746344,Moderate,Moderate
Jorapokhar,2019-12-21,168.0,162.91817481634246,Moderate,Moderate
Hyderabad,2016-06-04,112.0,90.18492485474198,Moderate,Satisfactory
Amaravati,2018-07-19,48.0,48.28313871669639,Good,Good
Ahmedabad,2019-05-19,547.0,581.3163640347989,Severe,Severe
Ahmedabad,2016-04-21,180.0,181.0372090917094,Moderate,Moderate
Delhi,2018-11-23,356.0,349.9984687792016,Very Poor,Very Poor
Jorapokhar,2017-07-20,50.0,85.01714727321719,Good,Satisfactory
Jorapokhar,2019-03-17,129.0,103.73451720190765,Moderate,Moderate
Hyderabad,2016-03-22,121.0,113.40046835138656,Moderate,Moderate
Amritsar,2019-10-30,247.0,296.6639911479864,Poor,Very Poor
Chennai,2016-02-11,193.0,193.48679186514408,Moderate,Moderate
Delhi,2016-12-16,390.0,384.535273910571,Very Poor,Severe
Patna,2017-12-30,409.0,419.77111920702094,Severe,Severe
Ahmedabad,2015-09-17,164.0,185.08030274977085,Moderate,Moderate
Thiruvananthapuram,2018-11-23,75.0,82.04006245725479,Satisfactory,Satisfactory
Kolkata,2018-04-12,60.0,66.53599337753349,Satisfactory,Satisfactory
Guwahati,2020-01-19,325.0,295.2990010231812,Very Poor,Very Poor
Delhi,2015-10-19,392.0,326.4441168556097,Very Poor,Very Poor
Jaipur,2019-11-18,104.0,109.12352066591484,Moderate,Moderate
Thiruvananthapuram,2019-08-23,45.0,45.82477337537168,Good,Good
Amritsar,2018-06-06,170.0,110.51193737404557,Moderate,Moderate
Visakhapatnam,2019-07-21,57.0,73.88076770186568,Satisfactory,Satisfactory
Gurugram,2018-05-24,320.0,287.40584444532163,Very Poor,Poor
Jaipur,2017-08-25,88.0,80.72886481168646,Satisfactory,Satisfactory
Kochi,2020-03-08,172.0,149.50566204459938,Moderate,Moderate
Gurugram,2019-03-10,107.0,134.18999343021008,Moderate,Moderate
Thiruvananthapuram,2019-06-10,53.0,45.04533159599263,Satisfactory,Good
Visakhapatnam,2019-09-15,86.0,92.53588375589113,Satisfactory,Satisfactory
Amaravati,2019-06-26,74.0,68.30927381260673,Satisfactory,Satisfactory
Jaipur,2018-02-16,174.0,151.14205880574747,Moderate,Moderate
Chennai,2017-03-16,350.0,306.17949285096927,Very Poor,Moderate
Jorapokhar,2019-03-23,97.0,99.04385155259337,Satisfactory,Satisfactory
Jorapokhar,2018-09-09,52.0,65.97972216689243,Satisfactory,Satisfactory
Bengaluru,2020-04-27,59.0,60.572575143916374,Satisfactory,Satisfactory
Chennai,2019-08-03,130.0,113.01874498012987,Moderate,Moderate
Jaipur,2019-05-19,104.0,117.41274783507039,Moderate,Moderate
Bengaluru,2017-01-02,83.0,95.41067229660862,Satisfactory,Satisfactory
Mumbai,2020-04-19,74.0,67.73880714893566,Satisfactory,Satisfactory
Bengaluru,2019-08-14,70.0,65.3106502733298,Satisfactory,Satisfactory
Amaravati,2019-04-05,78.0,68.80797692647533,Satisfactory,Satisfactory
Amritsar,2018-05-04,104.0,115.24228839724769,Moderate,Moderate
Lucknow,2019-10-10,149.0,149.78486526420437,Moderate,Moderate
Chennai,2016-10-28,370.0,247.73270071420336,Very Poor,Poor
Bhopal,2020-01-19,137.0,142.71731908773046,Moderate,Moderate
Visakhapatnam,2018-08-05,128.0,119.22416983595485,Moderate,Moderate
Ahmedabad,2019-12-02,192.0,176.57369431315107,Moderate,Poor
Chennai,2016-11-02,80.0,86.54782492616283,Satisfactory,Satisfactory
Mumbai,2017-05-22,59.0,59.9847879170474,Satisfactory,Satisfactory
Jorapokhar,2020-04-28,92.0,88.64572541383431,Satisfactory,Satisfactory
Brajrajnagar,2019-05-12,130.0,146.7885908726729,Moderate,Moderate
Talcher,2020-02-05,130.0,147.957621876781,Moderate,Moderate
Brajrajnagar,2019-07-29,71.0,37.59381703041423,Satisfactory,Satisfactory
Jaipur,2019-05-07,134.0,152.44315753823503,Moderate,Moderate
Bhopal,2019-11-19,174.0,173.83531552419586,Moderate,Moderate
Jorapokhar,2018-08-24,121.0,123.31495055235091,Moderate,Moderate
Lucknow,2015-09-22,90.0,101.43341379383357,Satisfactory,Moderate
Visakhapatnam,2017-02-03,177.0,211.99615762233614,Moderate,Poor
Brajrajnagar,2018-10-31,79.0,84.58608624565969,Satisfactory,Satisfactory
Amritsar,2019-12-18,95.0,95.0498646645665,Satisfactory,Satisfactory
Jorapokhar,2019-07-03,86.0,85.19033272816174,Satisfactory,Satisfactory
Jaipur,2018-06-14,269.0,269.9172200960029,Poor,Poor
Amaravati,2019-08-04,27.0,29.90765513528764,Good,Good
Mumbai,2015-04-19,72.0,70.88646738238639,Satisfactory,Satisfactory
Coimbatore,2019-08-06,81.0,76.24060507631047,Satisfactory,Satisfactory
Bengaluru,2017-05-28,41.0,50.698353537869586,Good,Satisfactory
Bengaluru,2017-01-16,66.0,79.66172581088425,Satisfactory,Satisfactory
Chandigarh,2020-04-04,34.0,38.05962457186175,Good,Good
Lucknow,2017-09-01,70.0,93.69920457585869,Satisfactory,Satisfactory
Jaipur,2019-06-23,135.0,116.98951572154891,Moderate,Moderate
Thiruvananthapuram,2018-06-16,54.0,47.940596811318784,Satisfactory,Good
Chennai,2019-02-09,77.0,77.75847163986369,Satisfactory,Satisfactory
Jaipur,2019-01-09,158.0,131.9799554875003,Moderate,Moderate
Bengaluru,2020-01-26,97.0,98.18991518937814,Satisfactory,Satisfactory
Gurugram,2017-08-21,68.0,85.00228717812836,Satisfactory,Satisfactory
Thiruvananthapuram,2019-02-01,119.0,111.43083435344766,Moderate,Moderate
Patna,2018-09-20,224.0,187.12840815366962,Poor,Moderate
Hyderabad,2020-02-27,108.0,107.61028845839935,Moderate,Moderate
Amaravati,2019-12-06,185.0,193.82317663004406,Moderate,Moderate
Hyderabad,2016-09-15,70.0,52.04833294254156,Satisfactory,Satisfactory
Chennai,2015-11-21,87.0,86.64857595654266,Satisfactory,Satisfactory
Hyderabad,2015-07-10,94.0,76.74633775295791,Satisfactory,Satisfactory
Lucknow,2016-04-02,165.0,184.21094190190033,Moderate,Moderate
Delhi,2015-07-21,218.0,131.6124194948969,Poor,Moderate
Hyderabad,2015-07-05,102.0,88.67949866346387,Moderate,Satisfactory
Hyderabad,2015-08-20,214.0,181.88973617582508,Poor,Moderate
Amritsar,2019-08-31,70.0,69.74230913122015,Satisfactory,Satisfactory
Lucknow,2016-09-27,85.0,69.31159839492476,Satisfactory,Satisfactory
Amaravati,2018-07-10,63.0,73.46566043873607,Satisfactory,Satisfactory
Mumbai,2020-04-28,60.0,57.9085633077906,Satisfactory,Satisfactory
Guwahati,2019-06-02,106.0,105.82941165540608,Moderate,Moderate
Bhopal,2020-04-29,159.0,147.89827816611364,Moderate,Moderate
Talcher,2018-12-25,210.0,228.40347780010646,Poor,Poor
Jorapokhar,2017-09-17,52.0,53.22107572162631,Satisfactory,Satisfactory
Bengaluru,2017-05-11,53.0,46.40769227799894,Satisfactory,Satisfactory
Patna,2018-02-18,332.0,330.93477652550575,Very Poor,Very Poor
Hyderabad,2016-01-04,177.0,240.83979501987042,Moderate,Poor
Talcher,2018-12-30,227.0,229.10710073528537,Poor,Poor
Amritsar,2019-09-15,85.0,92.2424171270162,Satisfactory,Satisfactory
Mumbai,2019-09-08,51.0,48.70127231111328,Satisfactory,Good
Amaravati,2020-04-22,26.0,30.45256339101276,Good,Good
Gurugram,2018-12-13,222.0,287.8825757788783,Poor,Poor
Shillong,2020-04-13,66.0,68.19267069687689,Satisfactory,Satisfactory
Ahmedabad,2017-01-04,318.0,318.0074270732912,Very Poor,Very Poor
Lucknow,2018-10-15,218.0,221.01385042020195,Poor,Poor
Chandigarh,2019-11-24,107.0,139.00897799176636,Moderate,Moderate
Brajrajnagar,2019-11-09,122.0,115.50266316351504,Moderate,Moderate
Talcher,2019-02-01,301.0,312.94872072468644,Very Poor,Very Poor
Bengaluru,2015-09-20,64.0,95.0701426808362,Satisfactory,Satisfactory
Gurugram,2019-10-24,292.0,292.8961482007951,Poor,Very Poor
Delhi,2019-03-27,177.0,173.5760638466479,Moderate,Moderate
Chennai,2019-08-21,77.0,67.63706268790395,Satisfactory,Satisfactory
Jorapokhar,2020-02-18,209.0,172.11725195524912,Poor,Moderate
Mumbai,2018-06-18,125.0,101.72760865667527,Moderate,Satisfactory
Patna,2020-01-31,218.0,172.82757964868856,Poor,Moderate
Gurugram,2016-07-05,92.0,93.19659740255824,Satisfactory,Satisfactory
Patna,2018-04-09,195.0,211.1470245649581,Moderate,Moderate
Visakhapatnam,2017-10-25,97.0,83.35182336394442,Satisfactory,Satisfactory
Mumbai,2015-04-04,72.0,70.88646738238639,Satisfactory,Satisfactory
Jaipur,2019-03-09,102.0,105.3490063416201,Moderate,Moderate
Bengaluru,2015-06-27,165.0,163.16302696377699,Moderate,Moderate
Bengaluru,2020-05-18,68.0,67.05787262054372,Satisfactory,Satisfactory
Chennai,2020-06-20,152.0,153.25742249666814,Moderate,Moderate
Chandigarh,2020-01-06,85.0,88.72941274016199,Satisfactory,Satisfactory
Delhi,2018-10-07,189.0,211.4463448157988,Moderate,Poor
Mumbai,2016-03-12,106.0,106.18021398589495,Moderate,Moderate
Guwahati,2019-10-08,38.0,63.517595432422965,Good,Good
Patna,2017-07-23,66.0,68.51990660015497,Satisfactory,Satisfactory
Bhopal,2020-03-30,112.0,113.39777160216617,Moderate,Moderate
Ahmedabad,2019-04-30,255.0,562.7041064871341,Poor,Severe
Talcher,2018-02-09,321.0,337.9837648250319,Very Poor,Very Poor
Ahmedabad,2020-03-26,216.0,219.6196097860583,Poor,Moderate
Gurugram,2019-01-18,405.0,371.0596281979394,Severe,Very Poor
Ahmedabad,2015-04-02,222.0,227.66789194252868,Poor,Poor
Talcher,2019-10-13,110.0,99.41383027546553,Moderate,Moderate
Ahmedabad,2015-07-08,241.0,232.04469883688554,Poor,Poor
Jaipur,2018-11-30,159.0,164.94921320371287,Moderate,Moderate
Chennai,2019-01-21,98.0,122.36986199760973,Satisfactory,Moderate
Kolkata,2018-12-17,276.0,272.0231964042933,Poor,Poor
Kolkata,2019-01-30,242.0,246.71027006730196,Poor,Poor
Visakhapatnam,2017-03-17,126.0,97.08579187971503,Moderate,Satisfactory
Ahmedabad,2015-11-18,374.0,374.67522617705515,Very Poor,Very Poor
Delhi,2015-08-14,252.0,206.37679816923028,Poor,Moderate
Talcher,2019-08-06,89.0,92.13062426911783,Satisfactory,Satisfactory
Amritsar,2020-06-29,49.0,76.47320820080913,Good,Satisfactory
Patna,2016-10-26,364.0,344.63162108563114,Very Poor,Very Poor
Gurugram,2020-01-11,242.0,233.0678068943685,Poor,Poor
Ahmedabad,2015-07-14,330.0,301.8125392117149,Very Poor,Poor
Amaravati,2019-11-02,49.0,59.78935585177029,Good,Satisfactory
Chennai,2020-03-12,65.0,68.72283547013834,Satisfactory,Satisfactory
Jorapokhar,2018-07-14,77.0,91.23991804500787,Satisfactory,Satisfactory
Jorapokhar,2019-05-21,235.0,173.39521023852802,Poor,Moderate
Amaravati,2018-12-23,136.0,153.10054389471813,Moderate,Moderate
Talcher,2019-05-31,125.0,122.51444198441887,Moderate,Moderate
Hyderabad,2018-11-16,118.0,119.16656606135606,Moderate,Moderate
Gurugram,2017-10-11,176.0,181.39869445990425,Moderate,Moderate
Lucknow,2017-12-15,328.0,323.28971100702233,Very Poor,Very Poor
Gurugram,2018-06-09,182.0,191.90154095275545,Moderate,Moderate
Hyderabad,2015-05-02,134.0,126.2537956235773,Moderate,Moderate
Ahmedabad,2017-01-26,318.0,318.35616988786813,Very Poor,Very Poor
Visakhapatnam,2018-04-21,80.0,77.36823983289996,Satisfactory,Satisfactory
Brajrajnagar,2020-01-17,250.0,248.52151154434006,Poor,Poor
Chandigarh,2020-04-27,35.0,47.236455481890104,Good,Good
Chennai,2019-07-27,66.0,75.78064663374147,Satisfactory,Satisfactory
Ahmedabad,2019-10-14,470.0,1040.166892857143,Severe,Severe
Brajrajnagar,2019-02-12,226.0,194.67018639673773,Poor,Poor
Jorapokhar,2018-03-06,142.0,151.70493201113538,Moderate,Moderate
Ahmedabad,2017-11-18,313.0,414.50384471442675,Very Poor,Poor
Patna,2019-03-04,266.0,251.97025637754928,Poor,Poor
Amaravati,2018-10-12,130.0,123.09389576543585,Moderate,Moderate
Kolkata,2019-01-16,338.0,353.62066781252355,Very Poor,Very Poor
Lucknow,2019-01-08,239.0,232.79030320870822,Poor,Poor
Visakhapatnam,2018-06-20,120.0,96.08747457776741,Moderate,Moderate
Thiruvananthapuram,2018-11-05,87.0,89.62354441607938,Satisfactory,Satisfactory
Kolkata,2019-06-30,98.0,83.55473482190695,Satisfactory,Satisfactory
Chennai,2016-02-27,88.0,88.50620933745806,Satisfactory,Satisfactory
Coimbatore,2019-06-26,75.0,77.6072709634147,Satisfactory,Satisfactory
Delhi,2016-08-12,111.0,117.27023317676952,Moderate,Moderate
Chennai,2019-03-31,100.0,104.48659830807252,Satisfactory,Satisfactory
Lucknow,2019-04-28,283.0,286.55480489322815,Poor,Poor
Chennai,2015-11-20,89.0,95.9234257977784,Satisfactory,Satisfactory
Visakhapatnam,2019-10-30,81.0,73.37290753349832,Satisfactory,Satisfactory
Patna,2018-12-03,395.0,412.2049366185277,Very Poor,Severe
Patna,2019-07-14,69.0,78.3892964611128,Satisfactory,Satisfactory
Visakhapatnam,2017-02-25,129.0,119.52046732140516,Moderate,Moderate
Gurugram,2017-06-09,340.0,375.88354018462246,Very Poor,Very Poor
Brajrajnagar,2019-05-06,117.0,113.31843772285741,Moderate,Moderate
Visakhapatnam,2018-08-30,114.0,110.92224556398718,Moderate,Moderate
Gurugram,2016-06-20,217.0,219.8378677224266,Poor,Poor
Delhi,2015-12-10,383.0,398.5363420794303,Very Poor,Very Poor
Amritsar,2019-01-08,64.0,67.17492148346666,Satisfactory,Satisfactory
Jorapokhar,2020-01-11,125.0,142.04326487228957,Moderate,Moderate
Hyderabad,2016-08-20,45.0,47.07625813773875,Good,Good
Kolkata,2019-08-18,46.0,44.22067069857043,Good,Good
Mumbai,2018-12-02,172.0,166.24006346362393,Moderate,Moderate
Ahmedabad,2019-12-14,157.0,182.82088231181072,Moderate,Poor
Kolkata,2020-02-07,189.0,185.2905333597994,Moderate,Moderate
Shillong,2020-05-17,30.0,31.024018658954734,Good,Good
Lucknow,2018-04-05,252.0,230.8877307751014,Poor,Poor
Brajrajnagar,2020-05-30,85.0,151.91390742881663,Satisfactory,Moderate
Bengaluru,2015-05-03,64.0,144.77477028056438,Satisfactory,Moderate
Lucknow,2017-08-16,97.0,133.52704345002275,Satisfactory,Moderate
Mumbai,2018-10-10,104.0,105.3230266456222,Moderate,Moderate
Delhi,2019-06-20,175.0,147.0415605617623,Moderate,Moderate
Lucknow,2016-05-05,175.0,159.39744175704516,Moderate,Moderate
Hyderabad,2017-09-17,39.0,52.15888545941868,Good,Satisfactory
Lucknow,2018-02-12,267.0,276.9946035578134,Poor,Poor
Jaipur,2019-08-13,74.0,75.72994993039534,Satisfactory,Satisfactory
Mumbai,2017-03-11,106.0,106.18021398589495,Moderate,Moderate
Amaravati,2020-02-17,66.0,79.42126364186609,Satisfactory,Satisfactory
Thiruvananthapuram,2018-07-24,56.0,57.179296829023215,Satisfactory,Satisfactory
Kolkata,2019-12-04,241.0,229.2551251738444,Poor,Poor
Bengaluru,2017-02-13,59.0,75.3738055796258,Satisfactory,Satisfactory
Talcher,2018-07-14,107.0,108.88887362360747,Moderate,Moderate
Guwahati,2020-03-17,158.0,208.022056966149,Moderate,Poor
Lucknow,2016-06-01,207.0,265.2225645637368,Poor,Poor
Hyderabad,2015-11-10,129.0,124.33678949742169,Moderate,Moderate
Coimbatore,2019-09-16,86.0,85.43868567934018,Satisfactory,Satisfactory
Amritsar,2019-05-19,100.0,94.90583044195151,Satisfactory,Moderate
Thiruvananthapuram,2020-03-22,66.0,68.12937090636338,Satisfactory,Satisfactory
Hyderabad,2017-03-20,144.0,154.04823168053966,Moderate,Moderate
Delhi,2015-11-16,383.0,365.6730045629371,Very Poor,Very Poor
Hyderabad,2016-12-26,106.0,105.37258214947354,Moderate,Moderate
Amaravati,2019-09-02,67.0,68.48978652095325,Satisfactory,Satisfactory
Lucknow,2019-10-31,364.0,360.4537189022448,Very Poor,Very Poor
Patna,2015-09-18,102.0,103.10231691585459,Moderate,Moderate
Visakhapatnam,2019-10-04,106.0,111.24070990131854,Moderate,Moderate
Kolkata,2019-12-02,191.0,211.27662628669157,Moderate,Poor
Talcher,2018-09-16,38.0,41.86305932941225,Good,Good
Chennai,2016-01-27,144.0,107.34388500318899,Moderate,Moderate
Shillong,2020-03-20,86.0,83.62518262488882,Satisfactory,Satisfactory
Mumbai,2017-01-21,147.0,147.67226551943156,Moderate,Moderate
Delhi,2017-12-20,378.0,429.2897906104429,Very Poor,Very Poor
Gurugram,2019-05-24,132.0,131.85513650026118,Moderate,Moderate
Brajrajnagar,2020-01-29,189.0,156.06162795542082,Moderate,Moderate
Visakhapatnam,2016-11-01,117.0,114.89085786657881,Moderate,Moderate
Kochi,2020-02-05,108.0,116.06511524634645,Moderate,Moderate
Delhi,2020-03-27,76.0,82.74016810757597,Satisfactory,Satisfactory
Visakhapatnam,2019-09-16,83.0,92.16832579684844,Satisfactory,Satisfactory
Chandigarh,2020-06-19,82.0,65.26886778577038,Satisfactory,Satisfactory
Gurugram,2019-12-24,303.0,319.543075586979,Very Poor,Very Poor
Jorapokhar,2020-01-08,204.0,200.06315698585087,Poor,Moderate
Bhopal,2020-05-23,89.0,84.70016335476333,Satisfactory,Satisfactory
Visakhapatnam,2018-10-21,199.0,209.92975886610856,Moderate,Poor
Bengaluru,2017-07-13,74.0,79.90793183591661,Satisfactory,Satisfactory
Hyderabad,2018-01-18,129.0,132.48942098976985,Moderate,Moderate
Jorapokhar,2019-05-16,90.0,94.55113849208625,Satisfactory,Satisfactory
Gurugram,2016-03-20,145.0,147.74725776129227,Moderate,Moderate
Delhi,2016-04-27,377.0,344.7605312121429,Very Poor,Very Poor
Jaipur,2020-01-25,114.0,113.39134360119577,Moderate,Moderate
Coimbatore,2019-12-07,91.0,95.75165210341278,Satisfactory,Satisfactory
Chennai,2020-06-01,101.0,176.44877520680006,Moderate,Satisfactory
Guwahati,2019-04-30,53.0,54.53827178546798,Satisfactory,Satisfactory
Hyderabad,2017-12-02,135.0,136.508746255543,Moderate,Moderate
Amritsar,2017-03-08,71.0,70.60482032529332,Satisfactory,Satisfactory
Talcher,2018-07-01,121.0,118.02681215498808,Moderate,Moderate
Hyderabad,2015-05-13,125.0,160.14346325072123,Moderate,Moderate
Chennai,2016-05-12,144.0,133.9211928548823,Moderate,Moderate
Bengaluru,2017-04-24,59.0,62.30855018760813,Satisfactory,Satisfactory
Brajrajnagar,2019-09-27,102.0,100.59189632870682,Moderate,Moderate
Ahmedabad,2015-01-18,154.0,206.64181645525142,Moderate,Poor
Visakhapatnam,2017-02-02,158.0,162.32288714865254,Moderate,Moderate
Mumbai,2015-04-16,72.0,70.88646738238639,Satisfactory,Satisfactory
Patna,2019-10-28,408.0,325.1205481917995,Severe,Poor
Delhi,2019-08-02,95.0,92.02350189617776,Satisfactory,Satisfactory
Hyderabad,2015-03-25,103.0,102.67356962504337,Moderate,Moderate
Chennai,2018-07-15,92.0,81.77485499634878,Satisfactory,Satisfactory
Coimbatore,2020-06-15,27.0,30.112887621348715,Good,Good
Amaravati,2018-10-03,43.0,51.328446709240616,Good,Satisfactory
Hyderabad,2019-07-21,54.0,57.62143681274244,Satisfactory,Good
Thiruvananthapuram,2020-03-10,73.0,70.4389881312431,Satisfactory,Satisfactory
Gurugram,2018-04-16,323.0,330.0884838099799,Very Poor,Very Poor
Mumbai,2017-10-02,72.0,75.18396276671906,Satisfactory,Satisfactory
Ahmedabad,2019-02-02,334.0,399.0389348272684,Very Poor,Severe
Ahmedabad,2020-07-01,119.0,104.21637107991018,Moderate,Satisfactory
Bengaluru,2017-07-17,68.0,68.95005316759269,Satisfactory,Satisfactory
Gurugram,2017-07-19,114.0,108.43799804065314,Moderate,Moderate
Brajrajnagar,2019-02-21,179.0,214.2114832654313,Moderate,Poor
Delhi,2015-01-03,143.0,365.37495241942884,Moderate,Very Poor
Thiruvananthapuram,2020-01-25,71.0,68.8983192034303,Satisfactory,Satisfactory
Delhi,2017-10-21,404.0,409.89170407985097,Severe,Very Poor
Hyderabad,2019-03-18,93.0,97.9041238131378,Satisfactory,Satisfactory
Hyderabad,2018-12-17,141.0,124.70882756107892,Moderate,Moderate
Bengaluru,2018-05-02,114.0,180.85156363009742,Moderate,Moderate
Mumbai,2018-04-07,72.0,72.36505355592547,Satisfactory,Satisfactory
Kolkata,2019-05-24,74.0,81.94478036131085,Satisfactory,Satisfactory
Ahmedabad,2019-12-07,276.0,284.88302732747997,Poor,Poor
Coimbatore,2020-01-30,81.0,92.12169376975227,Satisfactory,Satisfactory
Delhi,2017-01-09,300.0,304.3692372145824,Poor,Very Poor
Chennai,2015-12-13,130.0,181.4112471827518,Moderate,Moderate
Hyderabad,2015-03-28,103.0,102.73140871131213,Moderate,Moderate
Delhi,2020-03-21,205.0,188.55063293155604,Poor,Moderate
Bengaluru,2020-01-19,66.0,78.83121247862819,Satisfactory,Satisfactory
Talcher,2018-07-04,134.0,131.73538558781163,Moderate,Moderate
Shillong,2020-01-02,48.0,53.43436836426284,Good,Good
Lucknow,2016-09-20,284.0,256.68428535732,Poor,Moderate
Ahmedabad,2018-07-27,458.0,469.7726454082978,Severe,Severe
Lucknow,2017-08-06,158.0,101.98439403935181,Moderate,Satisfactory
Patna,2015-09-26,102.0,102.56159279456843,Moderate,Moderate
Ernakulam,2020-05-10,94.0,94.64249722547778,Satisfactory,Satisfactory
Bengaluru,2018-02-17,77.0,71.98769171999021,Satisfactory,Satisfactory
Amaravati,2019-07-29,68.0,42.14894855592077,Satisfactory,Good
Gurugram,2020-03-07,79.0,88.98277650471718,Satisfactory,Satisfactory
Chennai,2016-09-17,260.0,202.31150845373747,Poor,Moderate
Mumbai,2017-07-24,53.0,53.679004495933334,Satisfactory,Satisfactory
Amaravati,2019-01-22,230.0,224.80032323598766,Poor,Poor
Gurugram,2017-03-13,129.0,137.31355996353565,Moderate,Moderate
Kolkata,2018-05-09,55.0,54.57087854405034,Satisfactory,Satisfactory
Talcher,2018-10-04,104.0,95.42384780714539,Moderate,Satisfactory
Chennai,2015-12-11,108.0,100.25797706785451,Moderate,Satisfactory
Bengaluru,2015-09-24,89.0,113.91457995654218,Satisfactory,Satisfactory
Amaravati,2018-02-05,102.0,105.93034726839464,Moderate,Moderate
Talcher,2018-05-28,102.0,99.87627514283527,Moderate,Moderate
Ahmedabad,2019-08-31,464.0,541.1438719662772,Severe,Severe
Chennai,2016-11-10,165.0,147.64778604095866,Moderate,Moderate
Ahmedabad,2018-07-14,478.0,479.12136119820025,Severe,Severe
Visakhapatnam,2019-02-26,148.0,138.01447886270938,Moderate,Moderate
Chennai,2015-07-07,187.0,154.81036062503856,Moderate,Moderate
Talcher,2020-02-18,313.0,278.28915912105435,Very Poor,Very Poor
Patna,2019-01-30,257.0,277.2315835944833,Poor,Poor
Gurugram,2018-02-12,263.0,252.70961810693973,Poor,Poor
Bengaluru,2016-11-28,124.0,133.90780026295434,Moderate,Moderate
Delhi,2015-03-10,238.0,214.28492684644377,Poor,Moderate
Bengaluru,2018-08-03,72.0,69.14860144861757,Satisfactory,Satisfactory
Bengaluru,2016-01-20,170.0,160.58839508483206,Moderate,Moderate
Ernakulam,2020-03-14,94.0,84.46241602594651,Satisfactory,Satisfactory
Talcher,2018-06-01,182.0,112.18001503015698,Moderate,Moderate
Delhi,2017-04-24,287.0,246.23233784909667,Poor,Poor
Thiruvananthapuram,2017-12-25,76.0,76.97473490525744,Satisfactory,Satisfactory
Mumbai,2019-05-10,89.0,92.36753602645545,Satisfactory,Satisfactory
Ahmedabad,2016-02-01,322.0,318.87755173151464,Very Poor,Very Poor
Bengaluru,2018-06-13,49.0,56.31878564621552,Good,Satisfactory
Kochi,2020-06-06,115.0,106.13754603744805,Moderate,Moderate
Bhopal,2020-01-25,151.0,166.9026131801763,Moderate,Moderate
Bengaluru,2016-05-15,65.0,70.2729346787934,Satisfactory,Satisfactory
Shillong,2020-02-26,46.0,47.24647714393993,Good,Satisfactory
Patna,2017-03-20,312.0,181.0943838260272,Very Poor,Moderate
Amritsar,2019-12-31,111.0,143.2052139964141,Moderate,Moderate
Brajrajnagar,2019-12-02,126.0,140.35763880998545,Moderate,Moderate
Lucknow,2017-11-01,312.0,303.7377092632384,Very Poor,Very Poor
Gurugram,2016-07-17,76.0,81.91347678681336,Satisfactory,Satisfactory
Gurugram,2016-08-02,40.0,65.09680936079135,Good,Satisfactory
Gurugram,2016-09-16,137.0,110.56135302594346,Moderate,Satisfactory
Ahmedabad,2019-05-15,281.0,342.28315423974874,Poor,Very Poor
Brajrajnagar,2020-04-10,236.0,217.38491850730898,Poor,Poor
Brajrajnagar,2018-09-06,95.0,95.17693701987466,Satisfactory,Satisfactory
Brajrajnagar,2019-07-06,100.0,93.40225858792151,Satisfactory,Satisfactory
Brajrajnagar,2018-06-21,110.0,107.33700864745113,Moderate,Moderate
Hyderabad,2017-11-16,92.0,94.1214230768535,Satisfactory,Satisfactory
Bengaluru,2019-03-01,143.0,125.94255572782167,Moderate,Moderate
Gurugram,2018-05-30,296.0,291.4142045158303,Poor,Poor
Talcher,2018-05-08,140.0,130.3797597871613,Moderate,Moderate
Patna,2019-12-23,443.0,441.0589053364463,Severe,Severe
Bengaluru,2019-09-17,120.0,103.46249025278097,Moderate,Satisfactory
Gurugram,2016-08-23,49.0,67.85227984030824,Good,Satisfactory
Visakhapatnam,2019-06-07,121.0,120.69877765924588,Moderate,Moderate
Visakhapatnam,2017-12-30,99.0,135.1617693811305,Satisfactory,Moderate
Patna,2017-06-05,78.0,79.86468458444725,Satisfactory,Satisfactory
Chennai,2019-08-06,110.0,94.28639451559192,Moderate,Satisfactory
Ahmedabad,2016-04-27,180.0,181.0372090917094,Moderate,Moderate
Hyderabad,2019-05-20,120.0,127.10169843480645,Moderate,Moderate
Thiruvananthapuram,2017-11-23,91.0,82.30558941772325,Satisfactory,Satisfactory
Hyderabad,2017-08-09,80.0,71.01259945638654,Satisfactory,Satisfactory
Kolkata,2019-10-16,129.0,118.51472699571997,Moderate,Moderate
Patna,2017-01-30,304.0,297.40687099545966,Very Poor,Very Poor
Brajrajnagar,2019-12-11,220.0,245.4255494069187,Poor,Poor
Thiruvananthapuram,2018-11-19,78.0,91.11632289312261,Satisfactory,Satisfactory
Coimbatore,2020-04-16,97.0,79.97387420174796,Satisfactory,Satisfactory
Delhi,2020-04-24,143.0,132.23018257142664,Moderate,Moderate
Hyderabad,2019-03-21,95.0,87.85136950309929,Satisfactory,Satisfactory
Gurugram,2017-05-30,172.0,323.0337653260179,Moderate,Very Poor
Lucknow,2019-12-08,352.0,346.68483264425936,Very Poor,Very Poor
Bengaluru,2016-07-04,160.0,167.22191104547935,Moderate,Moderate
Chennai,2018-03-11,128.0,117.26215800717067,Moderate,Moderate
Amaravati,2018-03-14,69.0,70.60702920520487,Satisfactory,Satisfactory
Shillong,2019-10-02,47.0,41.4360063658496,Good,Good
Patna,2015-11-08,377.0,366.90488230645724,Very Poor,Very Poor
Gurugram,2020-06-29,140.0,142.8928912770391,Moderate,Moderate
Hyderabad,2017-05-20,126.0,134.53895097076648,Moderate,Moderate
Amaravati,2019-09-17,67.0,68.51722498946799,Satisfactory,Satisfactory
Brajrajnagar,2018-07-27,52.0,69.02194509569381,Satisfactory,Satisfactory
Lucknow,2016-12-07,360.0,326.27658964340327,Very Poor,Very Poor
Amritsar,2018-07-20,67.0,61.282901881171576,Satisfactory,Satisfactory
Bengaluru,2020-03-08,91.0,90.24777376229214,Satisfactory,Satisfactory
Thiruvananthapuram,2020-01-03,72.0,71.1601638627587,Satisfactory,Satisfactory
Jorapokhar,2018-10-09,307.0,302.57182047918553,Very Poor,Poor
Amaravati,2018-06-09,91.0,79.59547490733604,Satisfactory,Satisfactory
Patna,2018-10-14,141.0,165.61422315017808,Moderate,Moderate
Bhopal,2019-12-23,171.0,143.26326332230065,Moderate,Moderate
Ernakulam,2020-05-16,96.0,107.0232779805664,Satisfactory,Moderate
Visakhapatnam,2019-04-02,108.0,103.33040774526796,Moderate,Moderate
Chennai,2019-06-14,91.0,96.75741845941971,Satisfactory,Moderate
Gurugram,2017-06-07,646.0,526.0139636363637,Severe,Severe
Chennai,2020-05-11,66.0,71.89993969926658,Satisfactory,Satisfactory
Jorapokhar,2019-01-24,297.0,295.6726669285139,Poor,Poor
Jaipur,2017-10-26,295.0,277.02022763171357,Poor,Poor
Chennai,2019-07-05,134.0,154.04490954123025,Moderate,Moderate
Gurugram,2019-09-14,83.0,92.10610267496821,Satisfactory,Satisfactory
Visakhapatnam,2019-10-12,101.0,104.96935318941398,Moderate,Moderate
Guwahati,2019-06-21,76.0,84.31229511695209,Satisfactory,Satisfactory
Delhi,2018-06-03,154.0,151.7827449471311,Moderate,Moderate
Patna,2018-04-24,163.0,299.55739060614945,Moderate,Poor
Thiruvananthapuram,2018-12-29,156.0,155.71637441049717,Moderate,Moderate
Bengaluru,2018-03-07,90.0,97.74687567512171,Satisfactory,Satisfactory
Visakhapatnam,2016-11-13,129.0,159.3904482213354,Moderate,Moderate
Amritsar,2018-01-19,126.0,145.04452112961732,Moderate,Moderate
Jorapokhar,2019-11-05,155.0,178.21154468426695,Moderate,Moderate
Amritsar,2019-06-23,100.0,103.53616531000151,Satisfactory,Moderate
Jaipur,2018-01-16,141.0,159.14764107577926,Moderate,Moderate
Lucknow,2015-01-19,346.0,346.7139328748663,Very Poor,Very Poor
Patna,2020-05-29,95.0,95.3777433822875,Satisfactory,Satisfactory
Patna,2017-12-20,394.0,414.6252436564314,Very Poor,Severe
Amritsar,2017-07-18,99.0,96.73837619122283,Satisfactory,Satisfactory
Patna,2015-10-21,214.0,213.353724755411,Poor,Poor
Delhi,2018-04-22,302.0,253.3633507334833,Very Poor,Poor
Delhi,2017-09-28,176.0,161.59282738003455,Moderate,Moderate
Guwahati,2020-05-28,53.0,54.1853506647948,Satisfactory,Satisfactory
Chennai,2019-04-17,73.0,77.33829427239927,Satisfactory,Satisfactory
Patna,2018-09-26,143.0,146.97393820830118,Moderate,Moderate
Mumbai,2017-06-13,48.0,47.77489144057765,Good,Good
Patna,2017-06-04,78.0,79.15966777557492,Satisfactory,Satisfactory
Amritsar,2017-06-15,88.0,79.78382262944314,Satisfactory,Satisfactory
Amritsar,2019-01-12,118.0,108.3499076491156,Moderate,Moderate
Thiruvananthapuram,2020-02-24,86.0,84.97939226964671,Satisfactory,Satisfactory
Guwahati,2020-05-10,75.0,73.64912332388559,Satisfactory,Satisfactory
Delhi,2016-09-30,224.0,230.00302957463498,Poor,Poor
Chandigarh,2020-05-29,77.0,81.19676622451345,Satisfactory,Satisfactory
Jaipur,2019-01-24,109.0,110.92809751186995,Moderate,Moderate
Gurugram,2018-09-12,62.0,72.43134138068281,Satisfactory,Satisfactory
Chennai,2017-11-24,158.0,144.41925804484254,Moderate,Moderate
Lucknow,2017-11-10,503.0,497.1481401057544,Severe,Severe
Chennai,2019-01-26,68.0,69.49165092865547,Satisfactory,Satisfactory
Amritsar,2018-08-24,39.0,47.944714380583385,Good,Good
Mumbai,2016-03-13,106.0,106.18021398589495,Moderate,Moderate
Amritsar,2018-06-10,128.0,133.05198329763084,Moderate,Moderate
Ernakulam,2020-05-21,97.0,97.28114785770566,Satisfactory,Moderate
Ahmedabad,2019-10-10,1195.0,1050.8614285714286,Severe,Severe
Gurugram,2017-10-25,315.0,319.26707392195686,Very Poor,Very Poor
Hyderabad,2018-03-05,114.0,114.73638265387044,Moderate,Moderate
Talcher,2019-08-09,85.0,88.41687117641311,Satisfactory,Satisfactory
Ahmedabad,2019-08-03,492.0,631.9731865169514,Severe,Severe
Lucknow,2018-12-22,363.0,374.79992892333473,Very Poor,Very Poor
Ahmedabad,2015-04-30,317.0,309.38047921913267,Very Poor,Poor
Jaipur,2017-08-06,173.0,172.82462351574773,Moderate,Moderate
Delhi,2019-08-31,123.0,117.09250270160919,Moderate,Moderate
Amritsar,2020-01-09,66.0,86.26574921897819,Satisfactory,Satisfactory
Hyderabad,2015-12-16,101.0,93.63169827721646,Moderate,Satisfactory
Patna,2018-05-31,136.0,152.7553848509635,Moderate,Moderate
Amritsar,2019-08-29,64.0,74.78997550229431,Satisfactory,Satisfactory
Gurugram,2018-08-31,133.0,120.79836419991426,Moderate,Moderate
Gurugram,2018-11-26,314.0,310.04525649751463,Very Poor,Very Poor
Chennai,2018-04-19,71.0,67.53866972746985,Satisfactory,Satisfactory
Patna,2018-06-21,146.0,142.67189778330356,Moderate,Moderate
Chennai,2015-04-07,151.0,182.45885626401198,Moderate,Moderate
Chennai,2020-03-17,76.0,77.08443391217104,Satisfactory,Satisfactory
Jorapokhar,2020-05-14,117.0,111.67005577346589,Moderate,Moderate
Lucknow,2016-06-21,244.0,269.8393821949428,Poor,Poor
Delhi,2020-05-14,154.0,129.06638512577044,Moderate,Moderate
Chandigarh,2020-01-02,109.0,112.83141790296604,Moderate,Moderate
Amritsar,2017-05-07,123.0,174.42136738287735,Moderate,Moderate
Lucknow,2019-02-08,132.0,214.84477995877967,Moderate,Poor
Visakhapatnam,2017-12-31,129.0,124.94921361122391,Moderate,Moderate
Ahmedabad,2016-06-04,200.0,200.44259592160267,Moderate,Moderate
Ahmedabad,2016-01-21,318.0,318.35616988786813,Very Poor,Very Poor
Thiruvananthapuram,2017-11-01,67.0,67.68822208745624,Satisfactory,Satisfactory
Patna,2016-12-29,391.0,376.74485539523675,Very Poor,Very Poor
Patna,2017-02-18,302.0,296.6135949179314,Very Poor,Very Poor
Lucknow,2017-02-22,273.0,281.8741967040862,Poor,Poor
Hyderabad,2017-08-15,58.0,57.57917075140533,Satisfactory,Satisfactory
Hyderabad,2015-01-23,122.0,124.59910957186958,Moderate,Moderate
Visakhapatnam,2019-07-30,85.0,68.87989303100892,Satisfactory,Satisfactory
Amaravati,2018-10-17,80.0,72.40834271302008,Satisfactory,Satisfactory
Delhi,2016-06-01,283.0,229.71143095394862,Poor,Poor
Chennai,2016-05-22,95.0,103.20985958559564,Satisfactory,Moderate
Ahmedabad,2016-03-14,272.0,270.730912870218,Poor,Poor
Hyderabad,2020-01-23,106.0,104.37950531278868,Moderate,Moderate
Chennai,2019-05-19,83.0,88.65212048212953,Satisfactory,Satisfactory
Ahmedabad,2015-06-18,187.0,194.6319604038537,Moderate,Moderate
Talcher,2018-10-10,87.0,91.25844243981464,Satisfactory,Satisfactory
Chennai,2018-03-05,93.0,94.35456733387487,Satisfactory,Satisfactory
Amritsar,2019-08-21,68.0,69.9404212337827,Satisfactory,Satisfactory
Delhi,2015-08-03,175.0,176.66512176339117,Moderate,Moderate
Lucknow,2017-12-14,328.0,335.88052660207796,Very Poor,Very Poor
Chennai,2018-10-08,69.0,68.86888372227477,Satisfactory,Satisfactory
Amritsar,2018-08-17,50.0,60.29367077150361,Good,Satisfactory
Thiruvananthapuram,2018-10-01,64.0,62.95601470235035,Satisfactory,Satisfactory
Chennai,2016-12-24,87.0,86.29212123963848,Satisfactory,Satisfactory
Visakhapatnam,2020-04-25,74.0,55.638963596577675,Satisfactory,Good
Chennai,2016-11-01,87.0,110.16995786432875,Satisfactory,Moderate
Jorapokhar,2020-02-23,184.0,179.34662149666536,Moderate,Moderate
Ahmedabad,2016-11-12,374.0,374.76589925397826,Very Poor,Very Poor
Gurugram,2016-01-29,323.0,321.6635346854416,Very Poor,Very Poor
Brajrajnagar,2018-10-24,141.0,108.69316705597613,Moderate,Moderate
Mumbai,2016-05-16,59.0,59.9847879170474,Satisfactory,Satisfactory
Patna,2016-09-05,142.0,130.02838247619727,Moderate,Moderate
Mumbai,2017-08-25,54.0,53.86706800226065,Satisfactory,Satisfactory
Amaravati,2017-12-07,252.0,254.02781841546062,Poor,Poor
Bengaluru,2019-02-02,104.0,105.91450096139974,Moderate,Moderate
Mumbai,2015-04-14,72.0,70.88646738238639,Satisfactory,Satisfactory
Patna,2019-05-31,205.0,176.6034365950871,Poor,Moderate
Shillong,2019-10-17,40.0,40.50247864295793,Good,Good
Mumbai,2016-09-04,55.0,54.32512730296039,Satisfactory,Satisfactory
Jaipur,2017-07-17,83.0,79.80252765187441,Satisfactory,Satisfactory
Ahmedabad,2016-04-04,180.0,182.26064178433344,Moderate,Moderate
Brajrajnagar,2019-08-11,58.0,91.5645040531636,Satisfactory,Satisfactory
Bengaluru,2019-03-31,135.0,121.1122180666487,Moderate,Moderate
Hyderabad,2016-12-20,117.0,107.42869629172992,Moderate,Moderate
Bengaluru,2015-03-19,285.0,262.6228702331545,Poor,Moderate
Lucknow,2019-12-30,320.0,328.3724117080271,Very Poor,Very Poor
Chennai,2015-07-23,141.0,173.85516731590567,Moderate,Moderate
Brajrajnagar,2019-06-20,94.0,94.3036335061249,Satisfactory,Satisfactory
Bengaluru,2019-09-27,83.0,74.47793489885598,Satisfactory,Satisfactory
Patna,2019-03-13,218.0,210.74617724030347,Poor,Moderate
Chennai,2020-05-27,77.0,82.10831304635947,Satisfactory,Satisfactory
Ahmedabad,2018-04-16,660.0,612.3855429553037,Severe,Severe
Bengaluru,2019-01-26,102.0,105.78338924001191,Moderate,Moderate
Mumbai,2015-08-12,54.0,53.86706800226065,Satisfactory,Satisfactory
Gurugram,2016-12-16,346.0,342.7943855458306,Very Poor,Very Poor
Delhi,2015-06-13,214.0,201.53453480367804,Poor,Poor
Visakhapatnam,2017-09-18,87.0,85.73454743356126,Satisfactory,Satisfactory
Amaravati,2019-05-18,95.0,88.41943685870473,Satisfactory,Satisfactory
Jorapokhar,2019-12-27,203.0,181.27442599207458,Poor,Moderate
Lucknow,2017-03-29,335.0,333.62305592370393,Very Poor,Very Poor
Ahmedabad,2020-06-01,126.0,172.2585332297616,Moderate,Moderate
Patna,2019-04-07,140.0,111.84481913505768,Moderate,Moderate
Lucknow,2017-11-19,360.0,352.7792740130857,Very Poor,Very Poor
Chandigarh,2020-01-26,117.0,114.92137012674108,Moderate,Moderate
Lucknow,2016-02-02,339.0,347.74588403487513,Very Poor,Very Poor
Brajrajnagar,2018-11-14,220.0,222.60316549077305,Poor,Poor
Talcher,2018-10-14,15.0,24.495459646388046,Good,Good
Brajrajnagar,2017-12-17,191.0,202.1070505435401,Moderate,Moderate
Talcher,2019-01-22,292.0,318.2789152685848,Poor,Poor
Jorapokhar,2019-07-05,86.0,85.19033272816174,Satisfactory,Satisfactory
Patna,2016-06-03,244.0,275.42907571323843,Poor,Poor
Visakhapatnam,2020-03-31,84.0,66.99080004937022,Satisfactory,Satisfactory
Ahmedabad,2020-04-24,110.0,95.31602877953058,Moderate,Satisfactory
Lucknow,2020-01-03,313.0,305.0080633782091,Very Poor,Very Poor
Amaravati,2019-01-04,312.0,297.96911996013245,Very Poor,Very Poor
Amaravati,2018-09-18,89.0,77.50476705206202,Satisfactory,Satisfactory
Chennai,2019-08-11,76.0,76.03428862726331,Satisfactory,Satisfactory
Hyderabad,2017-09-13,55.0,51.83737514924377,Satisfactory,Satisfactory
Amritsar,2019-12-27,126.0,148.27233735313936,Moderate,Moderate
Patna,2015-06-05,78.0,81.83240142216252,Satisfactory,Satisfactory
Hyderabad,2019-04-17,91.0,94.92743841914684,Satisfactory,Satisfactory
Visakhapatnam,2018-10-23,288.0,251.77041897639927,Poor,Poor
Patna,2020-06-02,117.0,114.03347167150616,Moderate,Moderate
Gurugram,2018-07-17,103.0,96.68013049870775,Moderate,Satisfactory
Bengaluru,2017-04-07,94.0,101.26480754462949,Satisfactory,Satisfactory
Amritsar,2020-03-24,86.0,80.72084175521056,Satisfactory,Satisfactory
Ahmedabad,2017-12-11,696.0,511.8431381673882,Severe,Severe
Hyderabad,2015-09-13,164.0,117.30722956722948,Moderate,Moderate
Thiruvananthapuram,2019-12-13,91.0,86.12629451527006,Satisfactory,Satisfactory
Bengaluru,2020-03-27,67.0,63.04435013678664,Satisfactory,Satisfactory
Jaipur,2020-03-20,116.0,121.30573123742947,Moderate,Moderate
Ahmedabad,2018-10-29,574.0,511.6772759473554,Severe,Severe
Visakhapatnam,2018-06-23,79.0,90.84906562395754,Satisfactory,Satisfactory
Brajrajnagar,2018-04-20,226.0,178.356502050165,Poor,Moderate
Hyderabad,2015-10-12,182.0,199.9017165645476,Moderate,Moderate
Jaipur,2018-01-26,247.0,205.72580625912946,Poor,Poor
Mumbai,2017-09-07,55.0,54.32512730296039,Satisfactory,Satisfactory
Gurugram,2020-07-01,157.0,136.9422637889832,Moderate,Moderate
Bengaluru,2018-07-02,63.0,68.46883303683475,Satisfactory,Satisfactory
Mumbai,2015-11-12,128.0,129.33002189897138,Moderate,Moderate
Shillong,2020-05-04,20.0,22.088890047684714,Good,Good
Mumbai,2020-04-16,75.0,73.6758408301034,Satisfactory,Satisfactory
Mumbai,2019-11-02,57.0,66.58446519489678,Satisfactory,Satisfactory
Lucknow,2020-02-04,307.0,305.98967524664636,Very Poor,Very Poor
Jorapokhar,2017-11-22,174.0,173.31253257159878,Moderate,Moderate
Aizawl,2020-03-22,71.0,64.69020304440656,Satisfactory,Satisfactory
Hyderabad,2017-09-07,82.0,84.30392297931915,Satisfactory,Satisfactory
Patna,2018-04-12,194.0,203.68948359693147,Moderate,Poor
Patna,2015-10-31,196.0,236.80894018268117,Moderate,Poor
Jorapokhar,2019-06-14,107.0,106.51293551657731,Moderate,Moderate
Kolkata,2019-01-08,335.0,347.4868257423782,Very Poor,Very Poor
Chennai,2018-11-30,79.0,89.05742851702999,Satisfactory,Satisfactory
Gurugram,2016-05-01,346.0,335.50670180610246,Very Poor,Very Poor
Jaipur,2017-07-01,55.0,48.40326928248507,Satisfactory,Satisfactory
Patna,2019-11-30,358.0,343.6628397701435,Very Poor,Very Poor
Kolkata,2019-09-08,36.0,35.37200296532374,Good,Good
Delhi,2019-06-17,126.0,148.06096275735365,Moderate,Moderate
Delhi,2017-05-03,419.0,379.29180601170026,Severe,Very Poor
Ahmedabad,2018-08-27,597.0,484.51634918252086,Severe,Severe
Kolkata,2019-12-13,193.0,206.15465033222065,Moderate,Poor
Bhopal,2020-01-26,184.0,169.13276089777847,Moderate,Moderate
Ahmedabad,2015-01-08,692.0,891.7857142857142,Severe,Severe
Bengaluru,2016-02-16,88.0,106.54830223525907,Satisfactory,Moderate
Kolkata,2019-10-24,121.0,100.0937701892509,Moderate,Satisfactory
Mumbai,2015-12-23,137.0,137.09044071609668,Moderate,Moderate
Jorapokhar,2018-07-08,104.0,107.75702916779183,Moderate,Satisfactory
Jaipur,2018-08-17,61.0,90.42676138288762,Satisfactory,Satisfactory
Hyderabad,2018-05-08,111.0,103.36580679793988,Moderate,Moderate
Jaipur,2020-02-08,110.0,108.27522592220475,Moderate,Moderate
Visakhapatnam,2019-06-18,100.0,112.65766056586716,Satisfactory,Moderate
Patna,2018-06-06,149.0,176.27605807128668,Moderate,Moderate
Bengaluru,2016-02-26,124.0,125.45587596363899,Moderate,Moderate
Chennai,2016-04-10,132.0,128.34456216359223,Moderate,Moderate
Hyderabad,2018-09-24,62.0,71.12135296910623,Satisfactory,Satisfactory
Guwahati,2019-07-09,436.0,240.4615273856578,Severe,Satisfactory
Shillong,2020-02-24,51.0,72.8439281382321,Satisfactory,Satisfactory
Thiruvananthapuram,2019-10-17,56.0,64.97921373470992,Satisfactory,Satisfactory
Amritsar,2019-12-06,106.0,124.98621889927439,Moderate,Moderate
Jaipur,2018-10-23,117.0,127.31615430695201,Moderate,Moderate
Thiruvananthapuram,2018-06-24,51.0,55.82004384050167,Satisfactory,Satisfactory
Amritsar,2020-07-01,78.0,98.65079248473694,Satisfactory,Satisfactory
Gurugram,2016-04-07,178.0,176.94787555634377,Moderate,Moderate
Shillong,2020-02-28,42.0,54.25409277846652,Good,Satisfactory
Amritsar,2020-04-22,48.0,52.730518614677756,Good,Satisfactory
Chennai,2018-08-11,87.0,64.34165641522316,Satisfactory,Satisfactory
Mumbai,2019-11-07,84.0,84.29833894770294,Satisfactory,Satisfactory
Mumbai,2019-08-16,60.0,63.60122123286115,Satisfactory,Satisfactory
Mumbai,2019-07-01,59.0,53.33890800635525,Satisfactory,Satisfactory
Hyderabad,2016-10-26,107.0,115.80933723284619,Moderate,Moderate
Lucknow,2018-08-07,183.0,138.0663566060133,Moderate,Moderate
Brajrajnagar,2020-05-19,107.0,107.08009370694683,Moderate,Moderate
Jaipur,2018-12-30,238.0,223.31427127900338,Poor,Poor
Hyderabad,2019-02-14,127.0,128.267351929282,Moderate,Moderate
Visakhapatnam,2017-01-18,124.0,126.95670954626233,Moderate,Moderate
Amritsar,2019-11-19,322.0,288.14065834152586,Very Poor,Poor
Patna,2016-02-21,301.0,285.19981168799876,Very Poor,Poor
Thiruvananthapuram,2019-02-17,78.0,88.72949555604028,Satisfactory,Satisfactory
Ahmedabad,2017-08-22,312.0,313.32503437319485,Very Poor,Very Poor
Talcher,2019-10-30,102.0,92.48951626402814,Moderate,Satisfactory
Jorapokhar,2017-07-03,86.0,85.2106144183026,Satisfactory,Satisfactory
Bengaluru,2019-10-05,107.0,93.09816733266288,Moderate,Satisfactory
Talcher,2018-12-07,261.0,271.79129212971276,Poor,Poor
Talcher,2018-01-09,304.0,303.02234806649767,Very Poor,Very Poor
Patna,2019-04-27,153.0,143.37530324111316,Moderate,Moderate
Lucknow,2019-03-29,304.0,299.5506872278364,Very Poor,Poor
Thiruvananthapuram,2020-02-06,71.0,69.08710253268757,Satisfactory,Satisfactory
Delhi,2018-05-09,168.0,206.04948551773614,Moderate,Poor
Lucknow,2015-11-20,450.0,431.4961299480494,Severe,Severe
Mumbai,2017-08-14,54.0,53.86706800226065,Satisfactory,Satisfactory
Gurugram,2020-06-01,133.0,106.49617012476222,Moderate,Moderate
Lucknow,2017-10-24,353.0,372.5378506245434,Very Poor,Very Poor
Mumbai,2015-11-28,128.0,129.33002189897138,Moderate,Moderate
Lucknow,2019-08-17,60.0,81.59713945696079,Satisfactory,Satisfactory
Amaravati,2018-01-14,186.0,197.5992472262036,Moderate,Moderate
Delhi,2017-08-24,58.0,96.02243288942965,Satisfactory,Satisfactory
Hyderabad,2020-06-06,58.0,52.7212693289017,Satisfactory,Satisfactory
Lucknow,2017-08-15,134.0,120.28296906200738,Moderate,Moderate
Patna,2018-07-29,72.0,84.36761279662116,Satisfactory,Satisfactory
Lucknow,2016-05-03,232.0,219.46993071329126,Poor,Poor
Chennai,2016-03-16,188.0,180.77630172182342,Moderate,Moderate
Hyderabad,2016-08-25,45.0,47.07625813773875,Good,Good
Mumbai,2018-03-18,106.0,106.26609112377815,Moderate,Moderate
Bengaluru,2017-01-24,100.0,142.19888853896018,Satisfactory,Moderate
Delhi,2020-01-06,335.0,335.5588097375472,Very Poor,Very Poor
Talcher,2020-01-29,236.0,300.1582373903521,Poor,Very Poor
Lucknow,2018-02-25,348.0,364.927937846153,Very Poor,Very Poor
Bengaluru,2018-11-19,77.0,83.09684808255842,Satisfactory,Satisfactory
Chennai,2015-03-31,312.0,174.51017828153402,Very Poor,Moderate
Delhi,2019-12-30,506.0,465.7445360659838,Severe,Severe
Visakhapatnam,2018-03-20,105.0,130.3790423579183,Moderate,Moderate
Amritsar,2018-02-27,119.0,112.32554451413188,Moderate,Moderate
Ahmedabad,2015-04-14,244.0,224.67274495278355,Poor,Poor
Lucknow,2015-05-07,115.0,114.0216016495062,Moderate,Moderate
Thiruvananthapuram,2020-01-29,94.0,94.5038085557606,Satisfactory,Satisfactory
Gurugram,2016-04-06,178.0,168.4107321395095,Moderate,Moderate
Amritsar,2020-04-10,86.0,84.28319922484779,Satisfactory,Satisfactory
Bengaluru,2020-04-25,66.0,65.22153426437185,Satisfactory,Satisfactory
Bengaluru,2020-03-09,99.0,89.63838681858904,Satisfactory,Satisfactory
Mumbai,2015-11-25,128.0,129.33002189897138,Moderate,Moderate
Guwahati,2020-04-25,54.0,53.751033678898985,Satisfactory,Satisfactory
Ahmedabad,2017-04-08,180.0,181.214763058555,Moderate,Moderate
Bengaluru,2019-01-16,113.0,114.47052255554605,Moderate,Moderate
Bengaluru,2017-04-14,107.0,108.18255848020218,Moderate,Moderate
Mumbai,2018-03-20,106.0,106.35935745099951,Moderate,Moderate
Jorapokhar,2018-06-23,107.0,106.51293551657731,Moderate,Moderate
Mumbai,2015-04-17,72.0,70.88646738238639,Satisfactory,Satisfactory
Delhi,2018-03-15,314.0,285.23038802806997,Very Poor,Poor
Visakhapatnam,2019-09-27,131.0,110.72009615934037,Moderate,Moderate
Thiruvananthapuram,2018-01-23,183.0,184.38314082090565,Moderate,Moderate
Patna,2017-08-05,102.0,101.636795500127,Moderate,Moderate
Amaravati,2018-10-02,48.0,49.96109980266339,Good,Good
Patna,2016-04-13,166.0,122.70624573503875,Moderate,Moderate
Ernakulam,2020-02-14,108.0,94.66217288584454,Moderate,Satisfactory
Talcher,2020-02-21,81.0,103.80685633036191,Satisfactory,Moderate
Brajrajnagar,2020-06-02,131.0,130.64998468772706,Moderate,Moderate
Jaipur,2018-12-12,127.0,125.69802292925299,Moderate,Moderate
Delhi,2018-03-19,177.0,178.51481673432855,Moderate,Moderate
Thiruvananthapuram,2018-06-11,48.0,50.871384251644464,Good,Satisfactory
Kolkata,2019-08-16,51.0,56.794292471913735,Satisfactory,Satisfactory
Thiruvananthapuram,2018-03-09,91.0,97.93686610389463,Satisfactory,Satisfactory
Gurugram,2016-08-28,67.0,71.74160501611595,Satisfactory,Satisfactory
Amritsar,2017-12-17,133.0,137.87746258535728,Moderate,Moderate
Brajrajnagar,2019-04-14,187.0,171.7860006599062,Moderate,Moderate
Kolkata,2018-12-29,379.0,397.1166724390682,Very Poor,Very Poor
Jaipur,2018-04-14,124.0,99.59275877272601,Moderate,Satisfactory
Kolkata,2018-11-25,389.0,388.587723455497,Very Poor,Very Poor
Jaipur,2019-08-03,62.0,63.44441684433838,Satisfactory,Satisfactory
Lucknow,2016-02-09,394.0,378.7653705394337,Very Poor,Very Poor
Delhi,2015-10-11,296.0,284.20630255958014,Poor,Very Poor
Brajrajnagar,2018-05-23,154.0,118.25198800608756,Moderate,Moderate
Chennai,2016-06-27,77.0,107.08880727808705,Satisfactory,Satisfactory
Jorapokhar,2019-08-25,155.0,105.24105014329876,Moderate,Moderate
Jaipur,2019-03-26,101.0,101.6474558898959,Moderate,Moderate
Gurugram,2018-10-30,407.0,417.8459808138387,Severe,Very Poor
Bengaluru,2016-08-08,38.0,53.34967981391628,Good,Satisfactory
Delhi,2019-01-28,301.0,279.8114280355358,Very Poor,Poor
Visakhapatnam,2018-11-22,103.0,108.47270059030194,Moderate,Moderate
Amritsar,2020-04-01,65.0,67.00909590583836,Satisfactory,Satisfactory
Delhi,2018-02-23,331.0,335.16820386225197,Very Poor,Very Poor
Patna,2016-10-20,287.0,281.8178749500189,Poor,Poor
Delhi,2018-12-23,557.0,549.0594701166506,Severe,Severe
Chandigarh,2019-09-14,69.0,80.15870424850961,Satisfactory,Satisfactory
Mumbai,2017-11-25,128.0,129.17999472759263,Moderate,Moderate
Hyderabad,2016-03-29,123.0,120.97997072612141,Moderate,Moderate
Talcher,2018-04-21,110.0,108.76320557659042,Moderate,Moderate
Hyderabad,2018-11-03,58.0,74.37554213961297,Satisfactory,Satisfactory
Jorapokhar,2017-10-05,104.0,102.5092131821506,Moderate,Moderate
Patna,2016-11-17,360.0,382.94651432246684,Very Poor,Very Poor
Bengaluru,2019-10-22,69.0,66.15474882578319,Satisfactory,Satisfactory
Chennai,2016-05-21,94.0,100.99712051127108,Satisfactory,Moderate
Delhi,2016-11-16,428.0,427.95727060020414,Severe,Severe
Chennai,2019-12-27,77.0,88.58379789926502,Satisfactory,Satisfactory
Thiruvananthapuram,2019-08-16,51.0,49.101448441236535,Satisfactory,Satisfactory
Visakhapatnam,2017-10-10,97.0,83.43316119859571,Satisfactory,Satisfactory
Amaravati,2018-03-07,81.0,89.98971003405691,Satisfactory,Satisfactory
Visakhapatnam,2016-07-18,95.0,99.8004450019759,Satisfactory,Moderate
Thiruvananthapuram,2018-12-03,97.0,97.74428967955878,Satisfactory,Satisfactory
Hyderabad,2019-02-20,87.0,94.21709170679185,Satisfactory,Satisfactory
Chennai,2018-06-09,67.0,72.7453483774769,Satisfactory,Satisfactory
Hyderabad,2020-01-22,84.0,84.26589143668387,Satisfactory,Satisfactory
Jaipur,2018-02-01,177.0,179.09981235225263,Moderate,Moderate
Talcher,2018-12-15,184.0,220.69735911169911,Moderate,Poor
Delhi,2017-06-24,111.0,178.63730194889013,Moderate,Moderate
Chennai,2017-11-06,68.0,67.40695731928207,Satisfactory,Satisfactory
Delhi,2017-09-27,165.0,159.26742908078072,Moderate,Moderate
Delhi,2019-12-28,425.0,425.42467484220396,Severe,Severe
Brajrajnagar,2017-12-27,174.0,175.4064718102688,Moderate,Moderate
Gurugram,2016-02-27,343.0,340.78227836590634,Very Poor,Very Poor
Hyderabad,2017-04-16,148.0,145.17557846692173,Moderate,Moderate
Jorapokhar,2020-01-10,210.0,173.156466649268,Poor,Moderate
Patna,2020-03-02,168.0,173.24496599796868,Moderate,Moderate
Kolkata,2018-07-17,42.0,33.06657673213802,Good,Good
Amritsar,2019-10-25,198.0,193.26762215789557,Moderate,Moderate
Talcher,2020-06-12,98.0,97.23489327867674,Satisfactory,Satisfactory
Jorapokhar,2018-02-25,184.0,170.37503051673065,Moderate,Moderate
Chennai,2017-03-27,131.0,124.48697089813116,Moderate,Moderate
Brajrajnagar,2019-12-22,125.0,119.59167675845269,Moderate,Moderate
Jaipur,2018-12-02,184.0,163.7786118843161,Moderate,Moderate
Ahmedabad,2016-04-23,180.0,181.0372090917094,Moderate,Moderate
Kochi,2020-03-25,252.0,107.62228794589133,Poor,Moderate
Hyderabad,2018-10-17,83.0,90.7028928276282,Satisfactory,Satisfactory
Amritsar,2018-03-22,72.0,88.89055062212354,Satisfactory,Satisfactory
Patna,2019-01-23,396.0,442.4663124773895,Very Poor,Very Poor
Delhi,2015-04-07,262.0,257.6676997647566,Poor,Poor
Kolkata,2019-03-22,98.0,115.97083093153061,Satisfactory,Moderate
Visakhapatnam,2018-06-21,112.0,107.48079727878736,Moderate,Moderate
Patna,2017-11-10,439.0,456.28214415695334,Severe,Severe
Mumbai,2015-02-21,135.0,135.18704513841558,Moderate,Moderate
Mumbai,2017-09-06,55.0,54.32512730296039,Satisfactory,Satisfactory
Bhopal,2020-04-23,122.0,122.51768205937263,Moderate,Moderate
Patna,2018-02-23,346.0,346.2141487373013,Very Poor,Very Poor
Mumbai,2016-06-27,48.0,47.77489144057765,Good,Good
Bengaluru,2020-04-14,72.0,68.08315378909806,Satisfactory,Satisfactory
Ahmedabad,2016-10-09,267.0,279.3629772115422,Poor,Poor
Ahmedabad,2017-08-28,312.0,313.32503437319485,Very Poor,Very Poor
Amritsar,2020-05-27,77.0,73.73045601743596,Satisfactory,Satisfactory
Jorapokhar,2019-05-06,115.0,112.37321790436901,Moderate,Moderate
Brajrajnagar,2019-11-20,120.0,131.5941751542498,Moderate,Moderate
Patna,2020-04-06,140.0,135.4858822013272,Moderate,Moderate
Chandigarh,2019-09-24,74.0,72.94314700908713,Satisfactory,Satisfactory
Lucknow,2015-03-04,207.0,216.40418309932863,Poor,Poor
Brajrajnagar,2019-04-09,128.0,132.55948507818582,Moderate,Moderate
Brajrajnagar,2018-01-19,217.0,218.11922856819422,Poor,Poor
Patna,2015-07-14,106.0,110.54064810400108,Moderate,Moderate
Hyderabad,2016-04-21,120.0,105.36850443594338,Moderate,Moderate
Ahmedabad,2017-10-06,311.0,310.09300624915926,Very Poor,Very Poor
Brajrajnagar,2020-06-16,443.0,524.325,Severe,Moderate
Gurugram,2019-09-18,95.0,97.6521724928779,Satisfactory,Moderate
Bengaluru,2015-01-13,72.0,80.53782440464256,Satisfactory,Satisfactory
Amritsar,2019-09-27,96.0,97.37877322357677,Satisfactory,Satisfactory
Amritsar,2019-12-22,96.0,136.87585135874974,Satisfactory,Moderate
Brajrajnagar,2020-02-26,67.0,85.0193467598301,Satisfactory,Satisfactory
Delhi,2019-11-30,175.0,201.5777698707065,Moderate,Moderate
Jaipur,2019-07-02,104.0,106.33999164738947,Moderate,Moderate
Amritsar,2017-07-30,158.0,72.25838165810495,Moderate,Satisfactory
Ahmedabad,2015-11-23,374.0,374.67522617705515,Very Poor,Very Poor
Bengaluru,2019-12-31,97.0,93.1170394001483,Satisfactory,Satisfactory
Talcher,2020-06-05,79.0,104.48546074039179,Satisfactory,Moderate
Brajrajnagar,2019-03-07,128.0,136.93656151435079,Moderate,Moderate
Chandigarh,2020-06-07,53.0,48.06565175496789,Satisfactory,Good
Bengaluru,2016-11-27,117.0,130.3899431594884,Moderate,Moderate
Mumbai,2016-10-14,72.0,75.18396276671906,Satisfactory,Satisfactory
Gurugram,2019-12-11,369.0,372.53240302121753,Very Poor,Very Poor
Chennai,2016-06-24,71.0,79.85208021726459,Satisfactory,Satisfactory
Lucknow,2015-05-28,127.0,142.22856234157834,Moderate,Moderate
Kolkata,2019-09-26,46.0,39.22996310274429,Good,Good
Amaravati,2018-02-04,117.0,111.75675342148729,Moderate,Moderate
Bengaluru,2016-03-27,156.0,152.78077998472932,Moderate,Moderate
Gurugram,2018-01-04,354.0,370.54593136195103,Very Poor,Very Poor
Lucknow,2019-02-24,139.0,158.5391652864827,Moderate,Moderate
Gurugram,2020-03-02,136.0,143.27971100285532,Moderate,Moderate
Chennai,2017-02-23,76.0,84.50454708968397,Satisfactory,Satisfactory
Jorapokhar,2019-12-02,153.0,167.5803326994935,Moderate,Moderate
Lucknow,2019-06-21,164.0,163.80190010933634,Moderate,Moderate
Brajrajnagar,2019-02-17,121.0,130.60310363300877,Moderate,Moderate
Lucknow,2017-11-11,463.0,425.83362138690956,Severe,Severe
Bengaluru,2016-04-25,94.0,113.99976386419418,Satisfactory,Moderate
Kolkata,2020-06-30,47.0,45.84810106267163,Good,Good
Chennai,2017-08-21,57.0,64.15917792086076,Satisfactory,Satisfactory
Jorapokhar,2019-06-28,107.0,106.51293551657731,Moderate,Moderate
Mumbai,2017-11-07,128.0,129.27183442542076,Moderate,Moderate
Delhi,2016-07-13,163.0,137.15094402486773,Moderate,Moderate
Bhopal,2020-04-04,110.0,111.82304683265582,Moderate,Moderate
Guwahati,2019-11-22,135.0,126.73301544530408,Moderate,Moderate
Bengaluru,2017-07-21,111.0,68.95848519478575,Moderate,Satisfactory
Bengaluru,2017-04-03,117.0,110.49043349624442,Moderate,Moderate
Visakhapatnam,2016-11-16,127.0,152.4568778710826,Moderate,Moderate
Shillong,2019-09-23,44.0,33.1806857310326,Good,Good
Mumbai,2020-03-25,91.0,81.0067821418576,Satisfactory,Satisfactory
Visakhapatnam,2018-03-30,73.0,76.20226285854447,Satisfactory,Satisfactory
Lucknow,2015-09-01,80.0,96.5780532358436,Satisfactory,Satisfactory
Kolkata,2019-04-11,60.0,68.98651956764964,Satisfactory,Satisfactory
Talcher,2019-12-31,356.0,351.382538116712,Very Poor,Very Poor
Patna,2018-02-28,312.0,318.639105884668,Very Poor,Very Poor
Amaravati,2019-08-12,49.0,64.11430777887911,Good,Satisfactory
Gurugram,2017-06-14,317.0,330.314041419003,Very Poor,Very Poor
Brajrajnagar,2018-07-29,73.0,74.61583144715276,Satisfactory,Satisfactory
Delhi,2018-05-04,146.0,138.16976462334367,Moderate,Moderate
Chennai,2018-09-29,58.0,71.71522363901718,Satisfactory,Moderate
Ahmedabad,2017-10-03,311.0,310.09300624915926,Very Poor,Very Poor
Bengaluru,2017-09-15,52.0,66.36472908427764,Satisfactory,Satisfactory
Hyderabad,2018-06-14,86.0,86.89846053200407,Satisfactory,Satisfactory
Amritsar,2019-07-16,73.0,58.31821062090321,Satisfactory,Satisfactory
Talcher,2018-12-19,231.0,227.75895501247422,Poor,Poor
Delhi,2015-10-06,411.0,367.44731948042886,Severe,Very Poor
Delhi,2017-05-18,188.0,291.93457032835516,Moderate,Poor
Delhi,2016-10-01,312.0,263.6200133182335,Very Poor,Poor
Kochi,2020-04-21,91.0,85.297558830464,Satisfactory,Satisfactory
Gurugram,2016-01-23,202.0,188.78180651443827,Poor,Moderate
Brajrajnagar,2018-07-17,104.0,107.1482640327893,Moderate,Moderate
Hyderabad,2018-04-03,99.0,92.57312270888788,Satisfactory,Satisfactory
Hyderabad,2020-06-02,79.0,51.756745756469826,Satisfactory,Satisfactory
Thiruvananthapuram,2018-05-01,61.0,64.98110969624585,Satisfactory,Satisfactory
Ahmedabad,2015-05-15,327.0,353.7475705032851,Very Poor,Very Poor
Talcher,2018-12-31,200.0,205.4832684165255,Moderate,Poor
Lucknow,2018-04-02,204.0,207.44066171187012,Poor,Moderate
Visakhapatnam,2020-01-01,111.0,119.50007288743602,Moderate,Moderate
Chennai,2019-08-28,104.0,51.52695866819756,Moderate,Satisfactory
Amritsar,2017-12-02,296.0,291.47396447157206,Poor,Very Poor
Guwahati,2019-03-08,236.0,207.87725941385915,Poor,Poor
Amritsar,2017-07-04,91.0,93.76118145331264,Satisfactory,Satisfactory
Lucknow,2018-07-23,76.0,79.85489131066092,Satisfactory,Satisfactory
Mumbai,2017-09-02,55.0,54.32512730296039,Satisfactory,Satisfactory
Brajrajnagar,2019-07-10,89.0,95.61653044727186,Satisfactory,Satisfactory
Ernakulam,2020-02-20,114.0,119.66098459289945,Moderate,Moderate
Coimbatore,2020-05-25,46.0,50.44167095035429,Good,Satisfactory
Bhopal,2020-02-16,149.0,136.32358829796644,Moderate,Moderate
Jaipur,2020-06-24,72.0,74.3512106316467,Satisfactory,Satisfactory
Lucknow,2019-09-04,73.0,85.64723015430123,Satisfactory,Satisfactory
Talcher,2020-05-27,80.0,80.95071086683447,Satisfactory,Satisfactory
Lucknow,2019-09-18,81.0,76.5267187309809,Satisfactory,Satisfactory
Delhi,2016-04-30,342.0,339.52588530573144,Very Poor,Very Poor
Ahmedabad,2015-11-13,374.0,374.9166547484838,Very Poor,Very Poor
Ahmedabad,2015-05-27,167.0,154.10439944685615,Moderate,Moderate
Chennai,2019-08-20,68.0,62.48678762513207,Satisfactory,Satisfactory
Jorapokhar,2019-08-15,94.0,95.33700037229113,Satisfactory,Satisfactory
Visakhapatnam,2017-04-11,131.0,92.46094928968732,Moderate,Satisfactory
Delhi,2016-09-22,150.0,179.27810761052967,Moderate,Moderate
Kolkata,2018-05-26,55.0,54.57087854405034,Satisfactory,Satisfactory
Gurugram,2018-02-24,252.0,247.87744296859523,Poor,Poor
Chennai,2017-09-20,67.0,70.14920395615724,Satisfactory,Satisfactory
Gurugram,2016-08-22,66.0,67.46914094601892,Satisfactory,Satisfactory
Bengaluru,2018-10-03,65.0,64.96923063127063,Satisfactory,Satisfactory
Thiruvananthapuram,2018-12-17,106.0,109.79115728927245,Moderate,Moderate
Shillong,2019-12-29,35.0,33.66069094724651,Good,Good
Kolkata,2020-04-04,129.0,113.480293903329,Moderate,Moderate
Chennai,2018-06-10,73.0,68.85575453285946,Satisfactory,Satisfactory
Ahmedabad,2017-03-30,272.0,270.730912870218,Poor,Poor
Bengaluru,2015-06-19,70.0,68.07107941295084,Satisfactory,Satisfactory
Hyderabad,2015-08-14,96.0,81.57355200064661,Satisfactory,Satisfactory
Chennai,2018-07-28,95.0,79.42001321141404,Satisfactory,Satisfactory
Amritsar,2018-04-16,122.0,113.3170091246905,Moderate,Moderate
Mumbai,2020-04-25,57.0,55.126758312685524,Satisfactory,Satisfactory
Patna,2020-03-04,214.0,218.65943203787307,Poor,Poor
Patna,2019-02-20,330.0,322.0323745390069,Very Poor,Very Poor
Hyderabad,2015-08-12,87.0,77.31328300307632,Satisfactory,Satisfactory
Guwahati,2019-06-03,72.0,87.65571708226454,Satisfactory,Satisfactory
Visakhapatnam,2018-06-25,97.0,105.80994935368732,Satisfactory,Moderate
Amritsar,2017-04-06,59.0,74.8456420677681,Satisfactory,Satisfactory
Chennai,2016-03-23,143.0,157.6668153571103,Moderate,Moderate
Thiruvananthapuram,2017-08-26,62.0,65.09053405202276,Satisfactory,Satisfactory
Jorapokhar,2017-05-28,94.0,89.44108887201986,Satisfactory,Satisfactory
Jorapokhar,2017-10-11,104.0,104.78625466683852,Moderate,Moderate
Bengaluru,2018-01-02,86.0,78.51002128149125,Satisfactory,Satisfactory
Jaipur,2020-02-02,109.0,109.64008139166046,Moderate,Moderate
Amaravati,2018-12-02,160.0,138.3804799630127,Moderate,Moderate
Chennai,2018-10-20,110.0,108.5054762403308,Moderate,Moderate
Chennai,2015-09-23,84.0,99.39811403846689,Satisfactory,Moderate
Jaipur,2018-05-26,174.0,147.72429578240673,Moderate,Moderate
Patna,2015-11-24,422.0,433.47806492454185,Severe,Severe
Amaravati,2018-12-12,206.0,214.74272304461581,Poor,Poor
Patna,2019-08-09,112.0,111.25961770121228,Moderate,Moderate
Thiruvananthapuram,2019-08-26,51.0,50.64904271506328,Satisfactory,Satisfactory
Mumbai,2018-03-24,106.0,106.28387778224193,Moderate,Moderate
Chennai,2018-05-09,94.0,82.5698299693433,Satisfactory,Satisfactory
Hyderabad,2017-12-19,138.0,131.32493568042491,Moderate,Moderate
Mumbai,2019-02-04,201.0,177.04001636054264,Poor,Moderate
Patna,2019-09-28,69.0,76.67381197566613,Satisfactory,Satisfactory
Chennai,2017-04-20,184.0,136.20970164160673,Moderate,Moderate
Patna,2018-04-22,237.0,235.66875583712925,Poor,Poor
Lucknow,2018-10-26,342.0,341.21145141802316,Very Poor,Very Poor
Chennai,2019-03-28,81.0,74.69968200592702,Satisfactory,Satisfactory
Gurugram,2019-03-29,230.0,226.681814386525,Poor,Poor
Chennai,2016-08-28,126.0,100.72101923917509,Moderate,Moderate
Thiruvananthapuram,2018-06-17,47.0,54.57884318262882,Good,Satisfactory
Guwahati,2020-02-14,315.0,313.19050323441223,Very Poor,Very Poor
Delhi,2016-10-20,425.0,390.8902695787456,Severe,Severe
Ahmedabad,2017-10-08,311.0,310.09300624915926,Very Poor,Very Poor
Lucknow,2017-06-10,253.0,202.96267326870202,Poor,Poor
Hyderabad,2015-07-02,97.0,89.53542910822108,Satisfactory,Satisfactory
Lucknow,2016-03-23,201.0,186.08405829926295,Poor,Moderate
Visakhapatnam,2018-12-27,276.0,281.2194586618818,Poor,Poor
Ahmedabad,2017-10-31,156.0,212.403951172297,Moderate,Moderate
Bhopal,2020-05-09,95.0,102.41077443764384,Satisfactory,Moderate
Amaravati,2018-04-21,53.0,62.82726231698235,Satisfactory,Satisfactory
Ahmedabad,2016-11-27,374.0,374.73214925397826,Very Poor,Very Poor
Delhi,2016-11-04,480.0,553.582273935907,Severe,Severe
Amritsar,2018-11-20,125.0,128.36764584615,Moderate,Moderate
Delhi,2018-12-16,295.0,311.47281730389403,Poor,Very Poor
Mumbai,2019-05-17,79.0,80.32474184099743,Satisfactory,Satisfactory
Ahmedabad,2018-12-22,1558.0,1350.669375,Severe,Severe
Kolkata,2018-10-04,145.0,144.97244862376027,Moderate,Moderate
Visakhapatnam,2019-02-23,118.0,113.21814838884389,Moderate,Moderate
Gurugram,2016-12-25,399.0,401.7206811415546,Very Poor,Severe
Amaravati,2019-09-23,67.0,68.51722498946799,Satisfactory,Satisfactory
Patna,2018-04-14,188.0,226.80332744540135,Moderate,Poor
Amritsar,2017-10-17,130.0,131.04940126237102,Moderate,Moderate
Jaipur,2019-11-11,192.0,186.50759899363035,Moderate,Moderate
Thiruvananthapuram,2017-06-20,37.0,43.65770107445775,Good,Good
Lucknow,2018-09-03,61.0,76.21212048546988,Satisfactory,Satisfactory
Jaipur,2018-01-17,116.0,126.91579218045075,Moderate,Moderate
Visakhapatnam,2019-12-30,109.0,124.68239233272263,Moderate,Moderate
Brajrajnagar,2019-10-01,104.0,104.56290682030935,Moderate,Moderate
Thiruvananthapuram,2019-06-20,51.0,45.95268775286137,Satisfactory,Good
Patna,2018-05-14,232.0,178.09441729201077,Poor,Moderate
Patna,2017-05-25,97.0,99.26455372520044,Satisfactory,Satisfactory
Delhi,2020-02-16,254.0,274.5450848063704,Poor,Poor
Jorapokhar,2020-01-15,240.0,206.51864723940417,Poor,Moderate
Ahmedabad,2020-03-03,460.0,467.3752087201675,Severe,Severe
Gurugram,2019-07-11,258.0,220.39352428121077,Poor,Moderate
Patna,2018-05-13,131.0,154.35367224149283,Moderate,Moderate
Patna,2016-06-16,72.0,105.80865107223315,Satisfactory,Moderate
Talcher,2020-03-30,121.0,125.68191296376943,Moderate,Moderate
Visakhapatnam,2017-10-02,52.0,53.91186213827719,Satisfactory,Satisfactory
Delhi,2017-07-10,78.0,98.7600582206179,Satisfactory,Satisfactory
Bengaluru,2018-01-04,86.0,83.56348756581173,Satisfactory,Satisfactory
Ahmedabad,2018-11-14,820.0,1058.0727142857143,Severe,Severe
Talcher,2019-04-07,114.0,110.65515871534322,Moderate,Moderate
Thiruvananthapuram,2017-10-01,36.0,50.86754961921305,Good,Satisfactory
Chandigarh,2020-05-30,48.0,65.87577029808278,Good,Satisfactory
Patna,2018-09-16,125.0,129.3426564593809,Moderate,Moderate
Bengaluru,2016-01-26,104.0,105.00755342897402,Moderate,Moderate
Mumbai,2016-10-21,72.0,75.18396276671906,Satisfactory,Satisfactory
Bengaluru,2017-08-23,62.0,68.2118458863588,Satisfactory,Satisfactory
Hyderabad,2019-03-22,87.0,91.54859479850977,Satisfactory,Satisfactory
Amritsar,2018-08-31,72.0,84.27063713443036,Satisfactory,Satisfactory
Patna,2020-04-02,140.0,130.04374828449568,Moderate,Moderate
Mumbai,2015-05-09,59.0,59.9847879170474,Satisfactory,Satisfactory
Gurugram,2020-03-26,65.0,77.64859210176394,Satisfactory,Satisfactory
Mumbai,2016-06-25,48.0,47.77489144057765,Good,Good
Ahmedabad,2015-06-30,244.0,227.15826074597302,Poor,Poor
Bengaluru,2020-03-25,70.0,88.7781058641102,Satisfactory,Satisfactory
Delhi,2018-08-01,155.0,161.85814688981844,Moderate,Moderate
Kolkata,2019-12-21,258.0,251.37023458648142,Poor,Poor
Ahmedabad,2016-04-14,180.0,181.2545742484824,Moderate,Moderate
Mumbai,2018-04-05,72.0,71.64959035829905,Satisfactory,Satisfactory
Lucknow,2019-09-25,92.0,85.12845918507986,Satisfactory,Satisfactory
Amaravati,2018-01-07,224.0,201.6660030179173,Poor,Moderate
Ahmedabad,2017-10-24,102.0,169.39251633357807,Moderate,Moderate
Delhi,2016-09-16,233.0,186.9806769870494,Poor,Poor
Kolkata,2018-11-22,339.0,360.6267944797086,Very Poor,Very Poor
Ahmedabad,2018-11-24,798.0,711.7142482984682,Severe,Severe
Guwahati,2020-02-10,212.0,263.32399004532425,Poor,Poor
Jorapokhar,2019-04-19,86.0,112.38948314996647,Satisfactory,Moderate
Jaipur,2018-01-31,208.0,174.11604871210005,Poor,Moderate
Gurugram,2016-10-25,262.0,208.7812061357146,Poor,Moderate
Thiruvananthapuram,2017-07-07,52.0,60.51923674362665,Satisfactory,Satisfactory
Chennai,2019-10-08,141.0,104.39079792883591,Moderate,Moderate
Chennai,2017-01-25,111.0,129.63174847993707,Moderate,Moderate
Delhi,2015-05-17,345.0,298.0096339642208,Very Poor,Very Poor
Chandigarh,2020-06-20,58.0,74.32892063663867,Satisfactory,Satisfactory
Gurugram,2016-03-25,134.0,136.58464979968207,Moderate,Moderate
Ahmedabad,2018-04-07,304.0,607.1543874047362,Very Poor,Severe
Coimbatore,2020-03-20,81.0,91.9158798494948,Satisfactory,Satisfactory
Visakhapatnam,2016-08-18,102.0,96.43925209078333,Moderate,Satisfactory
Amritsar,2020-02-16,132.0,128.39582651103456,Moderate,Moderate
Amaravati,2019-02-04,150.0,146.8319138384882,Moderate,Moderate
Chennai,2019-11-28,63.0,73.63489270177517,Satisfactory,Satisfactory
Hyderabad,2017-01-23,156.0,159.08934397823126,Moderate,Moderate
Jaipur,2020-04-05,79.0,72.74775648244025,Satisfactory,Satisfactory
Delhi,2015-07-25,184.0,127.21439704797329,Moderate,Moderate
Amritsar,2018-12-20,143.0,136.5213135064731,Moderate,Moderate
Delhi,2015-10-24,383.0,339.83932169781,Very Poor,Very Poor
Mumbai,2016-10-18,72.0,75.18396276671906,Satisfactory,Satisfactory
Hyderabad,2017-04-14,165.0,151.739849653809,Moderate,Moderate
Gurugram,2017-03-06,171.0,177.99714966173022,Moderate,Moderate
Delhi,2016-10-13,371.0,315.39674708272975,Very Poor,Very Poor
Amritsar,2019-04-25,91.0,102.78804512775581,Satisfactory,Satisfactory
Delhi,2016-04-12,235.0,216.81939085086583,Poor,Poor
Talcher,2019-09-10,69.0,64.86778633967572,Satisfactory,Satisfactory
Delhi,2019-10-14,285.0,282.15879650639744,Poor,Poor
Amaravati,2019-03-21,60.0,73.5680193318607,Satisfactory,Satisfactory
Mumbai,2015-07-08,53.0,53.679004495933334,Satisfactory,Satisfactory
Bengaluru,2017-03-19,95.0,96.34192405503626,Satisfactory,Satisfactory
Bengaluru,2018-07-06,65.0,65.35141356970821,Satisfactory,Satisfactory
Ahmedabad,2018-07-21,576.0,544.7418459559241,Severe,Severe
Gurugram,2018-01-16,231.0,240.58938924326156,Poor,Poor
Lucknow,2016-12-06,359.0,371.2435809450131,Very Poor,Very Poor
Ahmedabad,2016-09-27,222.0,214.80984552701878,Poor,Poor
Patna,2017-06-29,78.0,79.30902113923415,Satisfactory,Satisfactory
Thiruvananthapuram,2017-08-19,56.0,58.25650275957946,Satisfactory,Satisfactory
Delhi,2020-06-24,71.0,78.8739048290687,Satisfactory,Satisfactory
Delhi,2015-11-25,376.0,362.48304496079635,Very Poor,Very Poor
Brajrajnagar,2020-04-01,148.0,135.18515933471562,Moderate,Moderate
Jaipur,2019-03-16,92.0,95.15354447181419,Satisfactory,Satisfactory
Jorapokhar,2020-06-15,107.0,97.41238520398173,Moderate,Moderate
Guwahati,2019-07-10,184.0,292.8527488004898,Moderate,Moderate
Bengaluru,2016-07-19,308.0,108.32334267659967,Very Poor,Satisfactory
Visakhapatnam,2016-07-05,68.0,75.09383627127657,Satisfactory,Satisfactory
Talcher,2019-11-17,201.0,210.5910630816058,Poor,Moderate
Delhi,2019-04-29,256.0,246.9016365251605,Poor,Poor
Guwahati,2019-06-06,55.0,65.87747189850046,Satisfactory,Satisfactory
Jaipur,2018-08-21,79.0,74.91041816605222,Satisfactory,Satisfactory
Patna,2017-07-28,66.0,69.15988907843632,Satisfactory,Satisfactory
Hyderabad,2018-03-28,116.0,117.7302527040992,Moderate,Moderate
Chandigarh,2019-12-31,206.0,143.23314986098575,Poor,Moderate
Visakhapatnam,2017-12-03,157.0,164.4786595628214,Moderate,Moderate
Chandigarh,2020-02-09,101.0,104.23364590846462,Moderate,Moderate
Amritsar,2019-11-10,140.0,139.65634304517246,Moderate,Moderate
Hyderabad,2018-11-26,135.0,133.3386092556861,Moderate,Moderate
Kolkata,2018-08-24,70.0,69.67471119209304,Satisfactory,Satisfactory
Mumbai,2019-07-21,79.0,69.67836080208045,Satisfactory,Satisfactory
Amritsar,2017-04-21,95.0,93.67691010240306,Satisfactory,Satisfactory
Chennai,2017-08-05,149.0,77.39532464998074,Moderate,Satisfactory
Lucknow,2017-03-25,329.0,289.93304173712573,Very Poor,Poor
Patna,2019-11-08,367.0,360.36958929262846,Very Poor,Very Poor
Gurugram,2016-06-24,160.0,161.3099205411087,Moderate,Moderate
Ahmedabad,2015-01-30,328.0,319.901443642404,Very Poor,Poor
Chennai,2020-06-27,95.0,96.34137642774611,Satisfactory,Satisfactory
Hyderabad,2017-09-04,59.0,60.91976809804427,Satisfactory,Satisfactory
Lucknow,2018-02-14,247.0,269.81925209560916,Poor,Poor
Brajrajnagar,2018-10-03,90.0,92.01201815527557,Satisfactory,Satisfactory
Patna,2018-11-22,404.0,408.8327899532874,Severe,Severe
Amritsar,2017-12-13,116.0,134.37845468404217,Moderate,Moderate
Talcher,2018-01-02,304.0,302.9834334135244,Very Poor,Very Poor
Kolkata,2019-06-07,49.0,46.48805518739813,Good,Good
Thiruvananthapuram,2019-11-13,95.0,105.79032208355564,Satisfactory,Satisfactory
Amritsar,2018-10-15,203.0,190.4526891968704,Poor,Moderate
Delhi,2015-10-03,266.0,277.52394422014555,Poor,Poor
Bengaluru,2015-02-21,187.0,173.91264146518918,Moderate,Moderate
Lucknow,2019-08-03,108.0,106.93421895995495,Moderate,Satisfactory
Amaravati,2019-04-30,58.0,59.051521958952804,Satisfactory,Satisfactory
Visakhapatnam,2019-11-04,307.0,268.61266738678484,Very Poor,Poor
Ahmedabad,2020-02-13,974.0,948.2931518759019,Severe,Severe
Lucknow,2017-01-01,350.0,336.9334318012854,Very Poor,Very Poor
Ahmedabad,2017-08-18,312.0,313.32503437319485,Very Poor,Very Poor
Ahmedabad,2017-09-11,300.0,304.3930813009233,Poor,Poor
Delhi,2017-10-27,345.0,334.759442878015,Very Poor,Very Poor
Kolkata,2019-06-21,54.0,74.38394422257406,Satisfactory,Satisfactory
Thiruvananthapuram,2017-12-08,84.0,86.3235642164133,Satisfactory,Satisfactory
Patna,2015-07-24,83.0,90.48402360796327,Satisfactory,Satisfactory
Mumbai,2018-02-24,135.0,135.48298139232307,Moderate,Moderate
Patna,2016-08-01,84.0,98.60870319765921,Satisfactory,Satisfactory
Mumbai,2016-06-13,48.0,47.77489144057765,Good,Good
Shillong,2019-10-05,49.0,54.708334296392444,Good,Satisfactory
Talcher,2019-12-18,169.0,167.29908601851076,Moderate,Moderate
Chennai,2017-07-23,77.0,92.92884799980563,Satisfactory,Satisfactory
Chennai,2016-09-05,172.0,102.7358378085639,Moderate,Moderate
Lucknow,2017-10-01,140.0,123.4997279624124,Moderate,Moderate
Bhopal,2020-01-20,107.0,119.03869191415171,Moderate,Moderate
Jorapokhar,2018-12-20,420.0,299.9160850586787,Severe,Moderate
Bengaluru,2015-04-04,101.0,131.3854696601827,Moderate,Moderate
Lucknow,2017-06-12,231.0,231.9351984034516,Poor,Poor
Talcher,2018-08-22,110.0,110.15584708538282,Moderate,Moderate
Chennai,2020-03-14,74.0,70.50011431098683,Satisfactory,Satisfactory
Amaravati,2020-04-01,69.0,69.51518685556522,Satisfactory,Satisfactory
Amritsar,2017-07-06,88.0,94.02139294586708,Satisfactory,Satisfactory
Chennai,2017-02-01,130.0,76.72029384148337,Moderate,Satisfactory
Patna,2016-03-29,139.0,182.80118480723223,Moderate,Moderate
Ahmedabad,2018-06-13,503.0,535.6600485145673,Severe,Severe
Chennai,2017-05-08,72.0,80.7117697388962,Satisfactory,Satisfactory
Lucknow,2019-02-22,258.0,283.6636340087484,Poor,Poor
Gurugram,2020-02-01,159.0,160.67699233362978,Moderate,Moderate
Mumbai,2016-01-13,147.0,147.67226551943156,Moderate,Moderate
Chennai,2019-04-26,75.0,80.92096062003684,Satisfactory,Satisfactory
Thiruvananthapuram,2019-05-02,76.0,81.84133855335021,Satisfactory,Satisfactory
Delhi,2019-02-22,191.0,154.234504426985,Moderate,Moderate
Delhi,2019-02-20,305.0,241.46296799083683,Very Poor,Poor
Coimbatore,2020-05-02,77.0,79.96688972524515,Satisfactory,Satisfactory
Bengaluru,2017-06-19,50.0,63.592326626942594,Good,Satisfactory
Amritsar,2019-11-08,54.0,100.82404781060603,Satisfactory,Moderate
Mumbai,2020-01-24,172.0,170.55114230719525,Moderate,Moderate
Lucknow,2016-03-19,215.0,171.06576003550472,Poor,Moderate
Chennai,2018-03-12,118.0,177.82790866248467,Moderate,Moderate
Hyderabad,2019-01-03,141.0,136.38349949465436,Moderate,Moderate
Brajrajnagar,2018-06-30,109.0,108.47014223043288,Moderate,Moderate
Patna,2018-04-18,202.0,220.6873276746159,Poor,Poor
Hyderabad,2015-11-16,130.0,138.32164485251718,Moderate,Moderate
Delhi,2017-09-12,106.0,108.00435033758562,Moderate,Moderate
Gurugram,2017-08-09,67.0,78.44811287266721,Satisfactory,Satisfactory
Mumbai,2016-06-14,48.0,47.77489144057765,Good,Good
Chennai,2015-09-15,77.0,95.43672982131237,Satisfactory,Satisfactory
Gurugram,2019-04-10,247.0,245.30331380959342,Poor,Poor
Lucknow,2018-03-26,151.0,161.98314495886513,Moderate,Moderate
Ahmedabad,2018-11-30,657.0,473.6551627650017,Severe,Severe
Hyderabad,2019-11-12,104.0,114.38546126616937,Moderate,Moderate
Gurugram,2017-04-03,240.0,288.59770411917145,Poor,Poor
Lucknow,2017-08-02,76.0,83.51154429038759,Satisfactory,Satisfactory
Delhi,2019-04-30,257.0,255.20362039716684,Poor,Poor
Amritsar,2018-05-02,161.0,154.5178591188345,Moderate,Moderate
Bengaluru,2018-05-05,144.0,95.74311632477506,Moderate,Satisfactory
Lucknow,2016-05-14,143.0,144.43651898917088,Moderate,Moderate
Ahmedabad,2019-04-13,395.0,653.1043197739114,Very Poor,Severe
Lucknow,2018-03-09,297.0,313.59999980333464,Poor,Very Poor
Bengaluru,2015-04-17,210.0,162.13511492744072,Poor,Moderate
Patna,2018-08-07,110.0,105.27476694411239,Moderate,Moderate
Kolkata,2020-03-21,117.0,115.92633634099255,Moderate,Moderate
Delhi,2018-01-11,318.0,338.94283984286585,Very Poor,Very Poor
Gurugram,2018-04-12,141.0,131.917415165562,Moderate,Moderate
Delhi,2019-09-03,131.0,131.5026345529987,Moderate,Moderate
Brajrajnagar,2018-10-01,90.0,94.49560253063412,Satisfactory,Satisfactory
Patna,2019-01-07,359.0,399.75947612205505,Very Poor,Severe
Ahmedabad,2019-05-31,360.0,550.5499677539033,Very Poor,Severe
Chandigarh,2020-03-12,49.0,62.7686856281559,Good,Satisfactory
Talcher,2020-03-21,131.0,137.69037461851804,Moderate,Moderate
Hyderabad,2018-10-15,100.0,109.33518188530135,Satisfactory,Moderate
Visakhapatnam,2017-11-05,82.0,82.77172412937506,Satisfactory,Satisfactory
Visakhapatnam,2020-01-07,100.0,94.54000172847302,Satisfactory,Satisfactory
Bhopal,2020-01-30,118.0,122.23527487649207,Moderate,Moderate
Thiruvananthapuram,2019-11-15,111.0,114.23518366211634,Moderate,Moderate
Delhi,2017-08-07,110.0,100.33797413853299,Moderate,Satisfactory
Kolkata,2019-06-27,62.0,54.17361679389108,Satisfactory,Satisfactory
Chennai,2018-09-16,97.0,96.57542667242234,Satisfactory,Moderate
Lucknow,2015-12-10,510.0,488.8857569500922,Severe,Severe
Delhi,2020-04-12,102.0,107.88154366928012,Moderate,Moderate
Delhi,2017-03-11,102.0,118.78284639527698,Moderate,Moderate
Ahmedabad,2019-02-23,253.0,339.00317045058773,Poor,Very Poor
Kolkata,2018-04-28,64.0,64.35965020543917,Satisfactory,Satisfactory
Gurugram,2016-04-17,192.0,207.00046667971296,Moderate,Moderate
Amritsar,2019-09-22,87.0,87.37878434723235,Satisfactory,Satisfactory
Lucknow,2019-04-03,291.0,271.8535376059615,Poor,Poor
Ahmedabad,2015-05-20,162.0,275.48500733209636,Moderate,Poor
Visakhapatnam,2019-04-10,100.0,89.65304412423319,Satisfactory,Satisfactory
Delhi,2018-01-09,373.0,369.85978707709415,Very Poor,Very Poor
Gurugram,2020-04-14,122.0,119.39172363044808,Moderate,Moderate
Brajrajnagar,2019-03-30,284.0,281.5225527786781,Poor,Poor
Talcher,2019-06-04,118.0,102.96555591553671,Moderate,Moderate
Jorapokhar,2018-09-24,140.0,61.111472771635206,Moderate,Satisfactory
Amaravati,2018-04-05,52.0,55.638816081868974,Satisfactory,Satisfactory
Brajrajnagar,2018-05-08,182.0,169.19342382657396,Moderate,Moderate
Chennai,2017-11-11,146.0,124.7202433052185,Moderate,Moderate
Talcher,2019-06-12,123.0,120.52928272738505,Moderate,Moderate
Shillong,2020-04-17,66.0,68.19267069687689,Satisfactory,Satisfactory
Visakhapatnam,2016-12-02,93.0,115.13817492302702,Satisfactory,Moderate
Patna,2020-03-10,232.0,261.1027663576006,Poor,Poor
Hyderabad,2015-02-10,108.0,108.07319270048906,Moderate,Moderate
Kolkata,2018-05-23,55.0,54.57087854405034,Satisfactory,Satisfactory
Amritsar,2018-02-07,130.0,135.4015194837686,Moderate,Moderate
Chandigarh,2020-05-09,74.0,67.35666238985398,Satisfactory,Satisfactory
Brajrajnagar,2020-06-18,95.0,98.19380984888791,Satisfactory,Satisfactory
Hyderabad,2016-07-20,155.0,61.9049205383488,Moderate,Satisfactory
Ernakulam,2020-03-05,104.0,97.24248335074584,Moderate,Satisfactory
Gurugram,2016-09-27,92.0,98.50631274312502,Satisfactory,Satisfactory
Bengaluru,2016-06-14,23.0,30.96332253100381,Good,Good
Amritsar,2018-11-02,137.0,135.3342337736833,Moderate,Moderate
Lucknow,2015-01-13,346.0,346.73509377202157,Very Poor,Very Poor
Hyderabad,2017-07-06,57.0,55.564538275965404,Satisfactory,Satisfactory
Patna,2017-10-04,77.0,88.63422782700796,Satisfactory,Satisfactory
Mumbai,2018-09-08,67.0,68.12581384121668,Satisfactory,Satisfactory
Amaravati,2018-05-11,52.0,49.82632912136898,Satisfactory,Good
Bengaluru,2015-06-28,160.0,122.96205371253187,Moderate,Moderate
Bengaluru,2018-03-30,118.0,121.56523169850257,Moderate,Moderate
Bengaluru,2019-03-23,119.0,113.75050414322516,Moderate,Moderate
Hyderabad,2016-02-19,100.0,100.15257963719412,Satisfactory,Moderate
Delhi,2019-07-27,85.0,88.49866302178583,Satisfactory,Satisfactory
Visakhapatnam,2019-10-08,114.0,113.00403742205215,Moderate,Moderate
Talcher,2020-05-30,95.0,92.74129673577056,Satisfactory,Satisfactory
Brajrajnagar,2019-02-18,143.0,147.99028860115857,Moderate,Moderate
Amritsar,2020-02-12,133.0,136.73151747727525,Moderate,Moderate
Jorapokhar,2018-12-13,470.0,455.1913040675398,Severe,Severe
Ahmedabad,2015-07-28,157.0,151.59217416330893,Moderate,Moderate
Visakhapatnam,2019-06-28,100.0,102.59528098878243,Satisfactory,Moderate
Chennai,2015-07-26,92.0,103.84780233368174,Satisfactory,Moderate
Talcher,2018-06-09,98.0,97.81025345125565,Satisfactory,Satisfactory
Hyderabad,2020-06-26,52.0,54.59354723689539,Satisfactory,Satisfactory
Amaravati,2019-03-22,56.0,58.60376666011173,Satisfactory,Satisfactory
Gurugram,2019-07-27,72.0,57.702917613284434,Satisfactory,Satisfactory
Amaravati,2019-03-04,54.0,55.590238858507355,Satisfactory,Satisfactory
Jorapokhar,2017-04-26,211.0,208.83464224833318,Poor,Moderate
Chennai,2019-05-29,137.0,134.96029290144327,Moderate,Moderate
Talcher,2019-12-12,270.0,202.41292741018526,Poor,Poor
Hyderabad,2018-02-05,111.0,108.02441563687042,Moderate,Moderate
Guwahati,2019-10-24,174.0,131.91332309728267,Moderate,Moderate
Mumbai,2019-07-25,56.0,51.07749682433284,Satisfactory,Satisfactory
Mumbai,2015-10-03,72.0,75.18396276671906,Satisfactory,Satisfactory
Patna,2020-03-09,182.0,155.25126378704107,Moderate,Moderate
Gurugram,2017-03-24,292.0,256.1595879899815,Poor,Poor
Talcher,2020-01-08,358.0,315.9858486236019,Very Poor,Very Poor
Amaravati,2019-12-12,72.0,78.18081470335329,Satisfactory,Satisfactory
Chennai,2015-01-17,95.0,98.5202624117437,Satisfactory,Satisfactory
Hyderabad,2015-10-01,340.0,269.08457174516786,Very Poor,Poor
Coimbatore,2019-11-11,83.0,69.008588572684,Satisfactory,Satisfactory
Mumbai,2017-05-17,59.0,59.9847879170474,Satisfactory,Satisfactory
Gurugram,2019-01-25,161.0,174.70907944302596,Moderate,Poor
Lucknow,2017-06-15,112.0,118.35177529489656,Moderate,Moderate
Amaravati,2020-01-16,108.0,123.58866375091819,Moderate,Moderate
Thiruvananthapuram,2018-05-13,54.0,56.0322528413187,Satisfactory,Satisfactory
Amaravati,2019-06-27,70.0,59.31128622493721,Satisfactory,Satisfactory
Delhi,2017-11-03,310.0,326.4034049157202,Very Poor,Very Poor
Coimbatore,2019-09-06,96.0,92.91912794138534,Satisfactory,Satisfactory
Patna,2016-03-18,314.0,304.3004397811012,Very Poor,Poor
Amaravati,2018-07-11,62.0,72.83467294386851,Satisfactory,Satisfactory
Jorapokhar,2019-05-29,106.0,100.71642577892953,Moderate,Moderate
Hyderabad,2015-03-23,103.0,103.06360530294647,Moderate,Moderate
Talcher,2019-07-16,149.0,144.4228591773544,Moderate,Moderate
Gurugram,2018-05-29,323.0,308.6979613627084,Very Poor,Very Poor
Ahmedabad,2019-10-18,1124.0,926.4416666666666,Severe,Severe
Amaravati,2018-05-20,81.0,85.4226109242452,Satisfactory,Satisfactory
Delhi,2017-02-03,438.0,397.9703155281869,Severe,Very Poor
Jorapokhar,2018-02-03,178.0,227.80465012109494,Moderate,Moderate
Brajrajnagar,2019-09-17,103.0,102.6398459907847,Moderate,Moderate
Hyderabad,2016-02-05,174.0,122.49494743025963,Moderate,Moderate
Mumbai,2019-01-21,160.0,154.87734063775633,Moderate,Moderate
Gurugram,2017-03-31,186.0,213.4730951994751,Moderate,Poor
Lucknow,2018-12-01,361.0,347.43055863487984,Very Poor,Very Poor
Patna,2016-04-19,165.0,147.32369757101412,Moderate,Moderate
Ahmedabad,2019-06-29,640.0,661.6576930167943,Severe,Severe
Jaipur,2018-01-25,163.0,182.1080014630619,Moderate,Moderate
Jaipur,2019-08-08,67.0,64.83496332856392,Satisfactory,Satisfactory
Hyderabad,2016-06-21,105.0,97.46547388168588,Moderate,Moderate
Amaravati,2018-11-29,97.0,146.275030973417,Satisfactory,Moderate
Bengaluru,2017-10-20,177.0,141.97476164788944,Moderate,Moderate
Gurugram,2019-12-03,265.0,240.67037852776238,Poor,Poor
Delhi,2017-08-27,96.0,95.06459160883581,Satisfactory,Satisfactory
Hyderabad,2019-05-19,134.0,123.41670105964963,Moderate,Moderate
Gurugram,2015-12-13,338.0,336.6396412814414,Very Poor,Very Poor
Brajrajnagar,2018-08-14,54.0,63.92898244512585,Satisfactory,Satisfactory
Jaipur,2020-03-08,92.0,85.43160105556728,Satisfactory,Satisfactory
Kolkata,2019-04-13,73.0,74.3551567309833,Satisfactory,Satisfactory
Chennai,2015-02-18,198.0,179.43387618745626,Moderate,Moderate
Coimbatore,2019-11-27,66.0,71.92005865922111,Satisfactory,Satisfactory
Coimbatore,2019-11-23,68.0,68.87241626222928,Satisfactory,Satisfactory
Jorapokhar,2020-06-29,135.0,115.17720957665053,Moderate,Moderate
Jaipur,2018-12-28,212.0,198.34041794702094,Poor,Moderate
Jaipur,2019-08-24,66.0,72.37099155727182,Satisfactory,Satisfactory
Lucknow,2018-09-26,93.0,99.8511388791396,Satisfactory,Moderate
Jaipur,2018-03-07,103.0,97.12458787565387,Moderate,Satisfactory
Bengaluru,2017-01-08,95.0,109.1960074170856,Satisfactory,Moderate
Thiruvananthapuram,2019-02-18,80.0,79.8793953832834,Satisfactory,Satisfactory
Amritsar,2017-04-05,60.0,70.77538569585072,Satisfactory,Satisfactory
Jaipur,2019-10-16,136.0,130.94821277525293,Moderate,Moderate
Gurugram,2016-11-08,304.0,417.0396121528897,Very Poor,Severe
Mumbai,2018-12-20,135.0,148.079761850929,Moderate,Moderate
Lucknow,2020-06-22,64.0,77.84640265057247,Satisfactory,Satisfactory
Gurugram,2018-09-30,211.0,232.74489101202963,Poor,Poor
Thiruvananthapuram,2020-06-21,42.0,44.65128474940342,Good,Good
Chennai,2015-05-23,166.0,207.20370482409234,Moderate,Poor
Hyderabad,2016-04-29,99.0,93.7430673673653,Satisfactory,Satisfactory
Bengaluru,2019-12-23,92.0,92.03866260780057,Satisfactory,Satisfactory
Lucknow,2017-03-04,214.0,208.03774737328385,Poor,Poor
Jorapokhar,2020-04-21,103.0,98.31777007629672,Moderate,Moderate
Visakhapatnam,2020-04-15,66.0,73.38903960032101,Satisfactory,Satisfactory
Amaravati,2018-02-20,97.0,94.12835836688912,Satisfactory,Satisfactory
Visakhapatnam,2018-02-05,162.0,161.27820401223948,Moderate,Moderate
Mumbai,2017-07-02,53.0,53.56552562042305,Satisfactory,Satisfactory
Delhi,2017-04-25,254.0,258.3130735793658,Poor,Poor
Visakhapatnam,2018-04-11,85.0,80.19541488298616,Satisfactory,Satisfactory
Hyderabad,2015-07-09,91.0,84.41162447322884,Satisfactory,Satisfactory
Ahmedabad,2015-09-09,290.0,312.6882427293763,Poor,Very Poor
Chennai,2016-04-06,151.0,147.13586502611741,Moderate,Moderate
Ahmedabad,2016-09-10,226.0,225.54756906009345,Poor,Poor
Mumbai,2016-05-31,59.0,59.9292717301867,Satisfactory,Satisfactory
Thiruvananthapuram,2020-04-08,61.0,57.04290187735517,Satisfactory,Satisfactory
Jorapokhar,2017-08-05,76.0,73.08088060753055,Satisfactory,Satisfactory
Jaipur,2018-01-11,211.0,214.63793531792456,Poor,Poor
Hyderabad,2017-04-27,171.0,156.70025087283832,Moderate,Moderate
Hyderabad,2019-03-07,143.0,143.93179368176752,Moderate,Moderate
Thiruvananthapuram,2019-05-14,59.0,60.83301961612769,Satisfactory,Satisfactory
Bengaluru,2020-05-31,61.0,68.34007988601586,Satisfactory,Satisfactory
Chennai,2015-12-21,103.0,130.82813510070574,Moderate,Moderate
Visakhapatnam,2020-02-20,77.0,88.57622035156498,Satisfactory,Satisfactory
Visakhapatnam,2018-03-24,116.0,116.30771573482293,Moderate,Moderate
Chennai,2015-03-06,214.0,200.45346701829396,Poor,Moderate
Thiruvananthapuram,2019-05-09,66.0,72.28262220565591,Satisfactory,Satisfactory
Delhi,2015-04-23,365.0,336.24925396809044,Very Poor,Very Poor
Bengaluru,2018-01-14,118.0,105.6483353145911,Moderate,Moderate
Gurugram,2020-02-14,128.0,155.4418867547294,Moderate,Moderate
Ahmedabad,2019-01-14,407.0,423.195509612395,Severe,Poor
Visakhapatnam,2017-08-27,91.0,89.75475951298114,Satisfactory,Satisfactory
Mumbai,2017-02-19,135.0,135.18704513841558,Moderate,Moderate
Chennai,2018-03-20,108.0,112.95512087894576,Moderate,Moderate
Gurugram,2017-10-06,185.0,180.09378198207608,Moderate,Moderate
Jaipur,2019-02-07,130.0,138.19077252152832,Moderate,Moderate
Gurugram,2016-04-30,332.0,337.0664026602137,Very Poor,Very Poor
Ahmedabad,2019-09-10,468.0,414.1409424832218,Severe,Severe
Kolkata,2018-05-08,55.0,54.57087854405034,Satisfactory,Satisfactory
Amritsar,2019-09-07,70.0,65.05949879394652,Satisfactory,Satisfactory
Ahmedabad,2016-04-10,180.0,181.21538505929323,Moderate,Moderate
Lucknow,2015-09-17,145.0,148.30740526962455,Moderate,Moderate
Kolkata,2018-09-07,58.0,61.6800107338009,Satisfactory,Satisfactory
Delhi,2019-10-01,98.0,82.90124325816859,Satisfactory,Satisfactory
Ahmedabad,2016-12-09,259.0,261.0796623940932,Poor,Poor
Chennai,2015-02-24,85.0,86.4686580466757,Satisfactory,Satisfactory
Chennai,2017-12-06,70.0,72.73899833486867,Satisfactory,Satisfactory
Patna,2018-10-12,109.0,122.47350517170034,Moderate,Moderate
Brajrajnagar,2020-06-01,185.0,142.52192870456014,Moderate,Moderate
Ahmedabad,2018-06-10,345.0,339.2914471658363,Very Poor,Very Poor
Hyderabad,2016-11-16,140.0,123.74247378830607,Moderate,Moderate
Bengaluru,2016-02-27,88.0,101.66598152050595,Satisfactory,Moderate
Mumbai,2019-09-20,73.0,68.4088117719079,Satisfactory,Satisfactory
Bengaluru,2019-11-29,75.0,77.66903761059629,Satisfactory,Satisfactory
Brajrajnagar,2018-01-30,217.0,217.84764886351905,Poor,Poor
Thiruvananthapuram,2019-01-29,100.0,93.50661051787561,Satisfactory,Satisfactory
Hyderabad,2019-09-15,61.0,47.226385231994264,Satisfactory,Good
Thiruvananthapuram,2019-09-10,48.0,51.87010175757895,Good,Satisfactory
Patna,2017-06-15,78.0,79.38371843121735,Satisfactory,Satisfactory
Gurugram,2019-09-16,91.0,95.3538977392659,Satisfactory,Satisfactory
Amaravati,2019-01-30,111.0,98.20213693155698,Moderate,Moderate
Mumbai,2016-03-10,106.0,106.18021398589495,Moderate,Moderate
Mumbai,2019-12-07,154.0,157.60214972840913,Moderate,Moderate
Gurugram,2020-03-17,181.0,167.72747170649646,Moderate,Moderate
Visakhapatnam,2019-09-07,56.0,63.34230531481839,Satisfactory,Satisfactory
Mumbai,2017-04-26,72.0,70.88646738238639,Satisfactory,Satisfactory
Jorapokhar,2020-06-20,110.0,103.26374766091502,Moderate,Moderate
Delhi,2020-01-18,262.0,287.8366284401816,Poor,Poor
Mumbai,2020-03-21,82.0,77.76540963044066,Satisfactory,Satisfactory
Jorapokhar,2018-03-19,136.0,150.01984866338114,Moderate,Moderate
Bengaluru,2017-12-07,96.0,117.66201912968673,Satisfactory,Moderate
Patna,2016-12-19,359.0,398.7952081908105,Very Poor,Very Poor
Bhopal,2019-10-18,159.0,154.1284779863327,Moderate,Moderate
Jorapokhar,2018-04-19,129.0,122.72371381382806,Moderate,Moderate
Hyderabad,2017-06-24,63.0,62.120919148918226,Satisfactory,Satisfactory
Amaravati,2019-12-07,174.0,137.3968752970884,Moderate,Moderate
Chennai,2017-11-27,87.0,98.17953810938096,Satisfactory,Satisfactory
Patna,2017-04-04,299.0,208.94636973289116,Poor,Moderate
Ernakulam,2020-06-09,110.0,109.30459860962792,Moderate,Moderate
Amritsar,2019-04-01,87.0,90.40900648838934,Satisfactory,Satisfactory
Patna,2020-04-12,160.0,146.29969474069415,Moderate,Moderate
Ernakulam,2020-02-08,96.0,92.9001521411608,Satisfactory,Satisfactory
Amritsar,2020-01-12,87.0,84.70897832340965,Satisfactory,Satisfactory
Lucknow,2017-07-30,78.0,127.57658143281917,Satisfactory,Moderate
Ahmedabad,2016-11-14,374.0,374.73214925397826,Very Poor,Very Poor
Lucknow,2017-09-06,84.0,84.66798397203081,Satisfactory,Satisfactory
Gurugram,2016-11-22,344.0,311.7553179339089,Very Poor,Very Poor
Jaipur,2019-10-18,123.0,117.88644032162775,Moderate,Moderate
Ahmedabad,2018-07-15,422.0,414.4009508525484,Severe,Severe
Visakhapatnam,2017-04-02,106.0,110.42313951152046,Moderate,Moderate
Gurugram,2018-06-28,135.0,126.24629929928878,Moderate,Moderate
Shillong,2019-12-27,34.0,37.0946157679202,Good,Good
Thiruvananthapuram,2017-09-06,52.0,56.97155319452986,Satisfactory,Satisfactory
Jorapokhar,2020-02-03,117.0,129.38930190990422,Moderate,Moderate
Brajrajnagar,2018-04-19,160.0,172.82392597069497,Moderate,Moderate
Coimbatore,2020-05-09,70.0,69.60732997347868,Satisfactory,Satisfactory
Bengaluru,2020-02-23,81.0,83.1637568855158,Satisfactory,Satisfactory
Lucknow,2015-10-15,240.0,185.70364650665084,Poor,Moderate
Visakhapatnam,2019-12-03,132.0,133.26049174472678,Moderate,Moderate
Jorapokhar,2019-07-21,80.0,91.60687835661274,Satisfactory,Satisfactory
Jorapokhar,2020-03-10,122.0,126.33034363815142,Moderate,Moderate
Jorapokhar,2018-06-30,107.0,106.51293551657731,Moderate,Moderate
Thiruvananthapuram,2019-07-13,45.0,60.886160329531364,Good,Satisfactory
Patna,2017-01-09,396.0,400.4553263607958,Very Poor,Severe
Mumbai,2015-01-19,147.0,147.67226551943156,Moderate,Moderate
Visakhapatnam,2019-10-03,117.0,136.01206896697445,Moderate,Moderate
Mumbai,2017-08-19,54.0,53.86706800226065,Satisfactory,Satisfactory
Delhi,2016-03-23,189.0,185.8894753251377,Moderate,Moderate
Talcher,2018-06-05,125.0,127.91187025220817,Moderate,Moderate
Bengaluru,2018-03-26,100.0,96.59761323736295,Satisfactory,Satisfactory
Thiruvananthapuram,2020-05-04,55.0,56.81754871316656,Satisfactory,Satisfactory
Delhi,2019-07-02,202.0,193.23420149416964,Poor,Moderate
Chennai,2016-08-05,131.0,120.08133837150217,Moderate,Moderate
Hyderabad,2015-12-08,147.0,149.24051997237794,Moderate,Moderate
Gurugram,2019-05-31,300.0,274.1853718657537,Poor,Poor
Hyderabad,2020-04-16,70.0,72.62846559848437,Satisfactory,Satisfactory
Ahmedabad,2018-10-15,427.0,518.4465474903459,Severe,Severe
Mumbai,2015-06-07,48.0,47.78058066363529,Good,Good
Amaravati,2018-10-09,142.0,143.821925551632,Moderate,Moderate
Lucknow,2020-02-05,278.0,296.49191516764154,Poor,Very Poor
Delhi,2019-03-05,173.0,163.53610426701397,Moderate,Moderate
Jaipur,2019-08-31,69.0,69.39668006509702,Satisfactory,Satisfactory
Patna,2017-05-30,97.0,98.62065714943289,Satisfactory,Satisfactory
Mumbai,2016-11-22,128.0,129.33002189897138,Moderate,Moderate
Patna,2017-05-14,97.0,99.16177622035879,Satisfactory,Satisfactory
Visakhapatnam,2018-05-23,60.0,65.8702691393791,Satisfactory,Satisfactory
Gurugram,2018-12-18,230.0,226.73888632953327,Poor,Poor
Jorapokhar,2018-11-28,379.0,370.8870931164136,Very Poor,Severe
Hyderabad,2017-12-01,139.0,137.03780615128258,Moderate,Moderate
Gurugram,2018-04-15,261.0,265.12552269589725,Poor,Poor
Delhi,2019-05-18,176.0,159.79765435522975,Moderate,Moderate
Brajrajnagar,2020-04-14,174.0,187.10189487018633,Moderate,Moderate
Delhi,2018-01-07,384.0,369.96628610212946,Very Poor,Very Poor
Bengaluru,2018-05-16,61.0,68.1312892544473,Satisfactory,Satisfactory
Patna,2016-04-20,194.0,191.96960515300253,Moderate,Moderate
Hyderabad,2016-11-29,113.0,105.27238741465129,Moderate,Moderate
Talcher,2018-10-27,135.0,160.05666077596942,Moderate,Moderate
Ahmedabad,2016-03-07,272.0,270.730912870218,Poor,Poor
Talcher,2018-02-06,241.0,241.07778252346617,Poor,Poor
Jaipur,2020-01-20,136.0,126.06065929971177,Moderate,Moderate
Gurugram,2017-08-12,59.0,76.59925230179705,Satisfactory,Satisfactory
Amaravati,2019-08-15,51.0,60.39307789797315,Satisfactory,Satisfactory
Chennai,2019-12-05,93.0,94.22836804433578,Satisfactory,Moderate
Talcher,2018-10-11,87.0,75.05020620115343,Satisfactory,Satisfactory
Bengaluru,2019-06-03,98.0,90.86517087967285,Satisfactory,Satisfactory
Hyderabad,2015-05-21,158.0,142.7942258040434,Moderate,Moderate
Ahmedabad,2020-02-10,223.0,240.7745326978119,Poor,Poor
Visakhapatnam,2018-09-10,129.0,129.37176923164915,Moderate,Moderate
Visakhapatnam,2017-03-26,96.0,99.38056729004356,Satisfactory,Moderate
Ahmedabad,2015-05-05,227.0,231.64078934612297,Poor,Poor
Ahmedabad,2016-03-27,272.0,270.730912870218,Poor,Poor
Jaipur,2018-10-29,212.0,203.5722538227085,Poor,Poor
Ahmedabad,2019-05-26,558.0,468.2441342441479,Severe,Severe
Kolkata,2019-07-12,66.0,64.92268462145746,Satisfactory,Satisfactory
Patna,2017-02-06,443.0,434.89888553128026,Severe,Severe
Mumbai,2017-04-21,72.0,70.88646738238639,Satisfactory,Satisfactory
Delhi,2015-06-02,297.0,261.75747521183695,Poor,Poor
Hyderabad,2020-02-13,122.0,115.3286759277796,Moderate,Moderate
Guwahati,2019-03-06,148.0,123.41104237557747,Moderate,Moderate
Hyderabad,2019-01-26,73.0,85.41696233593073,Satisfactory,Satisfactory
Hyderabad,2017-05-08,131.0,97.37485017060173,Moderate,Satisfactory
Hyderabad,2016-08-26,45.0,47.07625813773875,Good,Good
Gurugram,2020-06-12,147.0,143.96228682813557,Moderate,Moderate
Patna,2015-12-26,379.0,380.4698175753712,Very Poor,Very Poor
Guwahati,2020-03-12,226.0,219.34061836176127,Poor,Poor
Jaipur,2017-08-03,106.0,98.39725611649345,Moderate,Satisfactory
Brajrajnagar,2018-10-20,128.0,124.49875485296097,Moderate,Moderate
Hyderabad,2019-07-02,36.0,45.103791459017515,Good,Good
Lucknow,2019-11-10,265.0,266.78580754776107,Poor,Poor
Hyderabad,2017-03-10,113.0,109.36538234537873,Moderate,Moderate
Delhi,2017-03-30,234.0,214.3471782164183,Poor,Poor
Mumbai,2019-01-31,151.0,145.9781549748821,Moderate,Moderate
Hyderabad,2019-02-25,100.0,114.28591478906266,Satisfactory,Moderate
Patna,2016-02-19,222.0,246.41513100208056,Poor,Poor
Brajrajnagar,2019-10-04,98.0,113.96755843829973,Satisfactory,Moderate
Aizawl,2020-05-22,22.0,22.570324883672033,Good,Good
Thiruvananthapuram,2020-02-23,89.0,86.47911717301493,Satisfactory,Satisfactory
Chennai,2016-01-20,200.0,131.07840496560772,Moderate,Moderate
Hyderabad,2020-04-24,63.0,55.74779330565245,Satisfactory,Satisfactory
Patna,2017-04-14,110.0,169.98612846282512,Moderate,Moderate
Hyderabad,2017-01-07,137.0,136.61185980247697,Moderate,Moderate
Ahmedabad,2015-06-20,179.0,188.05579026567136,Moderate,Moderate
Gurugram,2016-05-23,212.0,209.27956589183555,Poor,Poor
Delhi,2016-05-07,229.0,192.0232670403076,Poor,Moderate
Lucknow,2019-07-22,81.0,88.09922549330818,Satisfactory,Satisfactory
Aizawl,2020-05-31,19.0,19.875996930778122,Good,Good
Delhi,2015-08-22,207.0,177.2742184970224,Poor,Moderate
Chennai,2018-07-02,150.0,177.83611092551578,Moderate,Moderate
Chennai,2019-09-04,146.0,93.33269198438467,Moderate,Satisfactory
Gurugram,2018-02-09,345.0,353.351734552103,Very Poor,Very Poor
Brajrajnagar,2020-05-08,93.0,99.83232895889407,Satisfactory,Moderate
Mumbai,2019-01-28,112.0,119.13690044219001,Moderate,Moderate
Brajrajnagar,2019-04-19,117.0,130.65402289930879,Moderate,Moderate
Talcher,2018-03-23,206.0,275.26986666155085,Poor,Poor
Lucknow,2019-11-02,428.0,429.4889961110046,Severe,Severe
Thiruvananthapuram,2018-01-26,92.0,117.89764743660744,Satisfactory,Moderate
Chennai,2018-01-10,96.0,127.26891688763733,Satisfactory,Moderate
Lucknow,2015-10-28,345.0,341.9788903763211,Very Poor,Very Poor
Bengaluru,2020-02-14,111.0,103.89899664879609,Moderate,Moderate
Hyderabad,2020-01-26,131.0,132.07938612342275,Moderate,Moderate
Gurugram,2016-04-11,186.0,189.06392395612485,Moderate,Moderate
Talcher,2020-04-15,143.0,145.731596063362,Moderate,Moderate
Thiruvananthapuram,2019-06-13,37.0,41.92199311159204,Good,Good
Amritsar,2018-05-09,100.0,105.06017080062786,Satisfactory,Moderate
Kochi,2020-06-10,93.0,95.79307034934295,Satisfactory,Satisfactory
Coimbatore,2020-05-20,48.0,55.52360964984525,Good,Good
Jorapokhar,2019-07-06,86.0,85.19033272816174,Satisfactory,Satisfactory
Gurugram,2016-05-05,280.0,252.95655119659114,Poor,Poor
Kolkata,2018-05-25,55.0,54.57087854405034,Satisfactory,Satisfactory
Mumbai,2019-10-01,50.0,46.515430855699286,Good,Good
Jaipur,2019-05-12,206.0,198.40270610901567,Poor,Moderate
Ahmedabad,2015-01-04,154.0,199.02038543530364,Moderate,Moderate
Gurugram,2020-01-20,175.0,195.40895836956443,Moderate,Moderate
Ahmedabad,2019-06-21,348.0,510.7149530801673,Very Poor,Severe
Talcher,2020-03-26,130.0,145.09028037576084,Moderate,Moderate
Hyderabad,2019-07-29,42.0,43.52381042129763,Good,Good
Patna,2018-03-30,303.0,284.09238294583315,Very Poor,Poor
Jaipur,2018-01-22,171.0,165.32401917560838,Moderate,Moderate
Patna,2017-03-04,241.0,316.36284603517436,Poor,Very Poor
Hyderabad,2018-12-30,139.0,136.0914014345687,Moderate,Moderate
Amritsar,2018-01-13,237.0,247.43583534934987,Poor,Poor
Jaipur,2019-08-18,55.0,54.88714767959208,Satisfactory,Satisfactory
Ahmedabad,2016-04-11,180.0,181.2545742484824,Moderate,Moderate
Jaipur,2018-05-02,168.0,165.61102215300593,Moderate,Moderate
Guwahati,2019-10-27,45.0,124.90690168860539,Good,Moderate
Guwahati,2019-02-25,308.0,276.4010828229671,Very Poor,Poor
Delhi,2015-12-19,270.0,314.73421025953047,Poor,Very Poor
Mumbai,2019-11-19,184.0,186.13134021974517,Moderate,Moderate
Delhi,2018-09-11,91.0,86.55191895709983,Satisfactory,Satisfactory
Gurugram,2018-11-06,379.0,338.93925415061307,Very Poor,Very Poor
Bengaluru,2015-02-14,97.0,95.58087093590365,Satisfactory,Satisfactory
Jaipur,2020-04-06,79.0,83.87660316529735,Satisfactory,Satisfactory
Bengaluru,2020-03-19,91.0,84.59151566273658,Satisfactory,Satisfactory
Chennai,2019-12-20,106.0,108.96351025640037,Moderate,Moderate
Hyderabad,2020-04-13,68.0,66.7389620296088,Satisfactory,Satisfactory
